payment_id,customer_id,payment_amount,failure_type,retry_count,successful_payments,failed_payments,customer_age_days,days_since_failure,payment_method,previous_recovery_rate,recovered
pay_00001,cust_0457,206.5,authentication_failed,0,0,1,253,1.24,upi,0.0,1
pay_00002,cust_2466,599.22,invalid_card,2,0,2,744,2.17,netbanking,0.0,0
pay_00003,cust_1139,245.64,expired_card,2,1,7,579,0.71,upi,0.125,0
pay_00004,cust_1551,2256.65,authentication_failed,0,1,3,821,1.52,card,0.25,1
pay_00005,cust_0327,1759.87,bank_timeout,2,6,4,748,4.69,upi,0.6,1
pay_00006,cust_0293,4143.65,expired_card,1,10,0,264,4.13,netbanking,1.0,0
pay_00007,cust_1293,2825.36,bank_timeout,3,12,7,176,1.4,netbanking,0.632,0
pay_00008,cust_1011,5998.61,expired_card,1,16,7,123,3.8,card,0.696,0
pay_00009,cust_0450,7174.27,invalid_card,3,16,4,596,4.32,netbanking,0.8,0
pay_00010,cust_0048,2768.69,insufficient_funds,3,5,7,33,4.77,upi,0.417,0
pay_00011,cust_1079,2014.86,authentication_failed,1,4,5,810,0.89,netbanking,0.444,0
pay_00012,cust_2173,1976.72,expired_card,0,7,1,117,3.69,card,0.875,1
pay_00013,cust_0284,765.82,expired_card,3,6,8,803,3.68,netbanking,0.429,0
pay_00014,cust_0824,5613.57,insufficient_funds,1,2,5,51,2.98,card,0.286,0
pay_00015,cust_0943,375.53,insufficient_funds,0,16,3,315,3.38,upi,0.842,1
pay_00016,cust_0878,860.95,invalid_card,1,3,1,704,2.21,upi,0.75,0
pay_00017,cust_1735,322.33,insufficient_funds,2,3,3,226,1.03,upi,0.5,1
pay_00018,cust_1838,241.05,invalid_card,0,1,8,886,0.17,netbanking,0.111,0
pay_00019,cust_0383,923.5,invalid_card,1,12,0,429,1.4,card,1.0,1
pay_00020,cust_1864,8482.75,bank_timeout,2,6,0,623,3.71,card,1.0,0
pay_00021,cust_0250,528.53,insufficient_funds,0,5,1,639,0.43,netbanking,0.833,1
pay_00022,cust_0964,320.13,authentication_failed,3,18,8,353,4.68,card,0.692,0
pay_00023,cust_0837,1530.96,invalid_card,0,0,7,666,4.99,upi,0.0,0
pay_00024,cust_0410,220.98,bank_timeout,2,5,7,883,2.76,upi,0.417,1
pay_00025,cust_1240,2307.3,insufficient_funds,2,3,1,790,2.81,card,0.75,1
pay_00026,cust_1116,1685.42,authentication_failed,2,1,1,679,2.18,upi,0.5,0
pay_00027,cust_1134,666.44,invalid_card,3,17,0,144,0.47,netbanking,1.0,0
pay_00028,cust_0611,916.46,insufficient_funds,2,1,5,245,3.44,upi,0.167,0
pay_00029,cust_0422,779.38,bank_timeout,1,13,0,213,3.71,card,1.0,1
pay_00030,cust_1361,705.44,expired_card,0,12,0,909,2.41,card,1.0,1
pay_00031,cust_0818,729.69,bank_timeout,1,12,5,315,4.34,card,0.706,1
pay_00032,cust_1144,2358.36,insufficient_funds,2,5,4,69,0.63,card,0.556,1
pay_00033,cust_1780,302.71,invalid_card,1,8,0,755,2.24,netbanking,1.0,0
pay_00034,cust_2130,768.69,expired_card,0,10,5,709,4.26,upi,0.667,1
pay_00035,cust_1231,832.78,bank_timeout,3,5,4,445,2.78,upi,0.556,1
pay_00036,cust_0002,2570.73,invalid_card,3,6,8,514,3.99,upi,0.429,0
pay_00037,cust_0696,396.66,bank_timeout,2,7,3,180,0.22,netbanking,0.7,0
pay_00038,cust_1003,805.03,invalid_card,3,7,2,701,3.47,upi,0.778,0
pay_00039,cust_0437,7870.69,insufficient_funds,1,3,7,166,4.03,netbanking,0.3,0
pay_00040,cust_2176,9239.09,authentication_failed,1,15,7,295,3.78,upi,0.682,0
pay_00041,cust_1136,428.74,expired_card,2,10,5,944,2.75,card,0.667,1
pay_00042,cust_0567,4497.46,invalid_card,3,13,0,241,4.18,upi,1.0,0
pay_00043,cust_1596,8996.27,invalid_card,2,9,6,903,4.47,card,0.6,0
pay_00044,cust_1717,9283.78,bank_timeout,3,15,0,428,1.75,upi,1.0,1
pay_00045,cust_1657,416.25,invalid_card,0,2,6,168,4.35,netbanking,0.25,0
pay_00046,cust_0745,5287.59,expired_card,2,2,7,49,3.77,upi,0.222,0
pay_00047,cust_0214,498.97,insufficient_funds,1,0,2,274,0.72,card,0.0,0
pay_00048,cust_0469,608.76,authentication_failed,0,5,4,140,2.94,netbanking,0.556,0
pay_00049,cust_1278,953.11,insufficient_funds,1,3,4,900,3.45,netbanking,0.429,0
pay_00050,cust_0496,1082.1,insufficient_funds,2,0,6,872,2.5,netbanking,0.0,0
pay_00051,cust_1776,7950.45,bank_timeout,2,19,8,823,2.47,netbanking,0.704,0
pay_00052,cust_1785,446.72,expired_card,1,14,6,374,0.24,upi,0.7,1
pay_00053,cust_1332,2594.87,authentication_failed,1,2,3,767,2.09,card,0.4,1
pay_00054,cust_2275,426.45,insufficient_funds,1,12,3,343,3.35,upi,0.8,1
pay_00055,cust_1512,1850.58,expired_card,3,8,4,287,1.23,netbanking,0.667,1
pay_00056,cust_0789,870.7,bank_timeout,3,8,8,641,1.49,netbanking,0.5,1
pay_00057,cust_0412,647.83,expired_card,0,17,4,744,4.73,card,0.81,1
pay_00058,cust_2011,1568.39,bank_timeout,2,15,1,871,0.42,card,0.938,1
pay_00059,cust_2015,1107.16,insufficient_funds,0,17,6,650,3.02,card,0.739,1
pay_00060,cust_0925,5081.17,expired_card,0,19,1,1000,3.84,netbanking,0.95,1
pay_00061,cust_0865,540.51,insufficient_funds,3,19,7,328,0.26,upi,0.731,0
pay_00062,cust_1181,1907.61,authentication_failed,1,13,1,587,1.2,netbanking,0.929,1
pay_00063,cust_0611,1142.75,authentication_failed,2,14,1,509,3.47,netbanking,0.933,1
pay_00064,cust_1649,481.8,invalid_card,2,19,4,56,0.55,netbanking,0.826,1
pay_00065,cust_2357,375.14,bank_timeout,3,8,2,629,2.24,upi,0.8,0
pay_00066,cust_2015,489.72,bank_timeout,3,15,4,708,4.73,upi,0.789,1
pay_00067,cust_2254,3811.34,authentication_failed,3,13,0,222,2.64,card,1.0,0
pay_00068,cust_2042,1406.91,invalid_card,3,3,0,675,3.08,netbanking,1.0,0
pay_00069,cust_0981,655.06,insufficient_funds,0,20,2,540,4.67,upi,0.909,1
pay_00070,cust_1196,636.44,invalid_card,1,12,3,973,3.04,netbanking,0.8,1
pay_00071,cust_0560,2579.22,insufficient_funds,2,18,7,916,0.83,upi,0.72,1
pay_00072,cust_2207,2524.98,bank_timeout,1,18,6,269,4.29,netbanking,0.75,1
pay_00073,cust_1683,8679.05,bank_timeout,0,4,8,634,1.73,upi,0.333,1
pay_00074,cust_0412,719.71,invalid_card,1,2,7,830,4.85,netbanking,0.222,0
pay_00075,cust_1387,5299.63,expired_card,3,17,0,662,0.44,netbanking,1.0,1
pay_00076,cust_1178,498.23,invalid_card,2,0,0,362,4.0,card,0.0,0
pay_00077,cust_1202,714.91,bank_timeout,0,19,6,664,3.45,card,0.76,1
pay_00078,cust_2039,1921.84,insufficient_funds,2,17,2,105,2.26,upi,0.895,1
pay_00079,cust_1416,7831.5,expired_card,3,15,1,272,1.97,card,0.938,0
pay_00080,cust_1471,9844.63,expired_card,0,19,7,882,4.53,card,0.731,0
pay_00081,cust_1173,614.83,authentication_failed,1,20,1,955,3.17,upi,0.952,0
pay_00082,cust_0162,291.68,expired_card,3,5,3,165,3.95,upi,0.625,0
pay_00083,cust_1499,4798.53,expired_card,2,3,7,107,0.79,netbanking,0.3,1
pay_00084,cust_0925,2958.9,insufficient_funds,0,8,8,156,2.33,upi,0.5,1
pay_00085,cust_1074,910.39,invalid_card,2,19,3,693,0.41,card,0.864,1
pay_00086,cust_1902,471.82,expired_card,0,3,3,938,2.73,upi,0.5,0
pay_00087,cust_1592,9620.87,authentication_failed,1,13,1,883,2.5,netbanking,0.929,1
pay_00088,cust_1672,4520.67,bank_timeout,0,11,8,953,4.89,upi,0.579,0
pay_00089,cust_1470,9642.13,insufficient_funds,1,20,0,81,3.96,netbanking,1.0,1
pay_00090,cust_0998,892.7,authentication_failed,1,10,2,837,4.51,card,0.833,1
pay_00091,cust_0012,991.03,insufficient_funds,0,4,0,396,3.97,netbanking,1.0,0
pay_00092,cust_0975,3887.18,authentication_failed,0,15,7,826,1.87,card,0.682,1
pay_00093,cust_2432,2889.89,invalid_card,0,1,7,897,2.07,netbanking,0.125,0
pay_00094,cust_0443,953.94,insufficient_funds,2,19,8,759,1.69,card,0.704,0
pay_00095,cust_2447,358.17,authentication_failed,1,13,7,939,1.22,netbanking,0.65,0
pay_00096,cust_1389,2458.5,expired_card,1,15,1,123,4.18,upi,0.938,1
pay_00097,cust_0382,328.56,authentication_failed,2,3,6,392,4.38,netbanking,0.333,0
pay_00098,cust_1733,2935.83,insufficient_funds,1,4,7,259,4.25,netbanking,0.364,0
pay_00099,cust_1435,7018.13,authentication_failed,0,19,4,59,0.98,netbanking,0.826,1
pay_00100,cust_1266,4002.62,insufficient_funds,0,2,8,250,1.94,card,0.2,1
pay_00101,cust_1859,301.27,insufficient_funds,1,19,0,720,0.5,card,1.0,1
pay_00102,cust_1815,397.58,expired_card,0,9,7,569,3.37,upi,0.562,0
pay_00103,cust_0187,991.24,bank_timeout,2,10,1,37,2.54,upi,0.909,1
pay_00104,cust_1764,2406.64,insufficient_funds,0,13,0,500,4.61,upi,1.0,1
pay_00105,cust_1283,371.73,invalid_card,2,5,7,881,3.48,card,0.417,1
pay_00106,cust_1483,225.44,invalid_card,2,7,5,827,0.92,upi,0.583,0
pay_00107,cust_2091,1387.61,bank_timeout,0,4,4,232,0.95,card,0.5,1
pay_00108,cust_0627,8409.16,invalid_card,3,18,5,914,4.86,netbanking,0.783,0
pay_00109,cust_1295,1883.97,authentication_failed,2,16,1,347,2.36,card,0.941,1
pay_00110,cust_0155,216.07,authentication_failed,3,14,8,840,3.72,netbanking,0.636,0
pay_00111,cust_0169,5250.37,authentication_failed,0,14,1,860,4.51,card,0.933,0
pay_00112,cust_1407,3273.96,invalid_card,1,11,5,969,1.49,netbanking,0.688,1
pay_00113,cust_1675,1104.68,insufficient_funds,0,17,6,320,1.33,upi,0.739,1
pay_00114,cust_2469,2164.9,expired_card,3,4,1,347,2.84,netbanking,0.8,1
pay_00115,cust_1346,442.96,invalid_card,2,0,5,346,0.98,netbanking,0.0,0
pay_00116,cust_0878,882.31,insufficient_funds,0,16,8,885,3.72,upi,0.667,0
pay_00117,cust_2157,3917.21,bank_timeout,1,19,2,768,2.24,card,0.905,1
pay_00118,cust_1683,7273.56,bank_timeout,1,9,7,955,4.19,netbanking,0.562,1
pay_00119,cust_1507,8385.3,authentication_failed,3,5,3,850,3.06,netbanking,0.625,1
pay_00120,cust_1025,214.65,expired_card,1,8,7,957,2.62,card,0.533,0
pay_00121,cust_1792,226.51,invalid_card,3,16,5,271,1.99,card,0.762,0
pay_00122,cust_0335,2860.72,bank_timeout,0,9,7,742,4.17,card,0.562,0
pay_00123,cust_1922,502.62,authentication_failed,3,3,4,273,1.58,netbanking,0.429,0
pay_00124,cust_0196,3439.59,authentication_failed,0,20,8,618,1.29,netbanking,0.714,1
pay_00125,cust_0589,500.78,insufficient_funds,2,2,8,587,2.59,netbanking,0.2,0
pay_00126,cust_2080,1939.8,expired_card,0,11,1,383,1.28,netbanking,0.917,1
pay_00127,cust_0425,1664.7,bank_timeout,3,15,2,860,0.76,netbanking,0.882,0
pay_00128,cust_1875,2581.43,expired_card,3,17,7,289,0.28,netbanking,0.708,1
pay_00129,cust_0783,1095.56,insufficient_funds,3,12,7,946,4.79,upi,0.632,1
pay_00130,cust_1389,1994.55,insufficient_funds,3,2,6,646,4.98,netbanking,0.25,0
pay_00131,cust_0740,1160.06,invalid_card,3,5,7,389,2.29,netbanking,0.417,0
pay_00132,cust_1445,383.46,insufficient_funds,3,11,8,850,3.77,netbanking,0.579,0
pay_00133,cust_0656,484.84,bank_timeout,1,20,5,400,1.98,card,0.8,1
pay_00134,cust_2324,5596.38,insufficient_funds,1,16,5,437,1.64,netbanking,0.762,1
pay_00135,cust_1142,6492.81,authentication_failed,2,8,7,249,4.98,card,0.533,0
pay_00136,cust_1170,407.19,invalid_card,3,2,5,713,1.8,card,0.286,0
pay_00137,cust_0266,644.89,expired_card,1,3,3,841,0.78,netbanking,0.5,0
pay_00138,cust_2024,776.46,authentication_failed,0,9,6,764,3.62,card,0.6,0
pay_00139,cust_2154,2149.23,insufficient_funds,3,16,5,161,4.4,upi,0.762,0
pay_00140,cust_2259,390.94,insufficient_funds,1,9,2,195,1.68,netbanking,0.818,1
pay_00141,cust_0924,2788.96,bank_timeout,2,4,4,659,2.71,netbanking,0.5,1
pay_00142,cust_2059,2160.71,authentication_failed,0,2,0,686,3.88,card,1.0,1
pay_00143,cust_1085,7472.3,authentication_failed,2,15,3,854,4.06,upi,0.833,1
pay_00144,cust_1664,6076.8,invalid_card,2,19,2,350,4.32,card,0.905,0
pay_00145,cust_1308,2949.77,authentication_failed,0,10,3,507,0.7,netbanking,0.769,1
pay_00146,cust_1842,5688.66,bank_timeout,2,18,5,224,3.84,card,0.783,0
pay_00147,cust_2041,497.79,invalid_card,3,7,3,627,1.83,netbanking,0.7,0
pay_00148,cust_0208,2684.86,authentication_failed,0,13,2,933,1.4,card,0.867,1
pay_00149,cust_1499,682.6,expired_card,2,2,6,546,2.31,netbanking,0.25,0
pay_00150,cust_2253,282.92,invalid_card,2,17,5,803,0.81,upi,0.773,0
pay_00151,cust_2468,1090.56,invalid_card,3,4,8,173,1.71,netbanking,0.333,0
pay_00152,cust_1305,2477.9,authentication_failed,3,18,4,516,4.1,netbanking,0.818,1
pay_00153,cust_1509,298.37,authentication_failed,2,20,3,768,0.35,upi,0.87,1
pay_00154,cust_1968,813.88,bank_timeout,0,6,0,481,1.64,card,1.0,1
pay_00155,cust_0621,7279.73,insufficient_funds,1,16,3,604,1.69,netbanking,0.842,1
pay_00156,cust_1960,1346.19,authentication_failed,2,19,7,226,4.79,upi,0.731,0
pay_00157,cust_1143,2944.85,bank_timeout,3,10,7,387,2.85,netbanking,0.588,0
pay_00158,cust_1121,9269.43,expired_card,2,1,4,761,0.49,card,0.2,0
pay_00159,cust_1812,1427.76,authentication_failed,2,4,1,660,3.73,netbanking,0.8,0
pay_00160,cust_0981,271.74,insufficient_funds,2,15,1,727,3.88,upi,0.938,1
pay_00161,cust_0022,7569.6,invalid_card,1,9,5,322,3.26,netbanking,0.643,0
pay_00162,cust_0367,394.69,bank_timeout,1,1,6,836,2.53,upi,0.143,0
pay_00163,cust_1186,2135.36,expired_card,3,4,8,509,1.44,upi,0.333,0
pay_00164,cust_0462,298.21,expired_card,1,5,6,876,2.2,upi,0.455,1
pay_00165,cust_1344,1369.38,bank_timeout,2,12,3,487,3.79,card,0.8,1
pay_00166,cust_1351,860.72,insufficient_funds,0,14,4,193,2.09,netbanking,0.778,1
pay_00167,cust_2059,2538.91,expired_card,1,7,2,519,0.85,netbanking,0.778,0
pay_00168,cust_2482,850.27,bank_timeout,0,16,7,570,3.55,netbanking,0.696,1
pay_00169,cust_0320,555.99,authentication_failed,1,5,5,904,2.65,netbanking,0.5,0
pay_00170,cust_0477,9291.33,insufficient_funds,1,16,6,497,2.86,upi,0.727,0
pay_00171,cust_2289,337.71,bank_timeout,0,1,6,382,3.53,netbanking,0.143,1
pay_00172,cust_2217,497.24,expired_card,1,4,6,413,4.96,upi,0.4,1
pay_00173,cust_1567,957.64,expired_card,1,17,6,571,0.72,card,0.739,0
pay_00174,cust_0913,6240.56,authentication_failed,1,7,7,384,0.86,upi,0.5,0
pay_00175,cust_0773,8665.54,authentication_failed,1,6,1,133,3.01,card,0.857,1
pay_00176,cust_1829,8183.05,invalid_card,1,1,2,545,4.97,card,0.333,1
pay_00177,cust_0960,1637.49,bank_timeout,1,16,3,453,1.57,upi,0.842,1
pay_00178,cust_0250,4225.76,authentication_failed,0,11,6,834,2.67,upi,0.647,1
pay_00179,cust_1706,649.64,bank_timeout,1,14,0,605,2.12,upi,1.0,1
pay_00180,cust_1707,366.19,invalid_card,0,17,3,82,1.42,upi,0.85,1
pay_00181,cust_2478,935.94,invalid_card,2,9,0,246,4.69,card,1.0,0
pay_00182,cust_0481,876.41,invalid_card,2,9,6,507,2.71,card,0.6,0
pay_00183,cust_1472,6261.56,expired_card,2,10,6,76,2.86,card,0.625,1
pay_00184,cust_0907,7087.64,expired_card,1,10,3,418,2.89,card,0.769,0
pay_00185,cust_1007,4801.03,invalid_card,1,11,2,173,3.63,upi,0.846,1
pay_00186,cust_2001,254.21,insufficient_funds,0,0,6,170,4.23,netbanking,0.0,1
pay_00187,cust_0948,219.39,authentication_failed,3,15,0,36,2.71,netbanking,1.0,0
pay_00188,cust_1685,202.56,authentication_failed,3,5,1,970,0.57,netbanking,0.833,1
pay_00189,cust_0610,5480.73,insufficient_funds,3,14,3,743,1.21,upi,0.824,0
pay_00190,cust_0331,3654.41,invalid_card,3,1,0,749,0.94,netbanking,1.0,0
pay_00191,cust_2048,452.6,authentication_failed,1,6,7,307,0.33,card,0.462,0
pay_00192,cust_0305,639.91,expired_card,1,18,2,800,4.12,card,0.9,1
pay_00193,cust_1632,6966.3,authentication_failed,3,4,1,542,3.75,upi,0.8,1
pay_00194,cust_1417,5383.81,expired_card,2,14,7,263,1.84,card,0.667,1
pay_00195,cust_1538,2320.68,bank_timeout,0,2,4,187,1.96,netbanking,0.333,1
pay_00196,cust_0632,1213.0,invalid_card,2,3,2,119,1.02,upi,0.6,0
pay_00197,cust_1839,366.1,authentication_failed,2,12,0,328,2.13,netbanking,1.0,1
pay_00198,cust_0347,779.21,invalid_card,1,8,4,304,2.52,card,0.667,0
pay_00199,cust_0260,1599.2,expired_card,3,19,3,498,0.62,card,0.864,0
pay_00200,cust_1248,2682.39,invalid_card,3,20,2,337,1.67,upi,0.909,0
pay_00201,cust_0823,5233.64,authentication_failed,2,12,4,866,3.95,card,0.75,0
pay_00202,cust_1496,233.17,invalid_card,1,14,4,881,3.49,netbanking,0.778,1
pay_00203,cust_1676,569.45,invalid_card,0,14,7,626,2.06,upi,0.667,0
pay_00204,cust_2076,1836.18,authentication_failed,0,3,3,703,3.36,netbanking,0.5,1
pay_00205,cust_0682,7741.63,expired_card,0,0,1,294,1.19,upi,0.0,1
pay_00206,cust_2125,5618.46,authentication_failed,1,11,0,524,0.61,netbanking,1.0,0
pay_00207,cust_1704,2661.8,expired_card,3,6,8,524,1.81,upi,0.429,0
pay_00208,cust_0400,330.45,insufficient_funds,0,5,3,558,0.95,upi,0.625,1
pay_00209,cust_0656,712.76,bank_timeout,3,12,0,785,3.11,netbanking,1.0,1
pay_00210,cust_0809,1008.9,insufficient_funds,0,17,2,404,1.7,netbanking,0.895,1
pay_00211,cust_1875,1978.48,authentication_failed,3,18,1,386,1.82,upi,0.947,0
pay_00212,cust_1876,384.21,bank_timeout,0,7,4,149,1.0,upi,0.636,1
pay_00213,cust_0580,708.7,invalid_card,1,17,2,531,1.52,netbanking,0.895,0
pay_00214,cust_0767,293.37,invalid_card,1,12,8,547,3.3,card,0.6,0
pay_00215,cust_1676,404.41,authentication_failed,1,9,0,311,1.2,card,1.0,1
pay_00216,cust_1183,249.46,authentication_failed,2,17,5,585,4.13,card,0.773,1
pay_00217,cust_0171,720.24,expired_card,3,8,5,912,4.1,card,0.615,0
pay_00218,cust_1799,2622.97,authentication_failed,3,5,2,833,1.11,netbanking,0.714,0
pay_00219,cust_0848,784.47,expired_card,2,9,4,908,2.62,netbanking,0.692,0
pay_00220,cust_0391,1822.78,bank_timeout,1,7,2,758,1.68,netbanking,0.778,1
pay_00221,cust_1014,1978.43,invalid_card,3,2,1,442,2.63,upi,0.667,0
pay_00222,cust_1140,407.41,insufficient_funds,3,20,5,900,0.41,netbanking,0.8,1
pay_00223,cust_2190,2648.87,expired_card,1,18,7,837,1.78,upi,0.72,1
pay_00224,cust_0199,812.46,invalid_card,0,13,3,735,4.56,upi,0.812,0
pay_00225,cust_1237,1547.76,insufficient_funds,1,1,6,670,1.6,upi,0.143,0
pay_00226,cust_0960,327.77,bank_timeout,1,16,7,39,0.14,netbanking,0.696,1
pay_00227,cust_1408,444.13,bank_timeout,0,3,1,350,1.9,upi,0.75,1
pay_00228,cust_1226,885.96,insufficient_funds,0,19,2,480,1.82,netbanking,0.905,1
pay_00229,cust_0873,575.54,insufficient_funds,1,3,6,389,4.82,card,0.333,1
pay_00230,cust_1289,2288.6,insufficient_funds,2,6,8,651,2.6,netbanking,0.429,1
pay_00231,cust_1605,9681.75,invalid_card,1,15,1,570,4.45,card,0.938,1
pay_00232,cust_0050,9024.84,expired_card,1,15,1,47,2.98,netbanking,0.938,0
pay_00233,cust_0057,1120.88,authentication_failed,3,12,1,685,2.73,upi,0.923,1
pay_00234,cust_0626,654.64,authentication_failed,3,18,1,347,3.52,upi,0.947,0
pay_00235,cust_0978,216.37,expired_card,1,3,0,754,0.77,netbanking,1.0,1
pay_00236,cust_0047,2045.49,bank_timeout,1,8,1,819,4.51,upi,0.889,1
pay_00237,cust_1373,441.13,invalid_card,2,1,7,909,2.88,upi,0.125,0
pay_00238,cust_1507,246.19,bank_timeout,0,1,0,280,0.33,netbanking,1.0,1
pay_00239,cust_1491,9001.54,bank_timeout,1,13,5,307,4.15,upi,0.722,0
pay_00240,cust_2342,310.84,invalid_card,3,9,4,365,0.52,card,0.692,1
pay_00241,cust_1871,600.13,invalid_card,3,6,8,808,4.0,upi,0.429,0
pay_00242,cust_0617,200.91,expired_card,3,9,1,240,2.7,card,0.9,0
pay_00243,cust_0976,2944.15,insufficient_funds,1,16,6,747,4.49,card,0.727,1
pay_00244,cust_1878,3934.46,insufficient_funds,0,13,2,272,1.53,netbanking,0.867,1
pay_00245,cust_1291,5283.43,expired_card,0,6,2,828,3.87,card,0.75,0
pay_00246,cust_0447,1931.64,bank_timeout,2,14,4,902,0.69,upi,0.778,1
pay_00247,cust_0646,651.8,expired_card,0,7,5,435,2.62,card,0.583,0
pay_00248,cust_1225,5830.34,authentication_failed,1,3,7,134,4.04,netbanking,0.3,1
pay_00249,cust_0573,530.77,invalid_card,0,18,4,969,4.08,upi,0.818,0
pay_00250,cust_0090,498.15,expired_card,0,14,0,202,4.63,card,1.0,1
pay_00251,cust_1775,697.1,expired_card,1,8,4,486,4.43,card,0.667,1
pay_00252,cust_0142,6491.74,insufficient_funds,2,12,2,459,1.08,card,0.857,1
pay_00253,cust_2154,3136.69,expired_card,3,11,8,359,2.0,upi,0.579,0
pay_00254,cust_0737,1058.58,insufficient_funds,2,18,3,193,0.59,upi,0.857,1
pay_00255,cust_0988,907.33,authentication_failed,2,5,2,272,3.0,upi,0.714,0
pay_00256,cust_1470,514.08,authentication_failed,3,17,4,209,2.5,card,0.81,1
pay_00257,cust_0370,1039.84,authentication_failed,1,10,2,970,4.03,card,0.833,0
pay_00258,cust_1326,216.87,authentication_failed,0,11,6,630,0.6,upi,0.647,1
pay_00259,cust_1237,6057.64,expired_card,2,7,2,417,1.6,card,0.778,0
pay_00260,cust_1207,9639.94,authentication_failed,1,19,5,973,4.06,card,0.792,1
pay_00261,cust_0905,390.89,bank_timeout,2,5,1,871,3.57,upi,0.833,1
pay_00262,cust_1376,1498.83,insufficient_funds,0,1,6,478,3.69,netbanking,0.143,0
pay_00263,cust_0682,464.37,invalid_card,1,5,7,105,4.02,netbanking,0.417,0
pay_00264,cust_0137,659.04,invalid_card,0,17,1,376,3.01,card,0.944,1
pay_00265,cust_1978,7250.62,bank_timeout,0,10,3,224,2.11,card,0.769,1
pay_00266,cust_2270,864.26,insufficient_funds,3,18,8,890,2.51,card,0.692,0
pay_00267,cust_0224,7633.48,bank_timeout,0,6,2,683,1.53,card,0.75,1
pay_00268,cust_0336,2568.97,insufficient_funds,3,5,5,936,1.97,netbanking,0.5,0
pay_00269,cust_0765,1929.65,authentication_failed,1,3,1,714,1.78,card,0.75,0
pay_00270,cust_2218,3426.83,authentication_failed,3,18,3,517,1.56,upi,0.857,0
pay_00271,cust_1618,856.44,insufficient_funds,1,5,3,857,1.04,upi,0.625,1
pay_00272,cust_0175,993.15,authentication_failed,2,2,1,427,2.83,upi,0.667,1
pay_00273,cust_2262,9113.39,insufficient_funds,1,4,1,977,0.62,upi,0.8,0
pay_00274,cust_0414,2759.39,invalid_card,3,18,7,68,0.94,netbanking,0.72,1
pay_00275,cust_1651,2386.63,bank_timeout,3,8,5,50,1.76,card,0.615,1
pay_00276,cust_1242,920.58,bank_timeout,3,10,4,776,2.14,upi,0.714,0
pay_00277,cust_0366,2647.11,insufficient_funds,1,2,4,756,2.58,netbanking,0.333,0
pay_00278,cust_0556,761.62,insufficient_funds,0,14,0,970,1.87,card,1.0,1
pay_00279,cust_0816,281.19,insufficient_funds,2,15,7,211,4.81,card,0.682,0
pay_00280,cust_1944,375.06,expired_card,3,1,2,904,2.9,card,0.333,0
pay_00281,cust_0878,4883.32,authentication_failed,0,15,2,692,0.95,card,0.882,1
pay_00282,cust_0035,2885.07,invalid_card,2,14,4,253,2.39,upi,0.778,0
pay_00283,cust_2133,1204.52,authentication_failed,2,9,1,523,0.41,netbanking,0.9,1
pay_00284,cust_1133,1522.03,bank_timeout,1,1,6,706,1.67,card,0.143,0
pay_00285,cust_0574,4815.72,invalid_card,0,18,3,381,3.66,upi,0.857,0
pay_00286,cust_0911,1950.99,authentication_failed,1,17,2,330,0.58,upi,0.895,1
pay_00287,cust_0525,2117.5,insufficient_funds,2,7,4,460,3.96,card,0.636,0
pay_00288,cust_1358,310.5,authentication_failed,0,15,3,542,0.69,netbanking,0.833,0
pay_00289,cust_1564,706.14,expired_card,3,4,5,913,3.61,upi,0.444,0
pay_00290,cust_0332,345.27,invalid_card,1,5,2,531,3.95,upi,0.714,0
pay_00291,cust_0361,6002.75,invalid_card,0,17,3,778,1.93,card,0.85,1
pay_00292,cust_0058,466.6,bank_timeout,2,9,2,135,1.98,card,0.818,0
pay_00293,cust_2412,9638.3,authentication_failed,2,13,2,380,4.98,netbanking,0.867,0
pay_00294,cust_2008,9426.52,insufficient_funds,1,4,3,781,0.21,card,0.571,0
pay_00295,cust_2067,2300.43,authentication_failed,0,19,0,707,0.63,netbanking,1.0,1
pay_00296,cust_0081,1888.18,invalid_card,1,6,0,338,2.16,netbanking,1.0,0
pay_00297,cust_0414,397.74,authentication_failed,0,9,1,833,0.62,netbanking,0.9,1
pay_00298,cust_0814,2662.17,invalid_card,1,1,8,538,4.56,upi,0.111,0
pay_00299,cust_1969,9347.25,bank_timeout,0,3,4,689,1.23,card,0.429,1
pay_00300,cust_1213,2625.54,expired_card,2,13,1,127,4.27,netbanking,0.929,1
pay_00301,cust_0188,5300.3,authentication_failed,0,11,5,217,0.66,upi,0.688,0
pay_00302,cust_1640,8953.85,bank_timeout,1,1,2,136,2.14,card,0.333,0
pay_00303,cust_2420,1875.89,authentication_failed,1,15,7,145,4.45,card,0.682,1
pay_00304,cust_1806,630.54,expired_card,0,13,3,523,1.79,netbanking,0.812,0
pay_00305,cust_1577,243.6,bank_timeout,3,15,2,106,3.78,netbanking,0.882,1
pay_00306,cust_1314,4558.72,invalid_card,0,14,7,850,2.91,card,0.667,1
pay_00307,cust_0361,455.98,insufficient_funds,3,1,8,592,0.1,upi,0.111,0
pay_00308,cust_0373,980.62,invalid_card,2,1,3,894,2.33,upi,0.25,0
pay_00309,cust_2295,5542.7,insufficient_funds,1,0,5,393,4.17,card,0.0,0
pay_00310,cust_1196,9277.24,bank_timeout,3,3,4,655,1.06,netbanking,0.429,0
pay_00311,cust_0495,1913.63,insufficient_funds,0,20,1,820,4.47,upi,0.952,1
pay_00312,cust_1874,396.54,authentication_failed,3,16,2,738,2.93,upi,0.889,1
pay_00313,cust_0526,5252.58,invalid_card,1,8,6,381,4.86,netbanking,0.571,0
pay_00314,cust_1855,2204.45,authentication_failed,1,6,3,669,3.6,upi,0.667,0
pay_00315,cust_1415,566.2,authentication_failed,2,3,5,605,2.45,netbanking,0.375,0
pay_00316,cust_2338,2347.81,invalid_card,0,0,6,178,0.36,card,0.0,0
pay_00317,cust_0232,1321.71,bank_timeout,2,6,8,63,1.86,card,0.429,1
pay_00318,cust_1854,9053.03,bank_timeout,2,1,6,426,2.14,netbanking,0.143,0
pay_00319,cust_1281,4421.41,bank_timeout,2,18,8,786,3.06,netbanking,0.692,1
pay_00320,cust_0793,588.54,authentication_failed,3,1,6,315,2.83,card,0.143,0
pay_00321,cust_0533,922.16,insufficient_funds,2,19,0,822,4.67,card,1.0,0
pay_00322,cust_1234,1715.81,authentication_failed,1,16,1,835,2.58,card,0.941,0
pay_00323,cust_1704,1698.46,expired_card,2,6,8,516,4.98,upi,0.429,1
pay_00324,cust_0037,672.66,insufficient_funds,2,12,1,425,1.36,netbanking,0.923,1
pay_00325,cust_1159,6599.65,invalid_card,2,20,3,358,2.62,card,0.87,0
pay_00326,cust_0394,249.22,bank_timeout,1,13,1,240,2.73,netbanking,0.929,1
pay_00327,cust_1783,4076.13,expired_card,0,2,0,212,3.99,card,1.0,1
pay_00328,cust_2286,5853.02,invalid_card,2,0,6,719,0.68,upi,0.0,0
pay_00329,cust_0025,391.43,expired_card,0,9,4,651,0.52,netbanking,0.692,1
pay_00330,cust_1793,910.24,bank_timeout,3,17,4,679,0.81,netbanking,0.81,1
pay_00331,cust_1529,486.22,insufficient_funds,3,17,8,999,0.52,netbanking,0.68,0
pay_00332,cust_0861,950.87,bank_timeout,1,19,4,228,0.66,card,0.826,0
pay_00333,cust_2324,9959.2,authentication_failed,2,2,4,130,1.07,card,0.333,0
pay_00334,cust_2379,345.16,expired_card,0,6,5,527,2.31,netbanking,0.545,0
pay_00335,cust_1253,8653.09,bank_timeout,2,7,3,759,3.73,card,0.7,1
pay_00336,cust_1787,5320.61,invalid_card,2,9,7,594,0.63,upi,0.562,1
pay_00337,cust_2485,640.03,expired_card,0,2,0,899,2.59,netbanking,1.0,0
pay_00338,cust_0128,442.79,authentication_failed,3,20,2,404,2.02,upi,0.909,0
pay_00339,cust_2416,6572.37,expired_card,0,7,2,805,2.62,netbanking,0.778,0
pay_00340,cust_1828,782.61,invalid_card,0,7,7,267,0.41,upi,0.5,1
pay_00341,cust_1514,8539.43,invalid_card,0,1,5,135,3.55,upi,0.167,0
pay_00342,cust_2136,636.47,invalid_card,3,11,1,559,1.33,netbanking,0.917,1
pay_00343,cust_0913,6407.54,authentication_failed,1,14,2,265,0.48,card,0.875,1
pay_00344,cust_1151,262.46,bank_timeout,2,3,7,721,2.45,upi,0.3,1
pay_00345,cust_0864,822.98,authentication_failed,1,4,8,70,4.46,netbanking,0.333,1
pay_00346,cust_0602,215.77,expired_card,1,14,7,918,2.46,card,0.667,1
pay_00347,cust_0899,799.82,authentication_failed,2,5,5,974,2.32,netbanking,0.5,0
pay_00348,cust_2420,3115.92,bank_timeout,0,5,7,953,3.11,netbanking,0.417,0
pay_00349,cust_0160,765.18,authentication_failed,0,20,6,564,2.16,netbanking,0.769,1
pay_00350,cust_0178,6374.38,expired_card,0,13,2,290,2.44,netbanking,0.867,1
pay_00351,cust_0953,2195.99,bank_timeout,0,18,8,150,2.65,card,0.692,1
pay_00352,cust_1537,843.2,invalid_card,2,8,8,463,2.87,netbanking,0.5,0
pay_00353,cust_1129,6864.18,bank_timeout,3,8,4,621,1.79,upi,0.667,1
pay_00354,cust_1631,8233.95,bank_timeout,1,16,6,834,1.76,card,0.727,1
pay_00355,cust_2256,383.21,insufficient_funds,3,19,6,120,0.41,card,0.76,0
pay_00356,cust_0909,9513.86,authentication_failed,2,19,0,998,3.89,netbanking,1.0,0
pay_00357,cust_0718,1403.21,bank_timeout,1,19,2,720,0.28,card,0.905,1
pay_00358,cust_0980,4931.28,expired_card,3,12,3,560,0.18,netbanking,0.8,0
pay_00359,cust_0282,2451.55,expired_card,1,19,3,495,4.66,upi,0.864,0
pay_00360,cust_2355,2011.97,expired_card,2,17,4,740,2.27,card,0.81,1
pay_00361,cust_1545,9727.71,invalid_card,0,15,1,294,0.43,netbanking,0.938,0
pay_00362,cust_0903,402.07,expired_card,2,2,6,719,3.77,card,0.25,0
pay_00363,cust_1401,1952.63,bank_timeout,1,15,3,270,3.7,netbanking,0.833,0
pay_00364,cust_1088,601.18,insufficient_funds,0,15,0,812,4.3,card,1.0,0
pay_00365,cust_0174,1630.52,invalid_card,2,12,3,798,2.93,card,0.8,1
pay_00366,cust_0222,2878.37,invalid_card,1,14,1,745,2.64,netbanking,0.933,0
pay_00367,cust_1293,1421.29,expired_card,2,5,8,299,1.26,netbanking,0.385,0
pay_00368,cust_1931,5967.18,expired_card,3,8,7,214,2.9,upi,0.533,0
pay_00369,cust_2359,8627.81,invalid_card,1,4,7,855,0.15,card,0.364,0
pay_00370,cust_1727,2697.93,invalid_card,2,17,0,437,0.58,upi,1.0,0
pay_00371,cust_0670,7408.41,expired_card,2,11,8,600,4.67,upi,0.579,0
pay_00372,cust_1056,705.47,authentication_failed,1,9,5,362,3.4,netbanking,0.643,1
pay_00373,cust_1997,7295.03,bank_timeout,2,13,6,899,4.54,card,0.684,0
pay_00374,cust_0325,1633.44,authentication_failed,3,8,7,829,4.33,netbanking,0.533,0
pay_00375,cust_1488,423.37,bank_timeout,1,8,1,245,0.92,netbanking,0.889,1
pay_00376,cust_0422,3376.72,authentication_failed,0,8,2,116,3.31,card,0.8,1
pay_00377,cust_1597,623.45,authentication_failed,0,1,5,911,4.58,card,0.167,0
pay_00378,cust_1951,934.58,authentication_failed,3,20,6,566,3.23,card,0.769,0
pay_00379,cust_2187,8632.15,expired_card,3,8,2,340,0.15,upi,0.8,0
pay_00380,cust_2144,443.61,invalid_card,2,0,6,847,1.54,upi,0.0,0
pay_00381,cust_0948,9174.25,invalid_card,1,20,6,878,1.95,card,0.769,0
pay_00382,cust_1078,2032.7,expired_card,2,13,3,903,0.44,netbanking,0.812,1
pay_00383,cust_0560,4904.67,bank_timeout,0,4,0,577,0.21,upi,1.0,1
pay_00384,cust_0419,283.63,bank_timeout,3,6,5,460,1.63,card,0.545,1
pay_00385,cust_2042,731.38,insufficient_funds,3,2,8,511,0.99,upi,0.2,0
pay_00386,cust_1025,913.3,invalid_card,1,1,3,501,3.7,upi,0.25,0
pay_00387,cust_0385,1945.18,expired_card,0,17,8,155,1.34,card,0.68,1
pay_00388,cust_1224,258.62,bank_timeout,3,10,0,201,3.99,netbanking,1.0,1
pay_00389,cust_2395,3293.91,authentication_failed,2,2,3,191,2.55,card,0.4,0
pay_00390,cust_1387,997.49,authentication_failed,1,15,3,354,4.91,card,0.833,1
pay_00391,cust_1423,1385.74,bank_timeout,0,15,7,602,1.54,upi,0.682,1
pay_00392,cust_2008,1694.98,authentication_failed,1,2,8,188,2.3,netbanking,0.2,0
pay_00393,cust_1079,726.59,insufficient_funds,2,19,3,358,3.63,netbanking,0.864,0
pay_00394,cust_2208,594.74,authentication_failed,2,13,5,143,0.57,upi,0.722,0
pay_00395,cust_0274,212.13,invalid_card,0,1,6,703,2.5,card,0.143,0
pay_00396,cust_2418,682.81,invalid_card,3,20,0,399,2.83,card,1.0,0
pay_00397,cust_1704,445.61,insufficient_funds,0,6,8,129,0.6,upi,0.429,1
pay_00398,cust_0947,594.54,authentication_failed,3,3,5,720,2.35,netbanking,0.375,0
pay_00399,cust_1750,1360.61,bank_timeout,3,11,5,593,4.96,netbanking,0.688,1
pay_00400,cust_1330,2265.85,authentication_failed,1,12,8,978,3.75,card,0.6,0
pay_00401,cust_1475,1793.78,authentication_failed,1,9,0,337,4.92,card,1.0,0
pay_00402,cust_0880,2643.06,authentication_failed,1,3,0,501,1.84,netbanking,1.0,1
pay_00403,cust_0567,1499.46,insufficient_funds,3,18,3,781,0.48,netbanking,0.857,1
pay_00404,cust_1330,436.87,authentication_failed,2,1,6,110,3.92,netbanking,0.143,0
pay_00405,cust_1370,907.75,authentication_failed,3,1,4,566,0.3,card,0.2,0
pay_00406,cust_2212,4072.23,invalid_card,0,7,6,326,3.95,netbanking,0.538,0
pay_00407,cust_0607,3345.13,expired_card,3,16,6,822,3.52,card,0.727,0
pay_00408,cust_0553,598.86,bank_timeout,2,13,5,731,4.63,card,0.722,0
pay_00409,cust_0367,1730.17,authentication_failed,0,9,2,388,3.12,netbanking,0.818,1
pay_00410,cust_1812,2847.5,bank_timeout,0,3,0,278,4.75,netbanking,1.0,1
pay_00411,cust_0605,459.63,expired_card,3,0,5,244,3.73,upi,0.0,0
pay_00412,cust_0868,761.11,insufficient_funds,0,8,2,91,1.49,upi,0.8,1
pay_00413,cust_1112,1016.66,expired_card,0,9,6,266,4.9,card,0.6,0
pay_00414,cust_2083,491.98,bank_timeout,3,17,0,70,1.31,card,1.0,0
pay_00415,cust_2169,2488.04,expired_card,2,7,8,312,4.08,netbanking,0.467,1
pay_00416,cust_1056,2628.9,bank_timeout,2,12,2,119,3.68,card,0.857,1
pay_00417,cust_2133,805.61,authentication_failed,3,9,5,489,2.76,card,0.643,0
pay_00418,cust_0847,789.93,expired_card,1,13,2,701,4.67,netbanking,0.867,1
pay_00419,cust_0648,2896.25,bank_timeout,0,10,6,451,1.59,netbanking,0.625,1
pay_00420,cust_1122,1262.96,authentication_failed,1,19,3,266,3.47,netbanking,0.864,0
pay_00421,cust_1472,8922.12,expired_card,3,15,7,170,0.9,card,0.682,1
pay_00422,cust_0927,4888.74,bank_timeout,1,6,1,211,4.64,netbanking,0.857,1
pay_00423,cust_1800,744.48,invalid_card,0,19,6,767,1.63,upi,0.76,0
pay_00424,cust_2343,377.14,invalid_card,0,7,8,580,2.04,upi,0.467,1
pay_00425,cust_0161,2260.67,invalid_card,2,9,7,200,2.17,upi,0.562,0
pay_00426,cust_0224,405.99,authentication_failed,1,18,8,168,2.03,card,0.692,0
pay_00427,cust_1325,589.26,invalid_card,2,10,2,765,3.69,card,0.833,1
pay_00428,cust_0374,6666.2,authentication_failed,1,12,8,419,0.32,netbanking,0.6,0
pay_00429,cust_0700,782.18,bank_timeout,0,13,4,346,3.68,netbanking,0.765,1
pay_00430,cust_1828,285.63,authentication_failed,0,14,7,905,2.54,upi,0.667,0
pay_00431,cust_0024,7615.63,invalid_card,0,19,0,280,4.42,upi,1.0,0
pay_00432,cust_1140,778.22,insufficient_funds,2,1,2,904,0.26,netbanking,0.333,0
pay_00433,cust_2368,3343.17,bank_timeout,2,19,8,211,4.83,card,0.704,1
pay_00434,cust_2372,5259.43,insufficient_funds,0,9,7,167,0.7,upi,0.562,1
pay_00435,cust_1125,297.76,insufficient_funds,0,15,4,467,3.08,netbanking,0.789,1
pay_00436,cust_1297,9488.81,authentication_failed,3,15,2,934,3.09,netbanking,0.882,0
pay_00437,cust_1190,492.78,bank_timeout,3,13,0,371,1.81,netbanking,1.0,1
pay_00438,cust_0870,1562.97,expired_card,2,0,1,732,1.73,netbanking,0.0,0
pay_00439,cust_1623,1058.21,expired_card,3,15,0,691,0.77,netbanking,1.0,1
pay_00440,cust_0637,5345.43,insufficient_funds,2,18,5,598,2.73,netbanking,0.783,1
pay_00441,cust_0854,372.22,bank_timeout,0,10,6,671,2.72,upi,0.625,1
pay_00442,cust_0680,2189.79,expired_card,0,8,6,118,2.54,netbanking,0.571,0
pay_00443,cust_0974,913.9,insufficient_funds,0,6,1,484,2.58,upi,0.857,1
pay_00444,cust_1977,1679.89,expired_card,0,16,2,240,3.65,card,0.889,1
pay_00445,cust_1882,315.28,authentication_failed,2,14,0,135,2.65,card,1.0,0
pay_00446,cust_1280,878.49,bank_timeout,2,17,5,821,2.26,upi,0.773,1
pay_00447,cust_0482,280.8,bank_timeout,2,17,5,307,0.79,netbanking,0.773,0
pay_00448,cust_1161,9244.81,insufficient_funds,0,15,0,138,1.98,card,1.0,1
pay_00449,cust_0353,7148.7,authentication_failed,2,10,3,760,3.82,upi,0.769,0
pay_00450,cust_2186,222.56,invalid_card,3,9,7,511,1.24,card,0.562,0
pay_00451,cust_0917,946.95,expired_card,3,15,0,96,2.43,upi,1.0,0
pay_00452,cust_1440,922.04,authentication_failed,3,3,5,599,3.28,card,0.375,0
pay_00453,cust_1238,700.01,invalid_card,0,10,3,863,3.5,upi,0.769,1
pay_00454,cust_1766,717.24,bank_timeout,0,18,7,147,3.0,netbanking,0.72,1
pay_00455,cust_1897,5155.94,insufficient_funds,0,19,6,365,2.52,netbanking,0.76,1
pay_00456,cust_0252,226.16,bank_timeout,1,14,8,328,2.01,netbanking,0.636,1
pay_00457,cust_2368,2753.97,invalid_card,2,2,0,656,4.93,netbanking,1.0,0
pay_00458,cust_1656,453.29,insufficient_funds,2,3,4,916,0.25,netbanking,0.429,0
pay_00459,cust_1769,5679.14,invalid_card,1,5,7,172,1.02,netbanking,0.417,1
pay_00460,cust_1576,679.78,bank_timeout,0,20,0,177,3.63,card,1.0,1
pay_00461,cust_1994,3960.4,invalid_card,3,19,2,495,2.6,netbanking,0.905,1
pay_00462,cust_2262,445.02,authentication_failed,1,16,4,450,4.64,upi,0.8,0
pay_00463,cust_2361,309.09,authentication_failed,0,4,8,909,4.92,upi,0.333,0
pay_00464,cust_1145,3619.04,insufficient_funds,2,19,0,955,1.78,netbanking,1.0,1
pay_00465,cust_0045,8135.97,expired_card,2,5,0,741,4.62,upi,1.0,0
pay_00466,cust_1246,781.29,authentication_failed,2,19,0,323,2.48,card,1.0,0
pay_00467,cust_0520,1555.42,expired_card,0,3,2,961,3.0,upi,0.6,1
pay_00468,cust_0620,684.51,invalid_card,0,10,1,178,3.02,card,0.909,1
pay_00469,cust_0632,5681.79,bank_timeout,2,1,4,803,4.12,card,0.2,0
pay_00470,cust_0216,698.97,invalid_card,3,15,4,178,2.7,netbanking,0.789,0
pay_00471,cust_1781,202.56,insufficient_funds,2,13,4,373,1.42,netbanking,0.765,1
pay_00472,cust_0403,791.5,authentication_failed,2,5,5,590,0.15,card,0.5,0
pay_00473,cust_0035,3727.25,expired_card,2,8,3,64,0.22,card,0.727,1
pay_00474,cust_0377,216.06,insufficient_funds,1,12,2,947,0.64,card,0.857,1
pay_00475,cust_0755,2871.43,invalid_card,2,8,2,829,0.46,netbanking,0.8,0
pay_00476,cust_0256,1120.06,bank_timeout,0,15,3,654,2.02,upi,0.833,1
pay_00477,cust_2016,231.53,invalid_card,2,3,0,104,0.45,netbanking,1.0,0
pay_00478,cust_1027,432.17,insufficient_funds,3,8,2,746,1.72,netbanking,0.8,0
pay_00479,cust_1603,6434.27,invalid_card,0,17,3,33,1.98,netbanking,0.85,0
pay_00480,cust_1975,2982.21,invalid_card,0,11,8,903,4.81,card,0.579,0
pay_00481,cust_0330,451.35,invalid_card,1,9,6,947,0.62,netbanking,0.6,0
pay_00482,cust_1472,344.95,bank_timeout,1,15,6,94,3.98,card,0.714,1
pay_00483,cust_1261,348.91,insufficient_funds,0,10,0,445,0.68,upi,1.0,1
pay_00484,cust_2143,838.36,insufficient_funds,1,15,0,512,4.55,card,1.0,1
pay_00485,cust_0188,1028.72,insufficient_funds,1,18,1,867,4.11,upi,0.947,0
pay_00486,cust_0468,8630.37,expired_card,3,10,1,730,2.92,netbanking,0.909,0
pay_00487,cust_0563,981.38,expired_card,0,8,2,805,2.13,card,0.8,0
pay_00488,cust_1516,365.02,authentication_failed,1,0,7,112,0.13,upi,0.0,0
pay_00489,cust_0735,4985.84,bank_timeout,1,20,4,565,2.31,card,0.833,1
pay_00490,cust_0980,4259.82,authentication_failed,2,11,6,34,2.83,card,0.647,0
pay_00491,cust_0787,764.57,invalid_card,1,8,0,228,0.65,netbanking,1.0,0
pay_00492,cust_0612,404.57,insufficient_funds,2,9,3,475,1.33,netbanking,0.75,0
pay_00493,cust_1857,212.0,invalid_card,0,2,3,768,2.28,netbanking,0.4,0
pay_00494,cust_2375,296.79,expired_card,0,7,6,920,1.08,card,0.538,1
pay_00495,cust_0904,791.96,authentication_failed,1,12,5,169,2.34,upi,0.706,0
pay_00496,cust_0796,388.61,expired_card,0,14,7,458,0.94,card,0.667,0
pay_00497,cust_1408,647.29,authentication_failed,1,2,6,907,2.66,netbanking,0.25,0
pay_00498,cust_0887,917.66,bank_timeout,3,18,3,943,4.64,upi,0.857,1
pay_00499,cust_0611,3309.53,authentication_failed,3,16,6,520,4.07,card,0.727,0
pay_00500,cust_0402,3086.95,bank_timeout,2,9,3,693,4.99,card,0.75,0
pay_00501,cust_0066,342.93,invalid_card,1,12,2,838,4.37,upi,0.857,0
pay_00502,cust_1902,2253.98,authentication_failed,2,13,4,744,4.74,card,0.765,1
pay_00503,cust_2222,2368.65,insufficient_funds,2,1,1,422,1.89,netbanking,0.5,1
pay_00504,cust_0168,587.46,bank_timeout,1,17,1,694,2.44,upi,0.944,1
pay_00505,cust_2377,2505.59,expired_card,3,8,0,94,1.93,upi,1.0,0
pay_00506,cust_1854,1245.3,invalid_card,2,2,3,943,4.43,netbanking,0.4,0
pay_00507,cust_0358,223.05,bank_timeout,0,4,7,184,4.39,upi,0.364,1
pay_00508,cust_2133,511.32,invalid_card,3,14,0,328,1.03,upi,1.0,0
pay_00509,cust_0091,7512.06,authentication_failed,2,15,8,892,2.79,upi,0.652,1
pay_00510,cust_1876,2577.91,bank_timeout,2,9,0,181,1.83,upi,1.0,1
pay_00511,cust_1868,808.7,bank_timeout,1,5,3,149,0.3,netbanking,0.625,1
pay_00512,cust_1297,371.36,expired_card,1,11,7,582,4.88,upi,0.611,0
pay_00513,cust_2186,959.3,invalid_card,1,0,8,549,1.72,upi,0.0,0
pay_00514,cust_1211,644.62,authentication_failed,3,10,1,779,2.45,netbanking,0.909,0
pay_00515,cust_0165,774.93,invalid_card,0,10,0,652,3.24,upi,1.0,0
pay_00516,cust_2390,356.93,authentication_failed,0,16,6,229,2.5,upi,0.727,0
pay_00517,cust_2471,970.76,invalid_card,3,11,0,321,1.79,upi,1.0,1
pay_00518,cust_1262,8094.25,invalid_card,2,5,6,776,4.49,upi,0.455,0
pay_00519,cust_0572,1287.13,insufficient_funds,3,2,0,449,3.23,netbanking,1.0,0
pay_00520,cust_1120,777.35,bank_timeout,3,9,8,532,0.31,card,0.529,1
pay_00521,cust_1237,449.38,insufficient_funds,2,9,7,157,3.3,card,0.562,0
pay_00522,cust_1179,324.15,expired_card,0,19,5,625,2.45,upi,0.792,1
pay_00523,cust_1787,459.5,expired_card,0,8,2,625,0.39,netbanking,0.8,0
pay_00524,cust_1310,1714.41,invalid_card,2,1,4,328,2.7,netbanking,0.2,0
pay_00525,cust_0315,882.45,authentication_failed,2,9,4,731,3.52,upi,0.692,0
pay_00526,cust_1485,2645.81,expired_card,3,10,2,134,1.17,upi,0.833,0
pay_00527,cust_2062,265.33,invalid_card,0,3,2,975,0.19,upi,0.6,1
pay_00528,cust_1427,2633.26,bank_timeout,2,0,1,257,0.73,netbanking,0.0,1
pay_00529,cust_0584,9866.79,insufficient_funds,0,15,6,73,1.06,card,0.714,0
pay_00530,cust_0135,1118.47,insufficient_funds,2,0,1,831,0.71,card,0.0,0
pay_00531,cust_2465,260.62,bank_timeout,2,18,5,390,0.89,netbanking,0.783,1
pay_00532,cust_2051,433.24,authentication_failed,1,9,2,953,3.79,card,0.818,0
pay_00533,cust_0018,6528.86,expired_card,1,14,1,215,4.19,netbanking,0.933,1
pay_00534,cust_1555,1814.75,insufficient_funds,0,16,2,537,3.84,upi,0.889,1
pay_00535,cust_1181,1655.9,invalid_card,2,14,3,597,2.1,netbanking,0.824,0
pay_00536,cust_1753,2681.28,bank_timeout,3,3,6,478,2.66,card,0.333,0
pay_00537,cust_0349,697.01,insufficient_funds,1,10,3,639,4.24,upi,0.769,0
pay_00538,cust_1656,2449.68,invalid_card,3,19,6,526,2.61,upi,0.76,0
pay_00539,cust_0604,553.91,insufficient_funds,0,2,7,724,0.23,card,0.222,1
pay_00540,cust_0734,313.79,insufficient_funds,3,14,3,330,3.34,netbanking,0.824,0
pay_00541,cust_2009,350.44,insufficient_funds,0,12,7,352,4.28,upi,0.632,1
pay_00542,cust_1813,2112.78,bank_timeout,3,4,4,762,2.01,upi,0.5,1
pay_00543,cust_0449,6775.21,invalid_card,1,16,0,430,1.39,netbanking,1.0,0
pay_00544,cust_2421,1705.17,insufficient_funds,0,4,5,387,4.07,card,0.444,1
pay_00545,cust_2392,1682.17,expired_card,2,1,3,283,1.25,upi,0.25,0
pay_00546,cust_1279,1130.93,bank_timeout,2,1,7,703,4.33,card,0.125,0
pay_00547,cust_2327,353.43,expired_card,3,10,1,857,2.49,upi,0.909,0
pay_00548,cust_0844,2529.04,expired_card,1,15,1,890,4.27,upi,0.938,0
pay_00549,cust_0877,523.72,authentication_failed,0,18,1,636,1.75,netbanking,0.947,0
pay_00550,cust_0276,368.93,expired_card,2,13,8,350,1.08,netbanking,0.619,0
pay_00551,cust_1648,274.38,authentication_failed,3,6,7,304,4.69,card,0.462,0
pay_00552,cust_2183,441.68,authentication_failed,2,14,2,276,0.84,card,0.875,1
pay_00553,cust_1230,704.72,invalid_card,2,20,2,292,3.47,upi,0.909,1
pay_00554,cust_0968,1383.64,invalid_card,3,13,0,236,0.88,upi,1.0,0
pay_00555,cust_0559,207.74,invalid_card,0,2,5,646,1.56,card,0.286,0
pay_00556,cust_0261,469.17,invalid_card,1,7,1,614,3.7,netbanking,0.875,1
pay_00557,cust_0495,2898.4,invalid_card,1,19,1,821,4.05,card,0.95,1
pay_00558,cust_1349,8206.97,bank_timeout,0,5,3,311,2.25,card,0.625,1
pay_00559,cust_1042,457.87,expired_card,3,15,3,314,4.41,netbanking,0.833,1
pay_00560,cust_0594,307.9,insufficient_funds,1,8,8,423,1.62,netbanking,0.5,1
pay_00561,cust_1487,4654.44,invalid_card,3,8,4,122,4.69,card,0.667,0
pay_00562,cust_0965,1320.29,invalid_card,2,2,7,512,3.71,card,0.222,0
pay_00563,cust_1363,2639.66,authentication_failed,2,13,8,785,1.7,card,0.619,0
pay_00564,cust_0113,820.05,insufficient_funds,1,20,4,351,2.92,upi,0.833,0
pay_00565,cust_0454,757.67,authentication_failed,3,10,7,519,4.38,netbanking,0.588,0
pay_00566,cust_0547,843.05,insufficient_funds,2,5,6,927,1.95,upi,0.455,0
pay_00567,cust_2337,973.11,insufficient_funds,1,8,2,80,2.07,upi,0.8,1
pay_00568,cust_1757,379.12,insufficient_funds,3,14,7,151,1.2,netbanking,0.667,0
pay_00569,cust_0833,5015.45,invalid_card,3,6,3,873,1.49,card,0.667,0
pay_00570,cust_0776,1291.74,bank_timeout,3,7,5,626,3.45,netbanking,0.583,0
pay_00571,cust_1877,9819.82,bank_timeout,3,13,4,104,0.57,netbanking,0.765,1
pay_00572,cust_0241,214.63,insufficient_funds,3,9,6,717,1.92,upi,0.6,1
pay_00573,cust_2292,1339.56,invalid_card,0,10,8,473,0.79,card,0.556,0
pay_00574,cust_0479,1997.92,expired_card,2,8,4,559,1.63,upi,0.667,0
pay_00575,cust_0676,4058.7,insufficient_funds,1,1,3,217,0.28,card,0.25,0
pay_00576,cust_1066,9265.33,insufficient_funds,2,17,7,498,2.52,upi,0.708,0
pay_00577,cust_0607,546.7,authentication_failed,1,18,0,568,3.86,upi,1.0,1
pay_00578,cust_0740,2535.74,insufficient_funds,0,12,5,634,4.65,upi,0.706,1
pay_00579,cust_0435,8814.06,invalid_card,2,19,0,367,4.85,netbanking,1.0,0
pay_00580,cust_1856,865.04,bank_timeout,2,10,0,791,0.45,card,1.0,1
pay_00581,cust_2467,9754.38,insufficient_funds,1,5,6,828,2.07,card,0.455,0
pay_00582,cust_0632,1864.28,authentication_failed,2,3,5,554,1.08,card,0.375,0
pay_00583,cust_1825,5961.07,expired_card,1,13,6,125,0.3,netbanking,0.684,0
pay_00584,cust_1400,7994.73,authentication_failed,0,9,7,477,0.49,netbanking,0.562,1
pay_00585,cust_1957,991.11,authentication_failed,2,18,0,594,0.48,upi,1.0,0
pay_00586,cust_0185,1825.63,expired_card,0,16,0,146,3.73,upi,1.0,0
pay_00587,cust_1896,1785.52,expired_card,3,14,4,379,4.84,netbanking,0.778,0
pay_00588,cust_0767,262.32,invalid_card,0,0,6,149,0.17,netbanking,0.0,0
pay_00589,cust_1955,8208.98,expired_card,2,12,4,119,0.71,netbanking,0.75,0
pay_00590,cust_0057,256.24,bank_timeout,1,20,3,476,4.23,upi,0.87,1
pay_00591,cust_2207,256.27,insufficient_funds,1,14,7,512,0.2,card,0.667,1
pay_00592,cust_1842,374.57,expired_card,0,20,6,455,4.26,card,0.769,0
pay_00593,cust_2371,6411.99,authentication_failed,3,7,0,570,0.19,netbanking,1.0,1
pay_00594,cust_2361,5919.55,insufficient_funds,2,14,6,51,0.89,upi,0.7,0
pay_00595,cust_0788,2014.76,authentication_failed,3,4,4,770,3.59,netbanking,0.5,0
pay_00596,cust_1708,835.88,authentication_failed,2,2,7,162,0.95,card,0.222,0
pay_00597,cust_0641,1831.55,bank_timeout,0,0,5,932,1.38,card,0.0,1
pay_00598,cust_0650,2006.45,invalid_card,1,3,8,259,2.48,card,0.273,1
pay_00599,cust_1394,883.92,authentication_failed,0,1,7,848,2.34,netbanking,0.125,0
pay_00600,cust_0455,491.4,authentication_failed,0,5,1,921,1.11,card,0.833,0
pay_00601,cust_1482,246.11,bank_timeout,2,10,2,155,4.26,netbanking,0.833,0
pay_00602,cust_1799,8842.86,expired_card,1,2,4,411,3.6,upi,0.333,0
pay_00603,cust_1700,8273.8,bank_timeout,3,13,6,949,2.35,card,0.684,0
pay_00604,cust_2115,437.38,authentication_failed,0,10,5,441,4.91,card,0.667,1
pay_00605,cust_0674,696.24,authentication_failed,2,13,6,937,3.44,card,0.684,0
pay_00606,cust_2268,1627.08,authentication_failed,1,12,7,689,1.11,netbanking,0.632,1
pay_00607,cust_2230,5416.41,bank_timeout,0,1,8,372,2.01,upi,0.111,1
pay_00608,cust_0517,1427.26,authentication_failed,1,0,0,941,4.0,upi,0.0,0
pay_00609,cust_2427,276.61,insufficient_funds,2,20,8,392,0.71,upi,0.714,0
pay_00610,cust_0511,785.65,authentication_failed,1,11,4,321,3.37,netbanking,0.733,0
pay_00611,cust_2347,2038.81,authentication_failed,1,11,7,130,0.82,netbanking,0.611,0
pay_00612,cust_1744,9218.68,bank_timeout,0,11,8,442,2.98,upi,0.579,1
pay_00613,cust_2126,7454.59,invalid_card,3,5,2,547,0.72,netbanking,0.714,0
pay_00614,cust_1875,851.56,invalid_card,0,5,8,408,4.62,upi,0.385,0
pay_00615,cust_0487,379.48,authentication_failed,0,11,4,413,1.59,card,0.733,1
pay_00616,cust_1991,2566.8,expired_card,1,15,0,155,2.78,card,1.0,0
pay_00617,cust_0277,2145.55,invalid_card,1,4,8,681,2.36,upi,0.333,0
pay_00618,cust_1843,3625.12,invalid_card,3,10,8,76,4.79,card,0.556,0
pay_00619,cust_1815,2731.04,authentication_failed,0,20,8,117,1.04,netbanking,0.714,1
pay_00620,cust_2220,4325.58,authentication_failed,0,17,2,49,1.45,card,0.895,1
pay_00621,cust_0843,2774.42,invalid_card,0,15,0,378,2.24,netbanking,1.0,0
pay_00622,cust_1700,206.22,authentication_failed,2,4,2,291,3.86,card,0.667,0
pay_00623,cust_0632,1338.21,bank_timeout,0,9,6,131,1.67,card,0.6,1
pay_00624,cust_1691,466.9,bank_timeout,1,15,8,800,2.57,card,0.652,1
pay_00625,cust_0472,279.79,invalid_card,1,0,4,597,4.82,netbanking,0.0,0
pay_00626,cust_0416,5131.99,invalid_card,1,4,5,583,4.93,card,0.444,0
pay_00627,cust_1005,360.26,invalid_card,2,20,2,30,0.39,netbanking,0.909,0
pay_00628,cust_1976,625.19,authentication_failed,2,1,2,786,2.72,netbanking,0.333,0
pay_00629,cust_0287,1245.83,invalid_card,2,10,4,800,3.57,card,0.714,0
pay_00630,cust_1119,1682.92,insufficient_funds,1,20,0,653,2.43,netbanking,1.0,1
pay_00631,cust_0040,7922.39,authentication_failed,0,17,0,943,4.18,card,1.0,0
pay_00632,cust_1824,2624.75,invalid_card,0,3,7,409,4.69,card,0.3,1
pay_00633,cust_1821,2516.08,bank_timeout,2,7,3,535,4.84,card,0.7,1
pay_00634,cust_0151,951.35,invalid_card,2,18,8,535,0.94,card,0.692,0
pay_00635,cust_0794,396.95,authentication_failed,0,4,4,985,2.89,card,0.5,0
pay_00636,cust_0934,463.3,authentication_failed,2,17,7,32,4.7,netbanking,0.708,1
pay_00637,cust_0213,455.16,authentication_failed,3,11,8,807,0.31,upi,0.579,0
pay_00638,cust_0920,5213.38,bank_timeout,0,18,0,785,1.21,upi,1.0,1
pay_00639,cust_1736,486.33,insufficient_funds,3,13,0,636,4.01,card,1.0,1
pay_00640,cust_1370,451.15,expired_card,1,2,7,812,0.57,netbanking,0.222,0
pay_00641,cust_1829,1121.31,insufficient_funds,0,14,0,338,3.09,card,1.0,1
pay_00642,cust_1769,5064.12,invalid_card,3,7,0,494,1.98,card,1.0,0
pay_00643,cust_1754,462.98,invalid_card,2,18,3,140,0.6,netbanking,0.857,0
pay_00644,cust_2438,795.85,authentication_failed,2,13,7,772,3.14,upi,0.65,0
pay_00645,cust_0762,5181.36,authentication_failed,2,9,8,824,0.81,netbanking,0.529,1
pay_00646,cust_1924,671.11,insufficient_funds,0,13,5,230,4.88,card,0.722,1
pay_00647,cust_0825,7862.78,authentication_failed,2,18,5,660,1.57,netbanking,0.783,1
pay_00648,cust_1347,726.7,insufficient_funds,1,7,7,668,1.14,netbanking,0.5,0
pay_00649,cust_1970,975.34,invalid_card,0,11,0,105,1.85,card,1.0,0
pay_00650,cust_2273,1388.61,insufficient_funds,1,6,4,208,1.17,card,0.6,1
pay_00651,cust_1074,414.65,bank_timeout,0,0,2,418,3.31,upi,0.0,1
pay_00652,cust_0455,1911.95,bank_timeout,3,2,1,177,4.43,netbanking,0.667,0
pay_00653,cust_0536,5619.41,bank_timeout,1,17,4,838,0.83,card,0.81,1
pay_00654,cust_1013,8959.67,bank_timeout,0,15,1,201,2.59,netbanking,0.938,1
pay_00655,cust_2086,7986.7,invalid_card,2,18,6,683,4.61,upi,0.75,1
pay_00656,cust_2392,603.39,invalid_card,2,13,6,615,0.87,card,0.684,1
pay_00657,cust_1533,2502.49,bank_timeout,0,14,8,666,1.75,netbanking,0.636,0
pay_00658,cust_1848,5218.83,insufficient_funds,3,7,4,690,0.47,card,0.636,0
pay_00659,cust_0338,2092.76,bank_timeout,0,2,5,69,2.78,card,0.286,1
pay_00660,cust_1368,1605.13,bank_timeout,1,17,4,38,3.87,netbanking,0.81,0
pay_00661,cust_1155,445.69,invalid_card,1,12,3,262,3.64,netbanking,0.8,1
pay_00662,cust_0860,8302.59,expired_card,2,6,6,818,4.72,card,0.5,0
pay_00663,cust_1711,724.54,expired_card,0,15,5,377,1.2,netbanking,0.75,0
pay_00664,cust_1744,2556.51,authentication_failed,0,4,2,368,2.88,card,0.667,0
pay_00665,cust_2470,5668.85,insufficient_funds,3,6,7,141,1.71,netbanking,0.462,0
pay_00666,cust_1850,652.02,insufficient_funds,3,0,2,233,0.44,netbanking,0.0,0
pay_00667,cust_1581,284.15,expired_card,0,5,5,910,4.56,netbanking,0.5,0
pay_00668,cust_1602,246.11,invalid_card,1,6,4,472,4.11,card,0.6,0
pay_00669,cust_1945,4420.61,expired_card,0,4,7,95,4.14,card,0.364,0
pay_00670,cust_2478,9153.8,invalid_card,0,2,4,691,4.42,netbanking,0.333,0
pay_00671,cust_1870,920.48,invalid_card,1,19,6,498,1.98,card,0.76,0
pay_00672,cust_0752,547.67,expired_card,2,2,3,960,2.52,netbanking,0.4,0
pay_00673,cust_2265,2510.04,invalid_card,1,8,3,548,0.32,upi,0.727,0
pay_00674,cust_0110,5667.71,bank_timeout,0,0,4,147,3.57,upi,0.0,0
pay_00675,cust_0560,873.59,invalid_card,3,8,2,204,4.21,card,0.8,1
pay_00676,cust_2487,229.15,insufficient_funds,2,4,7,396,0.97,netbanking,0.364,1
pay_00677,cust_0142,466.81,invalid_card,2,14,0,642,0.12,netbanking,1.0,0
pay_00678,cust_1546,429.13,insufficient_funds,0,0,5,870,1.04,upi,0.0,1
pay_00679,cust_0259,940.26,bank_timeout,3,16,1,865,1.7,card,0.941,1
pay_00680,cust_2303,5765.05,insufficient_funds,1,3,5,361,0.95,card,0.375,0
pay_00681,cust_1648,1425.32,authentication_failed,0,2,3,450,1.58,upi,0.4,1
pay_00682,cust_2453,994.25,expired_card,2,20,6,724,4.63,card,0.769,0
pay_00683,cust_0545,5225.45,insufficient_funds,0,19,7,421,2.6,upi,0.731,0
pay_00684,cust_0953,350.03,expired_card,3,7,1,91,0.77,card,0.875,0
pay_00685,cust_2043,3265.31,expired_card,2,10,0,563,3.98,card,1.0,0
pay_00686,cust_1700,1047.36,expired_card,1,17,0,958,4.6,card,1.0,0
pay_00687,cust_1018,1444.67,bank_timeout,0,2,7,101,4.77,upi,0.222,1
pay_00688,cust_0214,570.62,bank_timeout,0,13,7,348,0.9,netbanking,0.65,1
pay_00689,cust_0810,4997.18,bank_timeout,3,2,5,437,1.95,upi,0.286,1
pay_00690,cust_1929,8321.51,insufficient_funds,3,2,4,639,2.73,upi,0.333,0
pay_00691,cust_2265,6174.77,authentication_failed,3,2,5,169,3.6,netbanking,0.286,0
pay_00692,cust_0802,1025.66,invalid_card,3,12,5,423,2.5,upi,0.706,0
pay_00693,cust_2410,941.61,bank_timeout,2,11,8,756,2.49,upi,0.579,0
pay_00694,cust_1509,824.8,invalid_card,2,20,0,744,3.36,card,1.0,1
pay_00695,cust_0606,727.28,insufficient_funds,0,20,6,437,3.56,card,0.769,0
pay_00696,cust_0330,1845.47,expired_card,3,18,4,781,2.12,netbanking,0.818,0
pay_00697,cust_0365,2594.27,bank_timeout,3,9,0,202,4.1,netbanking,1.0,0
pay_00698,cust_0007,1835.26,invalid_card,1,11,2,750,0.76,card,0.846,1
pay_00699,cust_1993,973.29,bank_timeout,1,6,4,953,4.37,card,0.6,1
pay_00700,cust_1806,2735.86,insufficient_funds,0,8,1,380,0.25,upi,0.889,1
pay_00701,cust_0962,342.37,authentication_failed,0,6,8,840,0.14,card,0.429,0
pay_00702,cust_2470,1531.41,authentication_failed,2,11,5,352,4.1,upi,0.688,0
pay_00703,cust_1480,1114.43,insufficient_funds,3,12,2,56,3.05,card,0.857,1
pay_00704,cust_2174,5578.64,authentication_failed,1,0,5,47,3.21,upi,0.0,0
pay_00705,cust_0188,4634.68,invalid_card,0,11,6,991,4.66,netbanking,0.647,0
pay_00706,cust_1951,2809.5,authentication_failed,1,16,8,62,0.73,card,0.667,0
pay_00707,cust_0357,835.86,invalid_card,3,17,3,279,1.14,card,0.85,0
pay_00708,cust_0367,1058.41,invalid_card,1,8,7,949,3.39,upi,0.533,0
pay_00709,cust_0557,1983.43,bank_timeout,0,20,5,416,4.56,netbanking,0.8,1
pay_00710,cust_1564,891.76,bank_timeout,0,9,1,144,0.54,upi,0.9,1
pay_00711,cust_2426,1232.1,invalid_card,0,9,0,634,2.72,netbanking,1.0,1
pay_00712,cust_1590,659.5,authentication_failed,1,3,6,39,2.74,netbanking,0.333,0
pay_00713,cust_1887,4532.11,bank_timeout,2,4,0,643,1.67,netbanking,1.0,1
pay_00714,cust_2058,7944.95,bank_timeout,2,12,0,859,1.73,upi,1.0,1
pay_00715,cust_0863,966.28,invalid_card,3,9,2,52,2.78,netbanking,0.818,0
pay_00716,cust_1383,325.73,authentication_failed,2,9,3,747,4.3,netbanking,0.75,1
pay_00717,cust_1613,228.2,expired_card,1,18,2,482,3.51,upi,0.9,0
pay_00718,cust_1193,468.17,expired_card,0,4,6,467,3.43,netbanking,0.4,0
pay_00719,cust_0690,476.8,insufficient_funds,2,18,6,182,3.17,netbanking,0.75,0
pay_00720,cust_1655,559.28,invalid_card,0,14,6,311,3.2,netbanking,0.7,1
pay_00721,cust_1824,559.88,insufficient_funds,3,8,1,843,3.01,netbanking,0.889,1
pay_00722,cust_1573,344.26,expired_card,1,12,0,433,2.82,card,1.0,1
pay_00723,cust_2198,434.04,bank_timeout,0,5,2,35,2.82,netbanking,0.714,1
pay_00724,cust_1288,1412.25,insufficient_funds,0,16,4,402,4.83,card,0.8,1
pay_00725,cust_0703,1000.17,authentication_failed,1,18,7,741,1.63,upi,0.72,0
pay_00726,cust_1443,380.85,bank_timeout,1,4,4,906,4.18,card,0.5,0
pay_00727,cust_0550,3899.32,insufficient_funds,2,8,6,695,4.53,netbanking,0.571,1
pay_00728,cust_1639,971.43,authentication_failed,0,20,4,678,3.51,card,0.833,0
pay_00729,cust_0790,781.26,invalid_card,2,13,6,56,4.82,card,0.684,1
pay_00730,cust_1014,222.26,expired_card,0,11,5,826,1.44,netbanking,0.688,1
pay_00731,cust_0925,281.09,insufficient_funds,2,18,7,127,2.69,card,0.72,1
pay_00732,cust_2344,775.22,expired_card,1,11,8,594,3.01,upi,0.579,1
pay_00733,cust_1650,563.66,bank_timeout,3,18,4,84,4.6,card,0.818,1
pay_00734,cust_1517,624.31,invalid_card,3,16,4,312,4.77,upi,0.8,1
pay_00735,cust_2133,481.5,expired_card,2,2,1,108,3.68,upi,0.667,0
pay_00736,cust_0384,6878.56,insufficient_funds,1,15,7,557,3.46,upi,0.682,1
pay_00737,cust_2181,408.36,invalid_card,2,7,8,730,3.09,netbanking,0.467,0
pay_00738,cust_2488,584.1,bank_timeout,2,4,8,391,4.77,card,0.333,1
pay_00739,cust_1732,585.07,authentication_failed,2,9,7,330,1.4,card,0.562,0
pay_00740,cust_0010,420.41,invalid_card,3,1,5,36,3.12,netbanking,0.167,0
pay_00741,cust_1346,8056.31,expired_card,0,13,7,232,0.52,card,0.65,1
pay_00742,cust_2107,2825.31,bank_timeout,3,11,4,403,2.2,upi,0.733,1
pay_00743,cust_0747,7593.3,bank_timeout,2,13,0,397,4.43,card,1.0,1
pay_00744,cust_0813,1267.23,insufficient_funds,1,15,4,151,2.16,card,0.789,0
pay_00745,cust_2254,8256.88,authentication_failed,3,4,1,140,3.98,netbanking,0.8,1
pay_00746,cust_0517,2534.0,invalid_card,0,13,7,326,1.48,netbanking,0.65,0
pay_00747,cust_0339,623.63,expired_card,2,7,6,233,2.42,card,0.538,0
pay_00748,cust_0423,750.66,bank_timeout,1,12,0,310,4.95,card,1.0,1
pay_00749,cust_0599,3356.64,authentication_failed,1,7,5,466,2.45,upi,0.583,0
pay_00750,cust_2089,1220.0,invalid_card,2,1,2,71,0.1,card,0.333,1
pay_00751,cust_1318,735.56,expired_card,2,10,4,144,0.57,upi,0.714,1
pay_00752,cust_0056,1260.49,authentication_failed,2,7,4,245,2.96,netbanking,0.636,1
pay_00753,cust_0358,565.11,bank_timeout,3,3,1,994,2.78,netbanking,0.75,0
pay_00754,cust_1405,736.63,insufficient_funds,1,13,8,758,1.34,card,0.619,1
pay_00755,cust_2296,8020.56,insufficient_funds,3,16,8,839,0.21,upi,0.667,0
pay_00756,cust_2455,281.24,bank_timeout,3,15,8,921,2.62,netbanking,0.652,0
pay_00757,cust_0308,8454.83,authentication_failed,1,5,0,193,2.9,upi,1.0,0
pay_00758,cust_2426,2580.5,expired_card,2,8,8,151,0.94,card,0.5,0
pay_00759,cust_0187,2278.59,bank_timeout,0,20,3,873,1.13,upi,0.87,1
pay_00760,cust_0476,199.42,authentication_failed,1,13,4,362,4.93,upi,0.765,0
pay_00761,cust_0043,446.18,authentication_failed,0,12,4,920,3.17,netbanking,0.75,1
pay_00762,cust_2476,4881.29,bank_timeout,1,13,5,181,4.52,upi,0.722,1
pay_00763,cust_0384,4232.6,bank_timeout,2,0,4,196,4.44,netbanking,0.0,0
pay_00764,cust_1615,5984.34,invalid_card,1,0,1,416,1.98,card,0.0,1
pay_00765,cust_0451,880.96,insufficient_funds,1,20,0,841,4.84,upi,1.0,0
pay_00766,cust_0436,908.31,invalid_card,3,5,4,369,2.45,netbanking,0.556,0
pay_00767,cust_0999,215.76,insufficient_funds,2,3,8,937,4.2,netbanking,0.273,0
pay_00768,cust_0581,1453.12,expired_card,3,3,7,203,4.95,card,0.3,0
pay_00769,cust_0920,229.52,expired_card,0,19,2,212,2.2,card,0.905,0
pay_00770,cust_1372,1300.29,authentication_failed,2,3,4,968,2.55,upi,0.429,0
pay_00771,cust_1512,478.86,bank_timeout,1,10,2,429,2.29,netbanking,0.833,1
pay_00772,cust_1960,556.47,insufficient_funds,1,5,6,391,1.66,upi,0.455,0
pay_00773,cust_1737,985.45,bank_timeout,3,17,7,581,2.72,upi,0.708,0
pay_00774,cust_2182,614.83,insufficient_funds,2,0,3,901,0.18,card,0.0,0
pay_00775,cust_2288,1220.2,bank_timeout,3,4,8,983,4.57,upi,0.333,1
pay_00776,cust_0994,612.07,invalid_card,0,13,5,85,3.54,netbanking,0.722,0
pay_00777,cust_2383,2740.08,bank_timeout,1,2,0,612,4.17,card,1.0,1
pay_00778,cust_1706,2486.37,invalid_card,2,14,0,323,0.65,upi,1.0,0
pay_00779,cust_0246,463.35,invalid_card,3,17,4,971,2.9,upi,0.81,0
pay_00780,cust_1254,9810.88,bank_timeout,1,12,0,254,2.02,netbanking,1.0,1
pay_00781,cust_2291,6341.44,invalid_card,0,11,6,229,1.42,card,0.647,0
pay_00782,cust_0428,2692.37,bank_timeout,0,2,3,641,0.15,netbanking,0.4,1
pay_00783,cust_1267,255.32,authentication_failed,0,18,7,76,0.34,netbanking,0.72,1
pay_00784,cust_0382,4976.53,authentication_failed,2,12,5,162,3.54,card,0.706,0
pay_00785,cust_0399,947.36,insufficient_funds,3,15,0,327,0.89,netbanking,1.0,0
pay_00786,cust_1897,812.35,bank_timeout,1,16,8,776,3.08,netbanking,0.667,1
pay_00787,cust_2144,2569.92,authentication_failed,0,12,3,243,4.99,upi,0.8,1
pay_00788,cust_2486,221.5,bank_timeout,0,15,1,495,1.64,upi,0.938,1
pay_00789,cust_1211,639.78,invalid_card,3,8,7,695,4.63,upi,0.533,0
pay_00790,cust_0508,5006.09,authentication_failed,1,14,5,554,4.24,netbanking,0.737,0
pay_00791,cust_1285,311.1,authentication_failed,0,7,8,38,0.86,netbanking,0.467,0
pay_00792,cust_0432,3510.78,invalid_card,0,11,7,509,3.25,netbanking,0.611,1
pay_00793,cust_1905,9715.88,invalid_card,3,10,1,354,1.78,card,0.909,1
pay_00794,cust_2476,344.89,authentication_failed,3,4,3,357,2.88,card,0.571,0
pay_00795,cust_2463,8526.12,bank_timeout,1,0,6,306,1.34,card,0.0,0
pay_00796,cust_0722,5088.06,invalid_card,1,8,2,880,0.36,netbanking,0.8,1
pay_00797,cust_1756,5444.58,invalid_card,1,13,5,964,3.5,upi,0.722,0
pay_00798,cust_1594,779.89,expired_card,2,0,2,948,2.35,netbanking,0.0,0
pay_00799,cust_0605,2583.24,authentication_failed,0,14,2,679,2.3,netbanking,0.875,1
pay_00800,cust_2370,609.09,authentication_failed,1,11,3,225,4.86,upi,0.786,1
pay_00801,cust_2363,1727.23,authentication_failed,3,20,7,453,2.11,card,0.741,0
pay_00802,cust_1443,712.5,invalid_card,2,5,8,639,0.9,upi,0.385,0
pay_00803,cust_1786,2376.41,authentication_failed,0,3,1,695,0.18,card,0.75,0
pay_00804,cust_1685,6812.59,authentication_failed,0,9,6,246,1.19,netbanking,0.6,0
pay_00805,cust_1863,2711.83,invalid_card,3,0,5,830,1.2,upi,0.0,0
pay_00806,cust_1162,9317.81,bank_timeout,3,1,0,56,0.85,card,1.0,1
pay_00807,cust_1534,758.96,authentication_failed,1,17,6,227,3.12,upi,0.739,1
pay_00808,cust_1612,3901.96,bank_timeout,2,16,2,477,1.23,upi,0.889,1
pay_00809,cust_0518,2567.78,authentication_failed,2,6,1,125,0.23,card,0.857,1
pay_00810,cust_0048,387.67,authentication_failed,0,4,7,679,3.19,upi,0.364,1
pay_00811,cust_1467,825.61,invalid_card,0,8,1,987,0.8,upi,0.889,1
pay_00812,cust_0095,390.52,insufficient_funds,2,8,2,125,0.48,card,0.8,0
pay_00813,cust_1481,8567.29,insufficient_funds,0,6,6,414,4.46,upi,0.5,1
pay_00814,cust_1847,441.56,insufficient_funds,2,15,8,35,0.88,upi,0.652,0
pay_00815,cust_1043,596.23,bank_timeout,0,6,0,365,0.78,upi,1.0,1
pay_00816,cust_0342,417.32,expired_card,2,14,7,476,2.61,netbanking,0.667,1
pay_00817,cust_1639,1395.56,invalid_card,2,5,3,769,2.49,card,0.625,1
pay_00818,cust_1828,7359.75,invalid_card,2,11,1,490,0.92,card,0.917,0
pay_00819,cust_0139,1819.21,invalid_card,0,5,5,469,3.98,card,0.5,0
pay_00820,cust_1466,1742.95,insufficient_funds,2,0,5,248,2.38,card,0.0,0
pay_00821,cust_1318,780.26,insufficient_funds,2,19,1,617,4.47,netbanking,0.95,0
pay_00822,cust_1728,403.64,invalid_card,0,8,6,152,0.71,upi,0.571,0
pay_00823,cust_0701,379.43,authentication_failed,3,9,2,891,4.84,card,0.818,1
pay_00824,cust_0152,467.75,invalid_card,3,9,4,354,3.79,card,0.692,0
pay_00825,cust_1640,1987.14,invalid_card,0,11,1,59,1.2,upi,0.917,0
pay_00826,cust_0043,995.78,bank_timeout,1,11,8,35,4.68,card,0.579,1
pay_00827,cust_0216,276.91,expired_card,3,8,2,977,0.78,upi,0.8,1
pay_00828,cust_1888,7088.33,invalid_card,0,16,8,276,2.93,netbanking,0.667,1
pay_00829,cust_2008,2461.0,expired_card,0,11,8,885,4.38,netbanking,0.579,1
pay_00830,cust_0844,537.5,invalid_card,1,15,1,378,1.12,upi,0.938,1
pay_00831,cust_2419,9609.73,bank_timeout,0,4,3,968,1.88,netbanking,0.571,0
pay_00832,cust_1854,2559.26,invalid_card,2,18,1,180,2.36,card,0.947,0
pay_00833,cust_0439,422.51,invalid_card,3,11,4,151,4.64,netbanking,0.733,0
pay_00834,cust_0345,1793.46,insufficient_funds,2,11,1,80,3.28,upi,0.917,1
pay_00835,cust_1731,4931.2,authentication_failed,0,1,3,143,1.18,upi,0.25,0
pay_00836,cust_0218,1477.3,bank_timeout,3,12,6,133,1.18,netbanking,0.667,1
pay_00837,cust_1099,1406.95,insufficient_funds,1,16,7,786,1.6,card,0.696,1
pay_00838,cust_0978,5324.76,bank_timeout,3,13,5,51,0.97,card,0.722,1
pay_00839,cust_1081,2519.76,invalid_card,0,15,3,513,0.64,netbanking,0.833,0
pay_00840,cust_0072,994.22,bank_timeout,0,9,5,493,2.5,card,0.643,1
pay_00841,cust_1437,495.94,expired_card,2,16,7,145,1.42,upi,0.696,1
pay_00842,cust_2128,510.34,expired_card,0,7,6,398,1.11,upi,0.538,0
pay_00843,cust_0366,9757.21,authentication_failed,2,11,5,430,2.99,card,0.688,1
pay_00844,cust_1132,291.8,invalid_card,2,9,1,38,2.54,upi,0.9,0
pay_00845,cust_0603,574.96,expired_card,2,2,4,45,2.32,upi,0.333,0
pay_00846,cust_0891,5140.44,expired_card,0,1,4,171,1.82,netbanking,0.2,0
pay_00847,cust_1161,434.58,expired_card,1,13,1,327,1.17,card,0.929,0
pay_00848,cust_1939,5703.3,insufficient_funds,2,19,4,207,2.86,upi,0.826,1
pay_00849,cust_1321,4749.89,authentication_failed,2,9,1,334,2.88,card,0.9,0
pay_00850,cust_1889,687.61,authentication_failed,2,16,5,509,1.84,upi,0.762,1
pay_00851,cust_1911,6911.8,insufficient_funds,2,7,8,412,0.72,card,0.467,1
pay_00852,cust_2226,938.02,invalid_card,0,14,8,501,4.21,netbanking,0.636,0
pay_00853,cust_0347,215.41,expired_card,3,10,0,154,3.73,netbanking,1.0,1
pay_00854,cust_2093,4008.92,bank_timeout,1,9,4,766,4.95,card,0.692,1
pay_00855,cust_0027,811.21,authentication_failed,0,7,3,136,2.42,card,0.7,1
pay_00856,cust_2072,527.77,bank_timeout,2,19,7,909,3.32,netbanking,0.731,1
pay_00857,cust_0505,817.46,bank_timeout,1,15,7,326,1.52,netbanking,0.682,1
pay_00858,cust_0410,486.73,invalid_card,3,4,0,320,2.34,upi,1.0,0
pay_00859,cust_2312,7552.31,insufficient_funds,1,14,7,313,0.14,upi,0.667,1
pay_00860,cust_0649,5441.49,authentication_failed,1,20,2,390,3.31,card,0.909,1
pay_00861,cust_2307,2572.61,invalid_card,3,12,7,650,3.33,card,0.632,0
pay_00862,cust_2360,2317.15,authentication_failed,2,18,6,99,0.32,netbanking,0.75,1
pay_00863,cust_0652,1998.37,bank_timeout,1,3,2,775,4.47,netbanking,0.6,1
pay_00864,cust_1721,475.71,invalid_card,0,5,5,140,3.52,upi,0.5,0
pay_00865,cust_1547,4369.83,invalid_card,2,7,3,789,0.89,netbanking,0.7,1
pay_00866,cust_2165,441.6,bank_timeout,1,0,5,822,2.1,card,0.0,0
pay_00867,cust_2239,9703.25,bank_timeout,3,16,5,395,3.13,card,0.762,0
pay_00868,cust_2289,455.03,authentication_failed,1,16,4,133,0.68,card,0.8,1
pay_00869,cust_0945,1045.06,expired_card,2,2,2,324,0.47,upi,0.5,0
pay_00870,cust_2357,271.42,authentication_failed,0,18,7,989,4.6,netbanking,0.72,1
pay_00871,cust_1078,394.97,bank_timeout,2,1,3,535,0.46,card,0.25,0
pay_00872,cust_2310,470.3,invalid_card,0,17,7,999,0.73,netbanking,0.708,1
pay_00873,cust_0171,5451.45,expired_card,0,1,0,822,3.93,card,1.0,1
pay_00874,cust_0804,8164.73,insufficient_funds,3,4,6,748,2.19,upi,0.4,0
pay_00875,cust_0565,2230.69,bank_timeout,3,1,3,267,0.55,upi,0.25,0
pay_00876,cust_0042,267.14,insufficient_funds,1,1,1,88,0.72,netbanking,0.5,1
pay_00877,cust_0740,2204.23,bank_timeout,3,15,1,702,0.48,netbanking,0.938,1
pay_00878,cust_1025,602.72,invalid_card,2,11,8,329,4.36,netbanking,0.579,1
pay_00879,cust_1001,357.05,expired_card,3,8,1,238,4.57,upi,0.889,1
pay_00880,cust_2134,870.21,insufficient_funds,3,20,7,146,0.2,card,0.741,1
pay_00881,cust_0139,280.09,expired_card,3,15,0,913,1.97,netbanking,1.0,0
pay_00882,cust_1819,212.32,expired_card,2,0,5,974,4.16,card,0.0,0
pay_00883,cust_1076,5386.27,invalid_card,0,3,8,427,4.77,netbanking,0.273,0
pay_00884,cust_1178,1926.54,bank_timeout,3,7,2,959,0.17,upi,0.778,0
pay_00885,cust_1124,5362.39,insufficient_funds,2,11,4,705,1.33,netbanking,0.733,0
pay_00886,cust_2491,653.14,invalid_card,0,14,0,507,0.28,upi,1.0,1
pay_00887,cust_1470,343.06,expired_card,2,2,7,214,1.36,netbanking,0.222,1
pay_00888,cust_1132,276.86,bank_timeout,0,5,8,911,2.26,card,0.385,1
pay_00889,cust_1300,1121.56,expired_card,2,17,0,644,1.25,card,1.0,1
pay_00890,cust_0448,2021.56,authentication_failed,3,2,6,926,1.49,upi,0.25,0
pay_00891,cust_0102,1669.64,invalid_card,0,5,5,75,1.53,upi,0.5,0
pay_00892,cust_0615,2217.47,bank_timeout,0,4,6,810,4.99,upi,0.4,0
pay_00893,cust_0322,6957.25,authentication_failed,0,16,0,651,2.41,netbanking,1.0,1
pay_00894,cust_2149,658.15,expired_card,2,7,7,352,3.77,card,0.5,0
pay_00895,cust_0473,406.92,expired_card,0,11,7,649,1.23,netbanking,0.611,0
pay_00896,cust_1716,913.08,invalid_card,1,19,4,844,1.51,netbanking,0.826,0
pay_00897,cust_1286,4038.64,bank_timeout,3,0,2,153,2.15,card,0.0,1
pay_00898,cust_2272,9085.34,insufficient_funds,1,2,2,557,4.35,netbanking,0.5,1
pay_00899,cust_1590,1804.23,insufficient_funds,2,18,1,769,0.32,upi,0.947,0
pay_00900,cust_1454,8184.14,expired_card,1,5,8,115,0.85,upi,0.385,1
pay_00901,cust_0032,5655.24,bank_timeout,2,3,3,334,2.52,netbanking,0.5,1
pay_00902,cust_0198,8907.61,expired_card,3,10,2,176,0.31,upi,0.833,0
pay_00903,cust_0863,2758.29,expired_card,0,9,4,528,2.25,card,0.692,1
pay_00904,cust_0694,957.93,expired_card,0,6,8,888,2.59,card,0.429,0
pay_00905,cust_0692,950.37,insufficient_funds,0,11,3,318,4.71,upi,0.786,0
pay_00906,cust_2340,326.95,insufficient_funds,3,15,4,118,4.34,upi,0.789,0
pay_00907,cust_1141,558.11,insufficient_funds,1,16,5,312,2.32,upi,0.762,0
pay_00908,cust_2101,400.62,invalid_card,2,6,8,706,4.2,card,0.429,0
pay_00909,cust_0146,813.02,bank_timeout,3,4,7,863,1.02,upi,0.364,0
pay_00910,cust_2035,599.09,insufficient_funds,0,15,8,655,1.12,upi,0.652,1
pay_00911,cust_0730,843.3,expired_card,1,9,3,926,1.53,upi,0.75,0
pay_00912,cust_1987,2195.09,insufficient_funds,0,9,6,487,1.69,card,0.6,1
pay_00913,cust_1741,3794.64,bank_timeout,3,19,6,733,1.25,upi,0.76,1
pay_00914,cust_1192,2701.13,expired_card,2,13,6,858,2.27,netbanking,0.684,0
pay_00915,cust_1633,277.21,expired_card,3,7,2,578,1.11,upi,0.778,0
pay_00916,cust_0452,483.36,insufficient_funds,0,10,5,815,3.85,upi,0.667,1
pay_00917,cust_0260,758.81,authentication_failed,1,9,2,962,1.93,upi,0.818,1
pay_00918,cust_1694,263.68,authentication_failed,3,15,0,190,1.49,card,1.0,1
pay_00919,cust_0100,268.0,invalid_card,3,4,4,912,0.52,netbanking,0.5,0
pay_00920,cust_0303,851.04,insufficient_funds,3,6,4,833,1.69,netbanking,0.6,0
pay_00921,cust_2099,3697.65,invalid_card,3,2,3,446,2.85,upi,0.4,0
pay_00922,cust_1980,5676.48,invalid_card,0,14,3,621,4.88,upi,0.824,0
pay_00923,cust_1628,1953.14,expired_card,0,3,8,203,1.12,card,0.273,1
pay_00924,cust_2007,541.86,insufficient_funds,2,13,4,788,1.76,upi,0.765,0
pay_00925,cust_0617,2196.86,bank_timeout,3,17,7,350,4.8,netbanking,0.708,0
pay_00926,cust_0966,295.55,insufficient_funds,0,12,2,805,0.17,upi,0.857,1
pay_00927,cust_2130,423.44,invalid_card,1,20,8,528,0.79,upi,0.714,1
pay_00928,cust_2241,1235.05,authentication_failed,2,18,2,174,1.52,upi,0.9,1
pay_00929,cust_0838,7231.02,invalid_card,2,4,2,566,3.6,card,0.667,0
pay_00930,cust_1941,201.95,expired_card,1,6,1,580,2.35,netbanking,0.857,1
pay_00931,cust_0388,733.88,expired_card,0,6,4,321,4.12,netbanking,0.6,0
pay_00932,cust_1746,2248.38,authentication_failed,1,2,2,135,3.68,netbanking,0.5,0
pay_00933,cust_1147,6655.7,expired_card,2,19,7,244,0.92,netbanking,0.731,0
pay_00934,cust_0950,545.58,invalid_card,2,2,0,170,2.61,card,1.0,1
pay_00935,cust_1801,735.37,authentication_failed,3,12,7,393,1.63,upi,0.632,1
pay_00936,cust_2139,539.02,expired_card,1,13,8,482,2.5,netbanking,0.619,1
pay_00937,cust_1027,404.61,expired_card,2,13,3,661,2.84,upi,0.812,0
pay_00938,cust_0783,3074.7,expired_card,1,0,4,366,0.56,netbanking,0.0,1
pay_00939,cust_1511,1025.98,invalid_card,0,8,4,670,0.38,upi,0.667,0
pay_00940,cust_2344,9979.62,invalid_card,3,20,8,856,0.61,card,0.714,0
pay_00941,cust_1514,946.24,insufficient_funds,0,1,7,682,3.58,upi,0.125,1
pay_00942,cust_1288,228.24,expired_card,2,5,5,558,0.17,netbanking,0.5,0
pay_00943,cust_1652,833.19,expired_card,1,14,0,312,3.08,card,1.0,0
pay_00944,cust_2071,2683.41,expired_card,2,3,5,507,2.88,netbanking,0.375,0
pay_00945,cust_0353,368.86,bank_timeout,0,5,0,252,3.23,upi,1.0,1
pay_00946,cust_1886,861.41,bank_timeout,0,12,4,212,1.47,upi,0.75,1
pay_00947,cust_2315,612.75,expired_card,3,8,1,531,1.84,upi,0.889,0
pay_00948,cust_1490,820.27,insufficient_funds,3,4,8,612,1.13,netbanking,0.333,1
pay_00949,cust_1778,2591.75,insufficient_funds,1,8,3,508,1.38,netbanking,0.727,0
pay_00950,cust_0473,1949.94,expired_card,3,18,0,360,3.54,netbanking,1.0,0
pay_00951,cust_1470,459.8,bank_timeout,2,5,7,589,1.01,upi,0.417,1
pay_00952,cust_0090,7860.79,invalid_card,2,11,5,524,3.42,card,0.688,0
pay_00953,cust_1230,211.04,invalid_card,2,18,6,637,0.24,upi,0.75,0
pay_00954,cust_2098,649.99,authentication_failed,1,10,0,122,1.62,card,1.0,1
pay_00955,cust_0580,728.9,bank_timeout,2,9,1,219,1.26,card,0.9,1
pay_00956,cust_0833,1308.12,insufficient_funds,1,11,1,512,2.79,upi,0.917,1
pay_00957,cust_1615,955.5,insufficient_funds,1,10,2,439,3.89,upi,0.833,1
pay_00958,cust_1160,444.94,expired_card,0,7,2,816,1.25,upi,0.778,1
pay_00959,cust_1484,300.96,bank_timeout,3,6,0,246,1.58,card,1.0,1
pay_00960,cust_0381,4994.46,invalid_card,2,13,2,197,2.05,card,0.867,0
pay_00961,cust_2120,449.27,invalid_card,1,10,2,618,2.58,card,0.833,0
pay_00962,cust_1863,202.48,expired_card,2,20,1,648,4.05,upi,0.952,1
pay_00963,cust_1845,2423.33,insufficient_funds,3,17,6,921,3.41,card,0.739,1
pay_00964,cust_0616,4804.6,invalid_card,3,9,0,154,4.35,card,1.0,0
pay_00965,cust_1886,2372.09,expired_card,2,5,4,395,2.14,card,0.556,0
pay_00966,cust_1830,296.39,authentication_failed,3,7,2,116,2.72,netbanking,0.778,1
pay_00967,cust_0517,4922.6,authentication_failed,3,1,1,364,1.93,card,0.5,0
pay_00968,cust_0602,381.81,expired_card,2,13,6,52,1.0,netbanking,0.684,0
pay_00969,cust_1053,415.48,bank_timeout,2,9,8,582,4.29,netbanking,0.529,0
pay_00970,cust_0999,4506.25,expired_card,1,8,8,717,0.32,netbanking,0.5,0
pay_00971,cust_1633,471.92,invalid_card,1,8,4,503,3.04,netbanking,0.667,1
pay_00972,cust_1304,2417.31,authentication_failed,3,20,5,584,2.01,upi,0.8,1
pay_00973,cust_2285,6110.24,invalid_card,1,12,4,442,0.26,card,0.75,0
pay_00974,cust_2341,815.06,authentication_failed,2,9,5,492,3.41,upi,0.643,1
pay_00975,cust_0122,6953.68,insufficient_funds,3,7,6,973,2.73,upi,0.538,0
pay_00976,cust_1551,381.14,authentication_failed,1,5,6,593,2.1,upi,0.455,0
pay_00977,cust_0892,324.45,expired_card,3,7,6,536,3.81,netbanking,0.538,0
pay_00978,cust_1173,2846.9,insufficient_funds,2,14,2,729,4.55,netbanking,0.875,1
pay_00979,cust_1571,373.05,authentication_failed,1,19,8,112,3.04,card,0.704,1
pay_00980,cust_1675,6984.57,insufficient_funds,0,19,6,595,2.61,upi,0.76,0
pay_00981,cust_0791,580.53,invalid_card,1,10,2,330,0.42,netbanking,0.833,1
pay_00982,cust_0127,730.13,bank_timeout,0,19,5,923,4.61,upi,0.792,0
pay_00983,cust_0653,8239.51,authentication_failed,3,2,6,296,4.43,upi,0.25,0
pay_00984,cust_2201,235.29,invalid_card,0,9,6,878,4.13,upi,0.6,1
pay_00985,cust_0164,7546.76,insufficient_funds,1,8,1,769,0.93,card,0.889,0
pay_00986,cust_1692,1485.89,insufficient_funds,0,14,7,800,1.3,upi,0.667,1
pay_00987,cust_1065,1660.99,authentication_failed,0,4,2,564,1.51,upi,0.667,0
pay_00988,cust_0906,781.21,authentication_failed,2,15,7,719,1.54,netbanking,0.682,0
pay_00989,cust_0527,242.96,bank_timeout,2,4,0,295,1.88,netbanking,1.0,1
pay_00990,cust_2084,997.06,expired_card,1,18,8,351,2.66,netbanking,0.692,1
pay_00991,cust_1549,742.14,invalid_card,0,2,5,260,1.62,upi,0.286,0
pay_00992,cust_0919,803.71,expired_card,3,18,0,890,3.76,upi,1.0,0
pay_00993,cust_2147,468.44,expired_card,0,8,8,577,4.25,netbanking,0.5,1
pay_00994,cust_2203,984.25,bank_timeout,1,20,3,263,3.48,upi,0.87,1
pay_00995,cust_1869,988.71,insufficient_funds,2,1,3,263,1.3,card,0.25,1
pay_00996,cust_2381,342.18,bank_timeout,0,14,1,517,1.07,upi,0.933,1
pay_00997,cust_2222,3067.21,insufficient_funds,3,20,3,633,4.05,netbanking,0.87,1
pay_00998,cust_1869,625.62,expired_card,3,16,4,690,1.57,netbanking,0.8,1
pay_00999,cust_2180,5161.32,insufficient_funds,3,0,5,944,4.87,card,0.0,0
pay_01000,cust_1928,347.74,invalid_card,1,6,1,811,1.24,upi,0.857,1
pay_01001,cust_1259,2060.27,authentication_failed,1,10,2,226,3.86,card,0.833,0
pay_01002,cust_0704,9695.99,authentication_failed,2,7,4,513,4.68,upi,0.636,0
pay_01003,cust_1244,2452.69,invalid_card,3,18,6,810,2.14,upi,0.75,0
pay_01004,cust_1656,3979.37,expired_card,1,6,4,331,4.18,card,0.6,0
pay_01005,cust_0097,894.67,bank_timeout,3,8,1,106,1.29,netbanking,0.889,0
pay_01006,cust_1334,415.85,invalid_card,3,7,4,651,2.97,netbanking,0.636,0
pay_01007,cust_0243,1551.82,insufficient_funds,1,2,5,823,3.69,upi,0.286,0
pay_01008,cust_0622,6932.29,bank_timeout,2,17,8,866,1.53,upi,0.68,0
pay_01009,cust_0090,2740.58,expired_card,1,5,5,509,1.22,upi,0.5,0
pay_01010,cust_1484,298.9,bank_timeout,3,13,6,855,2.48,card,0.684,0
pay_01011,cust_0197,5613.95,insufficient_funds,2,17,7,319,2.92,netbanking,0.708,0
pay_01012,cust_0275,782.09,authentication_failed,3,19,3,799,0.46,card,0.864,0
pay_01013,cust_1766,732.39,expired_card,1,20,5,494,2.69,card,0.8,1
pay_01014,cust_1772,7365.2,insufficient_funds,1,10,6,184,1.37,card,0.625,1
pay_01015,cust_0913,883.12,authentication_failed,1,6,2,241,1.61,upi,0.75,0
pay_01016,cust_0414,2688.55,insufficient_funds,2,7,3,236,1.58,upi,0.7,0
pay_01017,cust_1738,496.3,bank_timeout,0,12,0,484,4.35,upi,1.0,0
pay_01018,cust_0855,4439.22,authentication_failed,0,5,8,965,2.93,card,0.385,0
pay_01019,cust_2116,1240.6,expired_card,1,6,1,848,2.58,upi,0.857,1
pay_01020,cust_1958,3050.78,invalid_card,2,11,4,886,0.42,card,0.733,0
pay_01021,cust_1232,8670.38,insufficient_funds,2,1,2,897,1.32,upi,0.333,0
pay_01022,cust_2313,201.78,insufficient_funds,1,9,5,662,2.13,netbanking,0.643,0
pay_01023,cust_0646,587.14,expired_card,1,0,7,238,1.6,card,0.0,0
pay_01024,cust_1529,1641.82,insufficient_funds,0,4,6,77,2.74,upi,0.4,0
pay_01025,cust_2452,584.7,insufficient_funds,0,3,7,505,4.92,upi,0.3,1
pay_01026,cust_2199,3005.05,invalid_card,1,10,8,404,4.79,upi,0.556,0
pay_01027,cust_0395,873.61,authentication_failed,1,7,1,791,0.56,card,0.875,1
pay_01028,cust_1655,1499.31,expired_card,3,18,8,559,2.93,netbanking,0.692,0
pay_01029,cust_1093,426.97,invalid_card,0,6,2,44,0.8,netbanking,0.75,1
pay_01030,cust_0140,3081.98,invalid_card,1,20,6,492,4.96,upi,0.769,1
pay_01031,cust_1857,1235.52,expired_card,2,10,7,820,2.79,card,0.588,0
pay_01032,cust_0396,2037.63,invalid_card,0,17,2,126,1.21,netbanking,0.895,0
pay_01033,cust_1874,2424.68,expired_card,3,17,1,917,4.86,upi,0.944,1
pay_01034,cust_0748,969.68,insufficient_funds,2,16,2,606,4.31,card,0.889,1
pay_01035,cust_2151,766.04,expired_card,0,5,3,893,4.66,card,0.625,0
pay_01036,cust_0623,361.25,invalid_card,3,16,6,945,2.44,upi,0.727,0
pay_01037,cust_1319,1000.71,bank_timeout,0,1,6,173,0.8,netbanking,0.143,1
pay_01038,cust_0657,902.69,invalid_card,1,7,5,102,1.21,upi,0.583,0
pay_01039,cust_1132,700.32,bank_timeout,1,8,5,41,3.22,upi,0.615,1
pay_01040,cust_2133,6297.29,expired_card,3,4,1,931,4.9,card,0.8,0
pay_01041,cust_1399,1081.9,insufficient_funds,3,13,2,927,3.58,netbanking,0.867,1
pay_01042,cust_1996,1206.0,bank_timeout,3,13,6,88,3.23,netbanking,0.684,0
pay_01043,cust_1148,2808.56,invalid_card,2,11,1,43,0.6,netbanking,0.917,1
pay_01044,cust_1989,271.82,invalid_card,3,19,8,921,4.63,netbanking,0.704,0
pay_01045,cust_1568,211.63,authentication_failed,0,7,5,624,3.4,card,0.583,0
pay_01046,cust_2474,5430.78,invalid_card,0,12,6,715,4.55,netbanking,0.667,1
pay_01047,cust_0885,3691.53,insufficient_funds,3,8,5,868,3.45,netbanking,0.615,1
pay_01048,cust_1444,3334.55,expired_card,1,17,8,693,1.68,card,0.68,0
pay_01049,cust_1644,425.0,expired_card,1,10,4,133,4.58,upi,0.714,0
pay_01050,cust_0371,4303.16,bank_timeout,3,11,5,855,2.25,upi,0.688,0
pay_01051,cust_1481,1645.2,authentication_failed,2,17,8,212,2.05,netbanking,0.68,0
pay_01052,cust_0312,9137.65,expired_card,2,17,5,436,0.75,card,0.773,0
pay_01053,cust_1578,2628.33,authentication_failed,0,10,3,483,4.15,netbanking,0.769,1
pay_01054,cust_1008,833.09,bank_timeout,3,20,3,178,0.16,card,0.87,0
pay_01055,cust_0999,927.91,invalid_card,3,20,6,794,1.38,card,0.769,0
pay_01056,cust_1491,631.52,expired_card,2,2,2,359,4.31,netbanking,0.5,0
pay_01057,cust_1012,9421.44,authentication_failed,0,19,3,767,1.81,upi,0.864,1
pay_01058,cust_2270,8855.46,authentication_failed,3,18,6,96,4.77,upi,0.75,1
pay_01059,cust_0702,9270.0,bank_timeout,2,2,4,613,1.33,card,0.333,0
pay_01060,cust_0113,9598.29,bank_timeout,3,9,8,743,3.41,netbanking,0.529,1
pay_01061,cust_1354,2015.4,insufficient_funds,0,11,1,823,4.89,netbanking,0.917,1
pay_01062,cust_0261,864.46,bank_timeout,3,3,5,121,0.56,card,0.375,0
pay_01063,cust_1653,5852.61,bank_timeout,1,3,4,393,0.97,upi,0.429,0
pay_01064,cust_1763,749.34,expired_card,0,10,7,799,0.56,netbanking,0.588,1
pay_01065,cust_1056,2963.04,insufficient_funds,0,16,0,34,1.7,card,1.0,1
pay_01066,cust_1255,951.67,bank_timeout,3,5,8,253,4.88,netbanking,0.385,0
pay_01067,cust_0398,7017.32,bank_timeout,1,14,0,667,0.29,netbanking,1.0,1
pay_01068,cust_2202,1240.45,insufficient_funds,1,18,8,201,4.51,upi,0.692,1
pay_01069,cust_2039,5361.44,authentication_failed,3,3,8,97,1.76,upi,0.273,0
pay_01070,cust_1498,241.41,expired_card,3,18,1,898,2.65,card,0.947,0
pay_01071,cust_1313,780.94,expired_card,1,14,3,329,4.73,upi,0.824,1
pay_01072,cust_1747,1980.44,authentication_failed,3,9,7,835,3.88,upi,0.562,0
pay_01073,cust_0226,520.77,expired_card,0,17,0,78,4.84,netbanking,1.0,0
pay_01074,cust_1577,8776.93,authentication_failed,1,16,5,727,3.53,netbanking,0.762,0
pay_01075,cust_0879,228.6,bank_timeout,1,18,0,76,4.62,upi,1.0,1
pay_01076,cust_0844,1580.59,bank_timeout,1,11,6,75,0.86,upi,0.647,1
pay_01077,cust_2453,2763.01,bank_timeout,2,13,0,455,4.14,netbanking,1.0,1
pay_01078,cust_1545,282.43,invalid_card,3,4,3,102,3.22,card,0.571,0
pay_01079,cust_0473,894.8,expired_card,3,9,8,323,1.5,netbanking,0.529,0
pay_01080,cust_2336,879.73,insufficient_funds,3,6,2,560,4.98,netbanking,0.75,0
pay_01081,cust_1921,342.65,insufficient_funds,3,19,5,478,3.72,card,0.792,0
pay_01082,cust_1811,520.48,bank_timeout,2,1,0,186,1.77,netbanking,1.0,0
pay_01083,cust_1028,7508.3,invalid_card,2,16,1,260,1.0,card,0.941,1
pay_01084,cust_0797,859.87,authentication_failed,2,17,2,176,2.78,netbanking,0.895,0
pay_01085,cust_1301,841.7,expired_card,0,4,1,730,1.24,upi,0.8,0
pay_01086,cust_1562,529.15,insufficient_funds,0,0,7,989,2.9,netbanking,0.0,0
pay_01087,cust_1582,8235.74,authentication_failed,2,20,7,520,4.61,upi,0.741,0
pay_01088,cust_0628,938.84,invalid_card,1,11,0,472,4.05,upi,1.0,1
pay_01089,cust_0590,8960.93,bank_timeout,2,6,6,461,4.43,netbanking,0.5,1
pay_01090,cust_1887,1776.5,invalid_card,1,7,3,759,1.04,card,0.7,0
pay_01091,cust_0798,5543.54,authentication_failed,2,20,4,248,2.02,upi,0.833,0
pay_01092,cust_1927,8829.38,insufficient_funds,1,10,8,941,0.87,card,0.556,1
pay_01093,cust_1575,715.46,invalid_card,1,8,2,686,2.07,netbanking,0.8,0
pay_01094,cust_0811,8168.52,expired_card,0,3,1,117,0.21,netbanking,0.75,0
pay_01095,cust_0217,544.88,bank_timeout,0,11,5,627,4.53,upi,0.688,1
pay_01096,cust_1830,851.1,bank_timeout,3,3,8,962,3.13,card,0.273,0
pay_01097,cust_0649,813.71,insufficient_funds,1,14,1,803,0.29,netbanking,0.933,1
pay_01098,cust_1561,2533.51,invalid_card,1,14,0,533,4.74,netbanking,1.0,1
pay_01099,cust_2322,669.55,bank_timeout,2,12,2,143,4.97,netbanking,0.857,1
pay_01100,cust_0808,487.47,expired_card,3,0,6,203,1.89,netbanking,0.0,0
pay_01101,cust_1036,9410.56,expired_card,0,20,3,747,1.6,card,0.87,1
pay_01102,cust_1839,9964.68,insufficient_funds,0,4,0,782,2.91,upi,1.0,0
pay_01103,cust_1240,1759.65,invalid_card,2,16,6,446,3.57,upi,0.727,0
pay_01104,cust_0543,2104.21,insufficient_funds,0,10,8,947,0.66,upi,0.556,0
pay_01105,cust_0527,553.42,authentication_failed,0,2,0,770,0.17,card,1.0,0
pay_01106,cust_1398,7382.26,expired_card,0,19,1,87,3.55,netbanking,0.95,1
pay_01107,cust_0818,474.4,insufficient_funds,1,6,0,764,0.49,upi,1.0,1
pay_01108,cust_1313,7956.96,authentication_failed,1,15,4,779,3.41,netbanking,0.789,0
pay_01109,cust_0251,1159.04,bank_timeout,1,3,1,222,1.02,netbanking,0.75,1
pay_01110,cust_1317,1788.94,authentication_failed,2,6,6,286,4.14,upi,0.5,0
pay_01111,cust_0987,826.77,insufficient_funds,0,15,5,954,3.69,card,0.75,1
pay_01112,cust_1762,222.99,expired_card,2,19,1,612,1.39,netbanking,0.95,1
pay_01113,cust_1307,6497.36,expired_card,1,7,2,73,3.49,netbanking,0.778,0
pay_01114,cust_1679,8924.52,invalid_card,3,4,2,785,3.78,upi,0.667,0
pay_01115,cust_1719,935.81,invalid_card,0,13,2,184,3.01,upi,0.867,1
pay_01116,cust_0754,508.18,insufficient_funds,3,5,4,879,4.78,upi,0.556,1
pay_01117,cust_2251,6493.46,bank_timeout,0,11,1,98,4.77,upi,0.917,1
pay_01118,cust_1953,570.6,invalid_card,0,9,2,376,3.19,upi,0.818,0
pay_01119,cust_1758,2058.74,bank_timeout,3,2,0,487,1.91,upi,1.0,0
pay_01120,cust_1009,1466.64,invalid_card,2,18,5,745,1.05,upi,0.783,1
pay_01121,cust_0521,890.02,bank_timeout,3,0,5,553,4.42,upi,0.0,0
pay_01122,cust_1574,1162.53,insufficient_funds,3,6,4,758,0.8,upi,0.6,1
pay_01123,cust_0242,5492.83,authentication_failed,2,10,7,351,3.06,card,0.588,0
pay_01124,cust_2197,259.02,expired_card,0,6,8,848,2.57,netbanking,0.429,0
pay_01125,cust_1017,2636.35,bank_timeout,2,0,0,697,3.26,card,0.0,0
pay_01126,cust_1727,4033.16,authentication_failed,3,10,1,989,1.44,card,0.909,1
pay_01127,cust_1131,1569.24,insufficient_funds,0,10,8,518,1.91,card,0.556,1
pay_01128,cust_1292,1050.91,invalid_card,2,19,0,689,1.49,card,1.0,0
pay_01129,cust_2317,519.65,invalid_card,0,4,2,134,2.66,card,0.667,1
pay_01130,cust_0963,1713.8,insufficient_funds,3,17,0,567,2.14,upi,1.0,1
pay_01131,cust_1622,773.5,insufficient_funds,1,7,0,690,3.45,upi,1.0,1
pay_01132,cust_0100,920.6,bank_timeout,1,16,5,360,2.0,card,0.762,0
pay_01133,cust_1622,7686.82,authentication_failed,0,6,0,243,1.22,card,1.0,1
pay_01134,cust_2014,850.21,invalid_card,1,17,0,967,3.18,card,1.0,1
pay_01135,cust_1153,1776.45,expired_card,2,8,6,152,3.29,card,0.571,0
pay_01136,cust_1850,6582.12,bank_timeout,0,1,6,853,0.62,card,0.143,0
pay_01137,cust_0843,784.53,authentication_failed,2,14,0,693,3.17,upi,1.0,0
pay_01138,cust_2322,466.06,bank_timeout,2,6,7,999,3.63,card,0.462,1
pay_01139,cust_1341,9444.81,authentication_failed,2,7,1,661,0.63,netbanking,0.875,0
pay_01140,cust_0002,454.8,expired_card,3,18,2,129,0.36,upi,0.9,0
pay_01141,cust_0882,2482.95,invalid_card,0,9,0,950,0.69,netbanking,1.0,1
pay_01142,cust_0581,964.13,insufficient_funds,0,15,2,44,0.65,netbanking,0.882,1
pay_01143,cust_0962,335.57,authentication_failed,0,4,3,96,2.05,upi,0.571,0
pay_01144,cust_1546,207.97,authentication_failed,0,8,4,766,2.45,card,0.667,0
pay_01145,cust_1095,4643.49,insufficient_funds,0,18,6,602,4.77,netbanking,0.75,1
pay_01146,cust_2002,436.59,authentication_failed,3,15,8,197,1.93,upi,0.652,0
pay_01147,cust_1521,7474.56,bank_timeout,3,11,7,385,3.86,netbanking,0.611,0
pay_01148,cust_0605,1988.53,invalid_card,2,4,5,976,1.86,card,0.444,0
pay_01149,cust_1912,2359.99,authentication_failed,1,19,5,583,3.2,netbanking,0.792,1
pay_01150,cust_0654,8545.15,insufficient_funds,0,16,8,72,2.65,upi,0.667,0
pay_01151,cust_2358,966.32,expired_card,0,10,5,591,4.69,upi,0.667,0
pay_01152,cust_2143,396.07,bank_timeout,3,4,3,763,0.1,netbanking,0.571,0
pay_01153,cust_2067,2830.77,bank_timeout,2,6,8,683,0.57,upi,0.429,1
pay_01154,cust_0783,206.05,insufficient_funds,3,3,6,997,1.85,upi,0.333,0
pay_01155,cust_1651,1686.0,invalid_card,3,20,0,725,2.51,netbanking,1.0,0
pay_01156,cust_0130,6314.71,authentication_failed,3,18,5,731,2.5,card,0.783,0
pay_01157,cust_0112,2517.34,authentication_failed,0,7,1,495,1.96,card,0.875,1
pay_01158,cust_1382,5168.39,bank_timeout,3,3,0,730,0.73,netbanking,1.0,1
pay_01159,cust_0116,6241.8,authentication_failed,0,8,1,744,2.63,netbanking,0.889,0
pay_01160,cust_0713,1325.33,invalid_card,1,2,3,523,2.48,card,0.4,0
pay_01161,cust_0024,4236.24,insufficient_funds,1,7,5,916,3.45,upi,0.583,0
pay_01162,cust_2021,267.62,bank_timeout,1,19,0,478,2.53,card,1.0,1
pay_01163,cust_1762,205.16,invalid_card,0,8,6,600,3.54,upi,0.571,1
pay_01164,cust_0275,5503.14,authentication_failed,1,3,0,195,0.52,card,1.0,0
pay_01165,cust_0766,2992.04,invalid_card,1,18,6,148,2.84,card,0.75,0
pay_01166,cust_0952,2492.54,insufficient_funds,0,3,8,711,1.4,netbanking,0.273,0
pay_01167,cust_2174,9444.2,bank_timeout,3,15,7,249,0.59,card,0.682,1
pay_01168,cust_1589,812.89,authentication_failed,0,15,8,104,2.87,card,0.652,0
pay_01169,cust_1012,2250.62,invalid_card,3,1,5,829,2.03,card,0.167,0
pay_01170,cust_0789,964.46,bank_timeout,3,20,2,277,3.03,upi,0.909,0
pay_01171,cust_1179,348.14,bank_timeout,0,11,4,432,1.48,netbanking,0.733,1
pay_01172,cust_1399,5156.68,authentication_failed,3,18,8,975,3.44,upi,0.692,0
pay_01173,cust_2455,3636.82,expired_card,0,8,4,986,1.43,netbanking,0.667,0
pay_01174,cust_1184,613.69,authentication_failed,2,9,3,875,1.74,card,0.75,1
pay_01175,cust_1686,798.28,expired_card,2,17,8,358,1.1,card,0.68,1
pay_01176,cust_1896,586.53,bank_timeout,2,5,7,413,1.3,netbanking,0.417,0
pay_01177,cust_1984,1917.7,authentication_failed,2,3,6,862,2.8,card,0.333,0
pay_01178,cust_1611,9493.71,authentication_failed,2,16,6,233,1.4,netbanking,0.727,0
pay_01179,cust_1752,1216.05,insufficient_funds,1,3,5,808,4.03,card,0.375,0
pay_01180,cust_0224,535.07,insufficient_funds,3,6,0,942,3.34,netbanking,1.0,1
pay_01181,cust_0246,4939.94,bank_timeout,1,19,4,980,2.81,card,0.826,1
pay_01182,cust_0969,4538.89,bank_timeout,0,5,1,614,3.73,netbanking,0.833,1
pay_01183,cust_1105,562.16,invalid_card,1,5,3,316,0.63,netbanking,0.625,0
pay_01184,cust_0979,8946.28,bank_timeout,0,2,6,759,2.28,card,0.25,0
pay_01185,cust_0616,2229.49,bank_timeout,3,13,8,380,1.68,netbanking,0.619,1
pay_01186,cust_2045,693.56,insufficient_funds,3,5,6,242,1.17,netbanking,0.455,1
pay_01187,cust_1447,4616.04,insufficient_funds,1,20,1,493,3.59,netbanking,0.952,1
pay_01188,cust_0090,6436.21,invalid_card,3,8,5,264,1.42,card,0.615,0
pay_01189,cust_1065,584.1,insufficient_funds,2,1,3,122,3.56,upi,0.25,0
pay_01190,cust_0651,1100.08,invalid_card,2,4,6,315,4.37,card,0.4,0
pay_01191,cust_0762,267.73,authentication_failed,1,9,8,511,4.72,card,0.529,1
pay_01192,cust_0688,269.87,insufficient_funds,1,17,1,827,2.37,upi,0.944,1
pay_01193,cust_1512,415.96,expired_card,2,16,0,542,2.57,card,1.0,1
pay_01194,cust_0233,583.33,authentication_failed,2,14,3,495,0.96,upi,0.824,1
pay_01195,cust_0451,3295.87,bank_timeout,2,14,8,848,2.5,card,0.636,1
pay_01196,cust_1618,2776.7,authentication_failed,3,8,8,989,2.1,netbanking,0.5,0
pay_01197,cust_2061,1072.8,expired_card,3,12,6,336,1.93,card,0.667,0
pay_01198,cust_1289,874.41,invalid_card,1,20,4,435,1.3,netbanking,0.833,1
pay_01199,cust_0068,5794.28,expired_card,3,4,6,82,1.3,card,0.4,0
pay_01200,cust_0597,3371.78,invalid_card,3,2,4,393,4.12,netbanking,0.333,0
pay_01201,cust_2260,2736.39,expired_card,2,16,2,41,4.96,card,0.889,1
pay_01202,cust_0598,1119.71,insufficient_funds,3,10,7,385,3.15,upi,0.588,0
pay_01203,cust_1168,9183.85,invalid_card,0,17,8,98,4.99,netbanking,0.68,1
pay_01204,cust_0629,2320.57,bank_timeout,1,2,6,312,2.03,card,0.25,0
pay_01205,cust_0172,506.05,invalid_card,3,17,4,968,1.13,card,0.81,0
pay_01206,cust_0272,518.69,invalid_card,3,3,1,715,2.35,card,0.75,1
pay_01207,cust_1404,2700.34,authentication_failed,2,20,5,569,0.86,netbanking,0.8,0
pay_01208,cust_2416,639.2,insufficient_funds,3,8,5,992,2.59,upi,0.615,0
pay_01209,cust_2044,1102.52,insufficient_funds,1,7,3,505,4.54,card,0.7,1
pay_01210,cust_0404,1824.88,expired_card,1,5,7,980,3.35,card,0.417,0
pay_01211,cust_1286,6024.74,invalid_card,2,11,1,345,1.25,card,0.917,1
pay_01212,cust_2015,697.78,expired_card,1,10,2,642,1.7,card,0.833,1
pay_01213,cust_1544,550.23,authentication_failed,3,2,2,82,0.11,upi,0.5,0
pay_01214,cust_0728,2686.32,authentication_failed,0,5,4,368,0.59,card,0.556,0
pay_01215,cust_2388,519.72,invalid_card,0,8,4,660,4.2,upi,0.667,0
pay_01216,cust_0294,1129.82,bank_timeout,0,15,3,735,1.49,netbanking,0.833,1
pay_01217,cust_1612,2389.12,authentication_failed,2,20,6,458,4.05,upi,0.769,1
pay_01218,cust_0964,4473.62,bank_timeout,1,1,1,90,2.98,netbanking,0.5,1
pay_01219,cust_0483,1252.09,expired_card,2,18,3,765,2.46,netbanking,0.857,1
pay_01220,cust_1679,2884.21,bank_timeout,0,11,2,430,1.04,upi,0.846,1
pay_01221,cust_0271,5726.52,invalid_card,3,10,7,166,4.1,netbanking,0.588,0
pay_01222,cust_1730,978.07,insufficient_funds,2,13,1,528,4.39,card,0.929,1
pay_01223,cust_1371,1479.81,bank_timeout,1,13,0,819,0.15,netbanking,1.0,1
pay_01224,cust_1478,3019.16,authentication_failed,1,4,5,726,3.33,card,0.444,0
pay_01225,cust_2069,694.95,invalid_card,0,14,8,327,2.74,netbanking,0.636,0
pay_01226,cust_1870,212.35,invalid_card,3,19,3,975,1.64,upi,0.864,0
pay_01227,cust_2421,632.09,authentication_failed,3,8,0,573,1.22,upi,1.0,1
pay_01228,cust_0909,484.6,expired_card,3,0,8,919,4.77,netbanking,0.0,0
pay_01229,cust_1255,1992.77,insufficient_funds,3,17,5,211,2.77,card,0.773,1
pay_01230,cust_0821,4718.93,insufficient_funds,1,8,2,703,1.53,card,0.8,1
pay_01231,cust_1054,323.67,expired_card,0,2,2,924,0.7,upi,0.5,0
pay_01232,cust_0014,2539.91,bank_timeout,3,10,1,542,3.85,card,0.909,0
pay_01233,cust_2190,338.59,expired_card,2,5,6,855,1.03,card,0.455,0
pay_01234,cust_1026,416.59,insufficient_funds,1,10,2,564,4.09,card,0.833,1
pay_01235,cust_2191,2513.87,invalid_card,0,16,6,247,0.92,upi,0.727,1
pay_01236,cust_1981,873.12,invalid_card,3,12,5,687,1.91,netbanking,0.706,0
pay_01237,cust_0172,2141.31,expired_card,0,10,7,117,0.76,upi,0.588,0
pay_01238,cust_0394,3950.26,authentication_failed,2,3,0,835,4.19,netbanking,1.0,0
pay_01239,cust_1299,272.81,insufficient_funds,1,8,6,186,1.48,upi,0.571,0
pay_01240,cust_1688,1727.21,invalid_card,0,9,5,219,3.59,card,0.643,1
pay_01241,cust_0563,478.42,expired_card,2,3,2,620,1.14,upi,0.6,1
pay_01242,cust_0323,268.46,authentication_failed,2,17,4,132,4.49,netbanking,0.81,0
pay_01243,cust_0167,292.57,bank_timeout,0,18,0,139,4.47,card,1.0,1
pay_01244,cust_0175,680.2,insufficient_funds,1,5,1,675,4.08,upi,0.833,1
pay_01245,cust_1927,853.37,invalid_card,2,18,3,534,2.78,card,0.857,1
pay_01246,cust_0244,1776.49,expired_card,3,18,6,962,2.93,card,0.75,0
pay_01247,cust_1104,5941.15,insufficient_funds,3,18,3,794,1.34,card,0.857,0
pay_01248,cust_0526,906.41,bank_timeout,0,7,3,792,0.33,netbanking,0.7,1
pay_01249,cust_0296,404.22,bank_timeout,0,0,6,139,1.77,netbanking,0.0,1
pay_01250,cust_1832,2570.41,invalid_card,2,14,3,908,3.21,upi,0.824,1
pay_01251,cust_0847,593.81,invalid_card,2,13,0,288,0.11,upi,1.0,0
pay_01252,cust_1899,2666.55,bank_timeout,0,9,2,320,1.47,upi,0.818,1
pay_01253,cust_1746,3457.0,expired_card,1,14,3,734,4.33,upi,0.824,1
pay_01254,cust_1954,634.55,insufficient_funds,3,12,3,594,2.6,card,0.8,0
pay_01255,cust_0593,2043.53,authentication_failed,3,0,1,610,4.79,upi,0.0,0
pay_01256,cust_0439,641.12,invalid_card,0,4,0,365,3.87,netbanking,1.0,1
pay_01257,cust_2269,1961.56,invalid_card,2,18,3,673,2.07,upi,0.857,0
pay_01258,cust_2465,678.09,expired_card,2,11,7,807,1.28,card,0.611,0
pay_01259,cust_1366,346.95,authentication_failed,1,13,0,239,2.39,card,1.0,1
pay_01260,cust_2192,9830.51,bank_timeout,1,6,5,129,0.28,card,0.545,1
pay_01261,cust_0048,7500.49,bank_timeout,2,7,1,125,4.05,card,0.875,0
pay_01262,cust_2451,2521.06,authentication_failed,0,15,3,844,2.12,card,0.833,1
pay_01263,cust_1355,229.03,invalid_card,2,11,7,599,3.51,netbanking,0.611,0
pay_01264,cust_0111,989.37,bank_timeout,1,1,2,230,4.15,card,0.333,0
pay_01265,cust_0810,729.97,insufficient_funds,1,11,4,884,3.47,card,0.733,0
pay_01266,cust_0631,915.98,expired_card,1,13,1,116,3.85,card,0.929,1
pay_01267,cust_0868,707.11,expired_card,2,14,2,878,4.99,netbanking,0.875,1
pay_01268,cust_2183,4204.77,expired_card,2,19,3,978,3.69,upi,0.864,0
pay_01269,cust_0083,257.88,authentication_failed,1,1,3,784,3.53,card,0.25,0
pay_01270,cust_0464,696.91,insufficient_funds,1,17,3,848,0.72,netbanking,0.85,1
pay_01271,cust_0208,351.52,expired_card,0,8,4,370,2.79,netbanking,0.667,1
pay_01272,cust_0731,744.76,insufficient_funds,1,19,7,103,2.17,netbanking,0.731,1
pay_01273,cust_2240,1921.34,insufficient_funds,0,0,0,913,4.07,card,0.0,1
pay_01274,cust_0125,224.09,insufficient_funds,1,15,1,479,3.94,netbanking,0.938,0
pay_01275,cust_2208,393.26,bank_timeout,2,12,1,843,4.58,upi,0.923,0
pay_01276,cust_1188,8688.55,expired_card,0,4,2,874,3.84,upi,0.667,1
pay_01277,cust_2054,3282.64,invalid_card,0,19,0,32,3.34,card,1.0,0
pay_01278,cust_1007,1177.29,authentication_failed,3,12,1,271,2.12,card,0.923,0
pay_01279,cust_1104,1738.76,bank_timeout,3,1,8,761,0.29,netbanking,0.111,0
pay_01280,cust_1925,8991.32,authentication_failed,0,19,8,219,0.72,upi,0.704,0
pay_01281,cust_0249,279.34,authentication_failed,0,8,4,907,3.25,netbanking,0.667,1
pay_01282,cust_2243,6609.13,bank_timeout,0,12,4,278,0.86,netbanking,0.75,1
pay_01283,cust_0269,2355.13,invalid_card,1,0,3,930,2.16,upi,0.0,0
pay_01284,cust_0535,2056.11,expired_card,3,1,6,328,4.73,card,0.143,0
pay_01285,cust_1597,246.0,bank_timeout,1,11,5,586,3.45,upi,0.688,0
pay_01286,cust_1204,7679.98,invalid_card,3,8,4,555,2.92,upi,0.667,0
pay_01287,cust_2173,2543.3,bank_timeout,1,8,5,772,4.87,netbanking,0.615,1
pay_01288,cust_1908,2346.68,insufficient_funds,1,6,3,243,4.85,upi,0.667,1
pay_01289,cust_1455,257.3,invalid_card,1,4,1,122,0.56,netbanking,0.8,0
pay_01290,cust_2458,335.42,authentication_failed,1,18,1,676,3.43,card,0.947,1
pay_01291,cust_2018,4579.8,insufficient_funds,0,2,8,538,3.82,netbanking,0.2,1
pay_01292,cust_1342,496.43,insufficient_funds,1,0,0,630,0.62,card,0.0,0
pay_01293,cust_1700,563.83,invalid_card,3,20,7,300,3.67,upi,0.741,0
pay_01294,cust_2442,861.66,invalid_card,2,4,0,108,1.63,upi,1.0,0
pay_01295,cust_0291,441.55,authentication_failed,1,7,6,572,2.44,upi,0.538,1
pay_01296,cust_0109,877.5,bank_timeout,1,2,3,492,1.45,netbanking,0.4,0
pay_01297,cust_1384,2866.62,bank_timeout,3,1,5,675,0.2,netbanking,0.167,0
pay_01298,cust_1383,270.29,authentication_failed,0,3,2,466,3.92,netbanking,0.6,1
pay_01299,cust_0074,970.98,expired_card,3,19,1,867,4.37,upi,0.95,0
pay_01300,cust_0112,841.77,insufficient_funds,1,8,5,394,0.36,card,0.615,0
pay_01301,cust_1761,6397.22,invalid_card,1,19,3,567,4.17,netbanking,0.864,1
pay_01302,cust_1190,423.9,authentication_failed,1,10,4,273,2.44,upi,0.714,0
pay_01303,cust_2254,1814.51,authentication_failed,0,1,1,713,1.92,netbanking,0.5,1
pay_01304,cust_0074,380.7,expired_card,1,0,7,291,2.96,upi,0.0,0
pay_01305,cust_0679,9597.19,authentication_failed,3,9,8,687,3.06,netbanking,0.529,1
pay_01306,cust_2459,422.81,authentication_failed,1,17,5,623,1.98,upi,0.773,1
pay_01307,cust_2330,1205.79,authentication_failed,1,5,3,140,1.01,netbanking,0.625,0
pay_01308,cust_0914,287.33,invalid_card,0,17,7,188,2.05,netbanking,0.708,1
pay_01309,cust_0483,708.43,bank_timeout,1,16,3,363,3.38,upi,0.842,1
pay_01310,cust_2468,471.36,expired_card,2,13,1,175,4.52,card,0.929,1
pay_01311,cust_2320,670.33,invalid_card,2,17,2,474,3.34,netbanking,0.895,1
pay_01312,cust_0383,434.08,bank_timeout,3,13,1,718,4.17,card,0.929,0
pay_01313,cust_0597,428.95,expired_card,2,12,8,182,1.28,card,0.6,1
pay_01314,cust_1273,635.68,invalid_card,0,0,8,474,3.04,card,0.0,0
pay_01315,cust_1595,527.52,insufficient_funds,1,19,5,873,4.85,card,0.792,1
pay_01316,cust_0105,2055.1,insufficient_funds,0,10,0,494,2.1,upi,1.0,1
pay_01317,cust_0726,9645.02,bank_timeout,2,7,4,306,0.18,card,0.636,1
pay_01318,cust_2029,3407.22,bank_timeout,3,13,2,640,0.77,netbanking,0.867,0
pay_01319,cust_0080,8074.19,invalid_card,1,18,1,817,3.91,card,0.947,0
pay_01320,cust_0094,761.47,bank_timeout,3,7,1,989,0.75,card,0.875,1
pay_01321,cust_1287,9409.82,insufficient_funds,0,14,0,239,4.26,upi,1.0,1
pay_01322,cust_0673,539.22,invalid_card,2,4,7,537,2.78,card,0.364,0
pay_01323,cust_1413,1894.53,expired_card,0,5,5,78,0.79,upi,0.5,0
pay_01324,cust_1621,2634.11,insufficient_funds,3,6,4,881,0.6,card,0.6,0
pay_01325,cust_1927,8185.67,authentication_failed,1,2,0,883,0.89,card,1.0,1
pay_01326,cust_0378,462.45,bank_timeout,3,5,8,378,3.7,upi,0.385,1
pay_01327,cust_2013,842.7,authentication_failed,0,16,2,586,3.44,card,0.889,1
pay_01328,cust_1305,321.53,invalid_card,3,12,1,494,2.44,netbanking,0.923,0
pay_01329,cust_0251,968.16,insufficient_funds,0,12,8,177,0.51,upi,0.6,1
pay_01330,cust_0701,4114.36,expired_card,2,17,7,989,0.61,card,0.708,1
pay_01331,cust_1086,575.02,insufficient_funds,1,10,6,497,3.8,netbanking,0.625,0
pay_01332,cust_0162,2363.04,authentication_failed,1,4,0,901,1.72,card,1.0,0
pay_01333,cust_0139,8891.51,authentication_failed,2,16,4,693,0.74,netbanking,0.8,0
pay_01334,cust_2481,300.32,expired_card,3,20,8,549,2.34,upi,0.714,1
pay_01335,cust_0147,4253.12,invalid_card,3,6,8,817,4.86,upi,0.429,0
pay_01336,cust_0765,206.87,invalid_card,3,12,8,183,4.3,upi,0.6,0
pay_01337,cust_2354,752.4,expired_card,1,15,0,839,3.25,netbanking,1.0,0
pay_01338,cust_1304,500.33,expired_card,2,0,5,803,4.97,card,0.0,0
pay_01339,cust_1561,417.31,bank_timeout,1,10,5,304,1.33,upi,0.667,1
pay_01340,cust_2145,1392.02,bank_timeout,1,20,2,729,2.71,netbanking,0.909,1
pay_01341,cust_2360,893.98,authentication_failed,0,10,6,198,1.38,netbanking,0.625,1
pay_01342,cust_1343,879.99,expired_card,1,18,2,443,4.74,upi,0.9,1
pay_01343,cust_0908,2058.95,insufficient_funds,0,17,6,408,1.89,card,0.739,1
pay_01344,cust_2006,354.68,authentication_failed,3,9,4,259,0.14,upi,0.692,1
pay_01345,cust_1256,387.44,insufficient_funds,3,5,0,233,2.66,upi,1.0,1
pay_01346,cust_1367,634.3,invalid_card,0,10,4,494,0.63,upi,0.714,0
pay_01347,cust_1343,608.08,invalid_card,0,7,6,488,4.27,upi,0.538,1
pay_01348,cust_0188,203.82,expired_card,0,11,2,497,1.98,card,0.846,0
pay_01349,cust_2168,483.39,authentication_failed,1,15,0,308,1.87,netbanking,1.0,1
pay_01350,cust_0963,762.86,bank_timeout,3,13,0,362,4.33,upi,1.0,1
pay_01351,cust_2391,1899.11,bank_timeout,3,10,8,375,4.92,card,0.556,0
pay_01352,cust_1146,2176.05,authentication_failed,1,16,2,341,4.79,upi,0.889,1
pay_01353,cust_0487,905.4,insufficient_funds,0,4,4,411,3.23,card,0.5,1
pay_01354,cust_2402,393.2,expired_card,0,6,0,361,1.77,upi,1.0,1
pay_01355,cust_0139,355.54,expired_card,2,16,8,661,1.98,upi,0.667,1
pay_01356,cust_2403,857.65,invalid_card,3,9,6,183,3.76,upi,0.6,0
pay_01357,cust_0532,2476.76,expired_card,0,16,3,854,4.09,card,0.842,0
pay_01358,cust_2226,552.82,bank_timeout,1,20,0,671,1.59,netbanking,1.0,1
pay_01359,cust_0380,6636.61,expired_card,1,6,8,504,1.79,upi,0.429,0
pay_01360,cust_2182,3609.56,bank_timeout,2,15,7,358,1.38,card,0.682,1
pay_01361,cust_1488,367.61,expired_card,0,16,7,421,4.51,card,0.696,1
pay_01362,cust_2269,9082.34,insufficient_funds,3,5,1,498,3.47,netbanking,0.833,1
pay_01363,cust_0813,857.88,insufficient_funds,1,5,2,620,4.78,upi,0.714,1
pay_01364,cust_0877,2909.73,authentication_failed,2,7,8,593,0.8,card,0.467,0
pay_01365,cust_0683,681.48,expired_card,2,8,6,155,2.5,netbanking,0.571,0
pay_01366,cust_1897,1437.51,bank_timeout,2,8,4,621,4.07,card,0.667,0
pay_01367,cust_2041,6127.34,insufficient_funds,1,14,1,195,0.37,card,0.933,1
pay_01368,cust_1010,399.02,bank_timeout,2,4,8,998,4.58,upi,0.333,0
pay_01369,cust_0996,514.01,expired_card,0,17,3,207,0.28,upi,0.85,0
pay_01370,cust_0183,9577.15,authentication_failed,3,11,3,739,3.73,netbanking,0.786,1
pay_01371,cust_1525,399.2,insufficient_funds,0,8,4,271,4.62,card,0.667,1
pay_01372,cust_0336,443.4,expired_card,1,18,1,53,3.92,card,0.947,1
pay_01373,cust_2365,249.24,insufficient_funds,1,15,4,699,4.35,upi,0.789,1
pay_01374,cust_2095,3034.38,invalid_card,1,18,7,125,3.08,card,0.72,0
pay_01375,cust_0472,524.16,bank_timeout,3,13,7,800,3.33,card,0.65,0
pay_01376,cust_0220,3811.42,invalid_card,1,5,0,153,3.13,card,1.0,1
pay_01377,cust_0131,9477.79,bank_timeout,1,1,4,615,1.04,card,0.2,1
pay_01378,cust_1558,2320.01,authentication_failed,1,9,2,132,0.54,card,0.818,0
pay_01379,cust_0094,2250.07,insufficient_funds,2,4,2,640,1.5,netbanking,0.667,1
pay_01380,cust_0528,1387.11,invalid_card,0,6,5,161,3.92,card,0.545,0
pay_01381,cust_2390,347.97,bank_timeout,1,13,5,592,1.7,upi,0.722,1
pay_01382,cust_1502,1260.54,insufficient_funds,1,0,2,523,4.66,netbanking,0.0,0
pay_01383,cust_1731,1958.14,insufficient_funds,0,14,1,471,2.19,card,0.933,1
pay_01384,cust_2420,205.71,expired_card,2,5,0,257,3.54,upi,1.0,1
pay_01385,cust_1170,5541.94,invalid_card,3,11,6,944,3.96,netbanking,0.647,0
pay_01386,cust_0266,2555.98,invalid_card,1,8,7,891,0.62,card,0.533,1
pay_01387,cust_1029,337.52,authentication_failed,0,6,0,855,4.57,card,1.0,1
pay_01388,cust_1690,365.15,invalid_card,3,16,0,587,0.16,card,1.0,0
pay_01389,cust_0400,442.7,insufficient_funds,0,14,1,230,2.59,upi,0.933,1
pay_01390,cust_1674,334.89,insufficient_funds,2,16,4,533,1.57,upi,0.8,0
pay_01391,cust_1641,851.33,expired_card,2,14,6,750,2.2,netbanking,0.7,1
pay_01392,cust_1040,602.08,authentication_failed,1,14,4,888,2.24,upi,0.778,0
pay_01393,cust_1613,574.31,bank_timeout,3,0,0,88,4.9,netbanking,0.0,1
pay_01394,cust_1651,323.44,insufficient_funds,0,14,7,712,2.39,card,0.667,1
pay_01395,cust_1034,210.21,authentication_failed,2,18,0,352,1.32,netbanking,1.0,0
pay_01396,cust_0270,294.0,authentication_failed,3,12,8,534,3.23,upi,0.6,0
pay_01397,cust_0267,8694.84,authentication_failed,2,3,6,959,1.97,netbanking,0.333,0
pay_01398,cust_0408,2904.14,bank_timeout,1,10,6,217,1.13,card,0.625,0
pay_01399,cust_2112,9382.88,insufficient_funds,2,5,6,898,4.94,card,0.455,0
pay_01400,cust_0572,733.17,insufficient_funds,3,1,2,706,3.36,card,0.333,0
pay_01401,cust_0113,388.25,bank_timeout,3,4,1,115,4.88,upi,0.8,0
pay_01402,cust_0092,418.29,insufficient_funds,3,8,4,577,0.78,netbanking,0.667,0
pay_01403,cust_0493,939.21,authentication_failed,2,14,0,582,0.95,upi,1.0,1
pay_01404,cust_0106,276.85,bank_timeout,3,18,1,336,3.02,card,0.947,1
pay_01405,cust_0375,6575.78,authentication_failed,1,19,6,603,4.53,upi,0.76,0
pay_01406,cust_0617,9992.34,insufficient_funds,0,18,5,264,3.6,upi,0.783,1
pay_01407,cust_1060,3787.34,insufficient_funds,1,5,7,320,3.4,upi,0.417,0
pay_01408,cust_2266,3748.96,authentication_failed,3,5,4,685,0.32,netbanking,0.556,0
pay_01409,cust_2478,7268.16,authentication_failed,2,19,6,56,1.4,card,0.76,0
pay_01410,cust_2096,292.72,invalid_card,1,11,3,875,3.19,card,0.786,0
pay_01411,cust_1128,562.4,expired_card,3,17,8,263,3.11,netbanking,0.68,0
pay_01412,cust_1786,9933.18,authentication_failed,0,13,0,668,4.18,netbanking,1.0,1
pay_01413,cust_0366,607.01,expired_card,1,6,6,140,1.24,netbanking,0.5,0
pay_01414,cust_1947,414.91,expired_card,0,12,5,828,4.17,upi,0.706,0
pay_01415,cust_0090,8252.58,bank_timeout,0,19,1,469,1.66,upi,0.95,1
pay_01416,cust_0130,8513.1,invalid_card,3,15,1,820,2.63,card,0.938,1
pay_01417,cust_1060,377.36,invalid_card,1,3,4,111,2.27,upi,0.429,0
pay_01418,cust_1695,996.64,invalid_card,3,8,8,462,3.12,netbanking,0.5,0
pay_01419,cust_2206,7071.81,expired_card,3,18,4,735,4.47,netbanking,0.818,0
pay_01420,cust_0370,297.2,insufficient_funds,1,19,2,89,4.24,card,0.905,1
pay_01421,cust_1957,497.41,expired_card,0,15,1,462,3.45,card,0.938,1
pay_01422,cust_0254,6886.12,bank_timeout,2,7,6,756,3.27,upi,0.538,0
pay_01423,cust_0410,3390.62,insufficient_funds,0,19,4,856,0.77,card,0.826,1
pay_01424,cust_2173,9442.64,expired_card,3,13,7,450,0.35,netbanking,0.65,0
pay_01425,cust_1786,5174.88,expired_card,3,10,8,943,0.24,upi,0.556,0
pay_01426,cust_1846,433.76,invalid_card,1,11,4,848,2.08,card,0.733,0
pay_01427,cust_1562,1368.47,insufficient_funds,3,20,5,648,3.08,card,0.8,1
pay_01428,cust_0938,504.57,insufficient_funds,1,9,2,810,4.01,card,0.818,0
pay_01429,cust_1754,738.7,expired_card,0,12,0,136,0.49,netbanking,1.0,1
pay_01430,cust_1151,1744.65,authentication_failed,3,1,0,808,4.53,netbanking,1.0,0
pay_01431,cust_2199,5772.17,authentication_failed,1,2,2,621,3.02,card,0.5,0
pay_01432,cust_1468,8612.6,bank_timeout,3,8,2,683,4.08,netbanking,0.8,0
pay_01433,cust_0312,1329.08,bank_timeout,3,10,3,470,1.79,netbanking,0.769,1
pay_01434,cust_2412,2064.05,bank_timeout,2,16,2,347,0.73,upi,0.889,1
pay_01435,cust_2284,1648.27,insufficient_funds,3,8,4,698,1.9,card,0.667,0
pay_01436,cust_1914,300.56,bank_timeout,1,14,4,818,2.73,card,0.778,1
pay_01437,cust_2013,3593.98,invalid_card,1,9,2,531,0.93,card,0.818,0
pay_01438,cust_0785,459.28,invalid_card,0,20,8,92,4.03,upi,0.714,0
pay_01439,cust_0276,1493.63,bank_timeout,3,19,3,362,3.62,card,0.864,1
pay_01440,cust_2061,633.12,expired_card,0,20,1,557,0.44,card,0.952,1
pay_01441,cust_1624,3468.66,expired_card,2,8,4,968,3.38,card,0.667,0
pay_01442,cust_1473,2650.88,insufficient_funds,1,14,8,139,0.18,upi,0.636,0
pay_01443,cust_1313,1294.02,authentication_failed,3,19,6,630,2.69,netbanking,0.76,0
pay_01444,cust_0635,2197.1,invalid_card,1,15,1,310,4.21,netbanking,0.938,1
pay_01445,cust_0564,9032.07,expired_card,2,4,3,881,2.83,card,0.571,0
pay_01446,cust_0928,376.72,bank_timeout,3,0,6,972,4.1,card,0.0,0
pay_01447,cust_2321,586.03,bank_timeout,0,1,1,45,1.01,card,0.5,0
pay_01448,cust_0720,5701.19,invalid_card,0,0,8,891,3.19,card,0.0,0
pay_01449,cust_2287,474.87,expired_card,2,12,1,325,0.4,card,0.923,1
pay_01450,cust_0964,468.32,authentication_failed,0,15,4,461,3.94,netbanking,0.789,1
pay_01451,cust_2255,1618.35,insufficient_funds,0,6,0,498,4.19,card,1.0,1
pay_01452,cust_1656,2633.92,authentication_failed,3,2,5,50,4.52,upi,0.286,0
pay_01453,cust_0189,329.77,insufficient_funds,3,11,4,918,0.52,card,0.733,0
pay_01454,cust_0370,410.22,invalid_card,2,3,6,658,4.11,netbanking,0.333,0
pay_01455,cust_2423,1083.87,authentication_failed,3,13,8,237,1.54,card,0.619,0
pay_01456,cust_0577,5836.39,authentication_failed,0,16,3,582,2.22,upi,0.842,1
pay_01457,cust_2276,6703.44,authentication_failed,2,0,5,852,3.0,card,0.0,0
pay_01458,cust_0740,307.91,authentication_failed,1,0,1,165,2.21,card,0.0,0
pay_01459,cust_1469,980.73,invalid_card,2,2,8,905,0.13,card,0.2,0
pay_01460,cust_2342,1145.61,authentication_failed,0,14,7,497,1.52,upi,0.667,0
pay_01461,cust_0370,400.29,insufficient_funds,1,8,1,653,3.59,netbanking,0.889,1
pay_01462,cust_1650,3986.25,expired_card,0,14,0,860,3.56,netbanking,1.0,0
pay_01463,cust_1083,2831.58,expired_card,3,1,5,475,3.92,upi,0.167,0
pay_01464,cust_0518,9086.63,insufficient_funds,0,1,1,677,2.06,netbanking,0.5,0
pay_01465,cust_1402,974.37,expired_card,1,16,2,971,2.84,upi,0.889,1
pay_01466,cust_1344,3408.82,authentication_failed,1,5,4,764,2.32,netbanking,0.556,1
pay_01467,cust_0370,1778.58,insufficient_funds,0,1,5,995,2.86,upi,0.167,0
pay_01468,cust_0242,7272.32,insufficient_funds,0,10,2,467,0.5,netbanking,0.833,0
pay_01469,cust_0179,422.16,authentication_failed,1,1,0,503,0.45,card,1.0,0
pay_01470,cust_1763,377.09,authentication_failed,2,17,5,745,1.54,netbanking,0.773,0
pay_01471,cust_0577,760.43,invalid_card,1,19,4,315,4.79,upi,0.826,0
pay_01472,cust_0474,865.62,invalid_card,2,17,1,248,4.52,card,0.944,1
pay_01473,cust_0290,8422.01,bank_timeout,1,2,7,943,1.55,netbanking,0.222,0
pay_01474,cust_1475,761.48,invalid_card,0,12,4,588,2.23,netbanking,0.75,0
pay_01475,cust_1759,1437.84,expired_card,1,17,4,211,1.66,netbanking,0.81,1
pay_01476,cust_0934,2814.6,invalid_card,0,10,5,84,2.28,card,0.667,0
pay_01477,cust_1820,1786.55,expired_card,2,12,2,240,2.87,card,0.857,0
pay_01478,cust_0040,377.22,insufficient_funds,2,0,1,940,1.24,upi,0.0,0
pay_01479,cust_0342,498.03,bank_timeout,2,14,6,85,3.47,upi,0.7,1
pay_01480,cust_0726,511.87,expired_card,0,5,0,944,0.51,upi,1.0,1
pay_01481,cust_0554,2569.08,insufficient_funds,1,13,0,110,1.67,card,1.0,1
pay_01482,cust_1382,1366.0,invalid_card,2,1,7,319,0.31,netbanking,0.125,0
pay_01483,cust_2017,228.97,expired_card,2,20,0,965,1.23,netbanking,1.0,0
pay_01484,cust_0270,990.3,expired_card,0,6,1,33,1.46,netbanking,0.857,0
pay_01485,cust_0517,1856.39,insufficient_funds,2,20,1,256,4.95,card,0.952,1
pay_01486,cust_1380,1348.35,bank_timeout,2,4,0,400,2.0,upi,1.0,1
pay_01487,cust_0137,216.8,invalid_card,3,17,0,105,2.78,netbanking,1.0,0
pay_01488,cust_1800,4691.21,authentication_failed,1,6,3,613,4.26,upi,0.667,0
pay_01489,cust_1257,373.32,invalid_card,3,12,2,372,1.71,upi,0.857,1
pay_01490,cust_0893,6452.12,expired_card,1,12,2,322,0.62,upi,0.857,0
pay_01491,cust_2201,790.47,bank_timeout,2,10,1,101,0.17,card,0.909,1
pay_01492,cust_0131,370.4,expired_card,0,20,8,599,4.58,card,0.714,0
pay_01493,cust_2091,3816.42,invalid_card,1,4,0,318,4.49,upi,1.0,0
pay_01494,cust_1371,8278.91,expired_card,1,2,2,637,3.71,netbanking,0.5,1
pay_01495,cust_1735,8901.31,bank_timeout,1,14,5,392,2.65,card,0.737,1
pay_01496,cust_0319,990.67,insufficient_funds,0,2,5,892,0.89,upi,0.286,0
pay_01497,cust_2256,594.33,insufficient_funds,0,16,7,770,0.12,upi,0.696,0
pay_01498,cust_1500,716.43,authentication_failed,2,17,8,113,3.68,upi,0.68,0
pay_01499,cust_1282,369.69,invalid_card,0,1,5,969,1.26,netbanking,0.167,0
pay_01500,cust_2192,3470.11,authentication_failed,3,5,8,312,1.73,card,0.385,0
pay_01501,cust_1274,3966.58,bank_timeout,0,5,8,248,3.11,card,0.385,0
pay_01502,cust_2199,962.38,insufficient_funds,0,8,4,528,4.94,upi,0.667,1
pay_01503,cust_0866,418.34,invalid_card,1,0,2,783,3.17,upi,0.0,0
pay_01504,cust_0054,816.39,bank_timeout,1,14,7,397,4.27,card,0.667,1
pay_01505,cust_0521,551.51,authentication_failed,3,10,0,446,1.34,card,1.0,0
pay_01506,cust_0808,991.2,invalid_card,3,11,6,954,2.96,upi,0.647,0
pay_01507,cust_2201,266.27,invalid_card,0,15,4,417,4.34,netbanking,0.789,1
pay_01508,cust_0168,457.18,insufficient_funds,1,17,4,98,3.14,upi,0.81,0
pay_01509,cust_1606,247.66,invalid_card,0,16,0,405,2.09,upi,1.0,1
pay_01510,cust_1510,489.65,invalid_card,3,4,1,614,2.61,card,0.8,0
pay_01511,cust_1613,2161.85,expired_card,0,14,6,430,4.9,netbanking,0.7,0
pay_01512,cust_1255,380.4,expired_card,3,5,7,224,0.73,netbanking,0.417,0
pay_01513,cust_0692,716.49,expired_card,3,4,5,993,3.31,card,0.444,0
pay_01514,cust_1314,278.97,authentication_failed,3,19,1,787,3.15,netbanking,0.95,1
pay_01515,cust_1670,243.26,authentication_failed,3,8,3,235,2.84,netbanking,0.727,1
pay_01516,cust_0981,4971.85,bank_timeout,0,11,8,271,1.2,upi,0.579,1
pay_01517,cust_1068,483.77,insufficient_funds,2,16,7,445,0.24,netbanking,0.696,1
pay_01518,cust_1094,2454.8,invalid_card,3,12,4,769,3.88,upi,0.75,0
pay_01519,cust_1375,5594.66,expired_card,3,19,8,421,4.82,upi,0.704,1
pay_01520,cust_0261,1252.82,expired_card,0,18,5,977,4.21,card,0.783,1
pay_01521,cust_1255,906.57,expired_card,3,12,4,894,2.29,upi,0.75,0
pay_01522,cust_0463,619.53,bank_timeout,0,8,2,424,0.7,upi,0.8,1
pay_01523,cust_1172,833.18,bank_timeout,3,3,4,825,1.65,card,0.429,0
pay_01524,cust_1266,5888.13,bank_timeout,0,0,8,691,3.46,card,0.0,0
pay_01525,cust_0500,347.7,insufficient_funds,3,2,8,317,1.66,upi,0.2,0
pay_01526,cust_0857,9272.93,authentication_failed,2,8,7,79,0.65,upi,0.533,0
pay_01527,cust_0795,391.84,authentication_failed,2,4,3,956,2.28,upi,0.571,0
pay_01528,cust_1856,714.56,invalid_card,0,8,0,691,4.15,card,1.0,0
pay_01529,cust_1463,2863.93,expired_card,0,1,0,972,0.84,netbanking,1.0,0
pay_01530,cust_0730,532.79,insufficient_funds,0,19,4,262,4.84,upi,0.826,0
pay_01531,cust_0506,429.77,invalid_card,0,6,1,232,1.95,card,0.857,1
pay_01532,cust_1417,304.32,authentication_failed,1,18,7,832,1.31,netbanking,0.72,1
pay_01533,cust_0524,982.21,bank_timeout,1,4,7,262,3.53,card,0.364,0
pay_01534,cust_0779,5011.02,bank_timeout,1,4,3,463,2.19,upi,0.571,0
pay_01535,cust_2078,9350.88,insufficient_funds,1,12,7,836,4.8,netbanking,0.632,1
pay_01536,cust_2072,441.08,invalid_card,1,12,1,392,3.26,card,0.923,1
pay_01537,cust_2268,980.41,insufficient_funds,3,8,8,910,1.37,upi,0.5,0
pay_01538,cust_1649,661.83,bank_timeout,1,4,2,971,3.59,netbanking,0.667,1
pay_01539,cust_0070,1583.78,authentication_failed,1,20,2,212,3.7,netbanking,0.909,1
pay_01540,cust_1449,2641.28,bank_timeout,0,12,3,883,4.5,upi,0.8,1
pay_01541,cust_1962,458.35,expired_card,3,8,1,877,1.26,upi,0.889,1
pay_01542,cust_1989,399.7,authentication_failed,1,0,1,255,3.9,upi,0.0,0
pay_01543,cust_0715,528.61,authentication_failed,3,11,6,94,1.64,netbanking,0.647,0
pay_01544,cust_1134,522.47,insufficient_funds,0,13,4,103,0.48,upi,0.765,1
pay_01545,cust_1402,7693.01,authentication_failed,2,14,8,538,1.85,card,0.636,0
pay_01546,cust_0758,900.91,invalid_card,0,2,7,128,0.77,card,0.222,0
pay_01547,cust_0368,4705.31,authentication_failed,3,17,7,445,0.28,upi,0.708,0
pay_01548,cust_2144,537.02,insufficient_funds,1,4,7,697,2.01,netbanking,0.364,1
pay_01549,cust_0116,6712.39,authentication_failed,2,7,3,993,3.19,upi,0.7,1
pay_01550,cust_2342,469.03,invalid_card,2,6,0,554,3.39,upi,1.0,1
pay_01551,cust_2369,390.08,authentication_failed,2,0,5,527,4.06,card,0.0,0
pay_01552,cust_1116,9450.7,insufficient_funds,0,0,2,460,4.84,netbanking,0.0,1
pay_01553,cust_1902,6046.37,expired_card,3,18,7,975,1.62,netbanking,0.72,0
pay_01554,cust_0365,324.94,expired_card,0,0,6,280,1.83,upi,0.0,1
pay_01555,cust_0904,9824.39,authentication_failed,3,14,1,142,4.43,card,0.933,1
pay_01556,cust_2317,568.54,insufficient_funds,2,18,7,766,0.14,netbanking,0.72,1
pay_01557,cust_1508,580.59,invalid_card,1,2,5,658,1.52,upi,0.286,0
pay_01558,cust_2149,5347.46,expired_card,3,13,3,335,4.86,upi,0.812,0
pay_01559,cust_1073,1584.03,insufficient_funds,0,12,3,801,3.08,upi,0.8,0
pay_01560,cust_1059,9165.54,expired_card,1,4,3,78,3.01,card,0.571,1
pay_01561,cust_2051,1953.58,insufficient_funds,1,3,0,945,3.83,card,1.0,1
pay_01562,cust_1825,237.73,invalid_card,2,16,5,227,1.51,upi,0.762,1
pay_01563,cust_1691,735.84,insufficient_funds,0,1,4,314,2.88,card,0.2,1
pay_01564,cust_1247,313.45,insufficient_funds,2,3,2,827,0.66,card,0.6,1
pay_01565,cust_1891,7948.14,bank_timeout,2,20,7,32,2.82,upi,0.741,0
pay_01566,cust_1763,490.26,expired_card,2,17,4,223,1.37,netbanking,0.81,1
pay_01567,cust_1341,1144.89,insufficient_funds,2,5,3,878,2.1,card,0.625,0
pay_01568,cust_0556,1619.74,invalid_card,0,0,4,267,3.35,card,0.0,0
pay_01569,cust_2374,323.71,insufficient_funds,2,4,4,420,3.79,netbanking,0.5,0
pay_01570,cust_0206,7637.99,invalid_card,0,14,4,222,4.97,upi,0.778,0
pay_01571,cust_1238,1310.18,insufficient_funds,1,17,4,462,2.02,card,0.81,0
pay_01572,cust_0743,668.05,bank_timeout,1,16,2,668,3.99,card,0.889,1
pay_01573,cust_0039,567.09,bank_timeout,1,0,3,232,1.34,card,0.0,0
pay_01574,cust_1919,9305.42,expired_card,3,13,2,824,2.44,card,0.867,1
pay_01575,cust_2499,906.1,expired_card,2,6,0,110,4.71,netbanking,1.0,0
pay_01576,cust_0709,4807.95,bank_timeout,0,6,4,763,4.6,card,0.6,1
pay_01577,cust_0540,213.0,insufficient_funds,1,5,2,329,0.36,upi,0.714,0
pay_01578,cust_1530,2443.7,authentication_failed,0,15,7,358,4.14,upi,0.682,0
pay_01579,cust_1696,2200.84,insufficient_funds,2,20,8,262,2.73,upi,0.714,1
pay_01580,cust_1806,245.23,bank_timeout,2,19,0,851,4.78,card,1.0,1
pay_01581,cust_1406,878.37,bank_timeout,1,20,3,492,2.91,upi,0.87,1
pay_01582,cust_0313,437.33,authentication_failed,0,7,5,734,2.81,upi,0.583,0
pay_01583,cust_0205,399.88,invalid_card,0,20,3,642,0.84,upi,0.87,1
pay_01584,cust_0425,1503.39,insufficient_funds,0,5,2,175,4.54,upi,0.714,1
pay_01585,cust_1589,423.53,expired_card,1,4,1,414,0.96,upi,0.8,0
pay_01586,cust_1313,630.08,bank_timeout,0,17,3,237,4.88,netbanking,0.85,1
pay_01587,cust_1206,5132.83,authentication_failed,2,0,4,505,0.2,netbanking,0.0,0
pay_01588,cust_0681,2365.55,insufficient_funds,2,6,7,538,1.36,netbanking,0.462,1
pay_01589,cust_0745,1418.2,invalid_card,2,5,7,973,2.54,card,0.417,0
pay_01590,cust_1307,4075.12,insufficient_funds,2,17,1,175,4.07,upi,0.944,0
pay_01591,cust_0549,2449.53,insufficient_funds,2,13,3,73,0.84,card,0.812,0
pay_01592,cust_1302,831.76,invalid_card,1,20,6,206,4.15,netbanking,0.769,1
pay_01593,cust_1216,1085.45,expired_card,0,20,8,377,0.58,netbanking,0.714,1
pay_01594,cust_0839,416.16,expired_card,1,5,1,868,3.25,netbanking,0.833,1
pay_01595,cust_0725,2656.84,expired_card,0,11,8,187,4.36,netbanking,0.579,0
pay_01596,cust_2226,324.15,authentication_failed,2,8,8,580,0.39,card,0.5,0
pay_01597,cust_1267,495.65,invalid_card,3,14,8,521,1.3,card,0.636,0
pay_01598,cust_1285,2918.57,invalid_card,2,3,6,771,0.73,netbanking,0.333,0
pay_01599,cust_1214,555.78,bank_timeout,1,5,0,342,3.48,card,1.0,1
pay_01600,cust_0187,284.3,expired_card,3,16,1,122,2.41,netbanking,0.941,0
pay_01601,cust_1829,2175.67,authentication_failed,0,20,2,556,3.52,netbanking,0.909,1
pay_01602,cust_0455,6023.5,insufficient_funds,1,0,0,35,1.8,netbanking,0.0,0
pay_01603,cust_0806,423.4,insufficient_funds,0,10,2,306,1.3,upi,0.833,1
pay_01604,cust_2169,774.37,invalid_card,1,18,0,91,2.31,netbanking,1.0,0
pay_01605,cust_2188,581.84,bank_timeout,1,16,6,719,3.97,card,0.727,1
pay_01606,cust_0835,2799.36,insufficient_funds,3,5,6,495,0.61,netbanking,0.455,0
pay_01607,cust_1778,981.6,bank_timeout,1,6,3,764,3.08,netbanking,0.667,1
pay_01608,cust_0407,923.73,invalid_card,0,16,7,363,3.57,netbanking,0.696,0
pay_01609,cust_0082,320.82,invalid_card,2,18,2,36,3.21,netbanking,0.9,1
pay_01610,cust_2205,355.79,authentication_failed,3,19,7,449,0.67,card,0.731,0
pay_01611,cust_2061,675.82,authentication_failed,2,11,7,212,3.7,netbanking,0.611,0
pay_01612,cust_0069,1301.2,invalid_card,3,5,5,618,4.16,netbanking,0.5,0
pay_01613,cust_0567,601.87,expired_card,1,19,4,717,2.23,upi,0.826,0
pay_01614,cust_0037,428.2,invalid_card,3,4,6,463,2.99,upi,0.4,0
pay_01615,cust_1248,217.88,authentication_failed,3,9,7,291,2.84,netbanking,0.562,0
pay_01616,cust_2339,2906.26,insufficient_funds,3,7,4,889,2.35,upi,0.636,0
pay_01617,cust_1407,6731.99,expired_card,0,8,4,353,0.15,netbanking,0.667,0
pay_01618,cust_2478,2611.6,bank_timeout,0,5,6,172,4.81,card,0.455,1
pay_01619,cust_0161,644.65,expired_card,2,11,8,136,3.87,netbanking,0.579,1
pay_01620,cust_0003,365.88,expired_card,2,17,8,272,3.13,upi,0.68,0
pay_01621,cust_1941,6872.77,bank_timeout,1,14,5,967,0.16,card,0.737,1
pay_01622,cust_0003,8317.65,insufficient_funds,2,20,3,47,4.56,netbanking,0.87,1
pay_01623,cust_1465,6956.77,authentication_failed,2,13,7,613,0.35,netbanking,0.65,0
pay_01624,cust_1966,955.22,invalid_card,0,0,1,676,3.78,netbanking,0.0,1
pay_01625,cust_1752,1095.16,expired_card,1,19,0,432,2.47,upi,1.0,0
pay_01626,cust_1405,2857.32,bank_timeout,0,12,2,836,3.91,upi,0.857,1
pay_01627,cust_0479,671.75,expired_card,1,5,2,157,3.08,upi,0.714,0
pay_01628,cust_1359,269.77,expired_card,2,15,6,340,2.75,upi,0.714,1
pay_01629,cust_1334,611.2,authentication_failed,2,0,7,880,0.5,card,0.0,0
pay_01630,cust_0562,285.24,insufficient_funds,1,12,2,704,1.01,netbanking,0.857,1
pay_01631,cust_0375,533.93,invalid_card,1,13,4,578,3.25,upi,0.765,1
pay_01632,cust_1010,2424.02,bank_timeout,2,5,5,173,3.59,card,0.5,1
pay_01633,cust_1281,229.42,invalid_card,0,10,0,571,4.27,card,1.0,1
pay_01634,cust_0194,1516.39,invalid_card,2,20,3,395,3.88,card,0.87,1
pay_01635,cust_1219,330.51,invalid_card,2,18,4,749,4.05,card,0.818,1
pay_01636,cust_2340,336.84,expired_card,3,16,8,61,1.19,card,0.667,0
pay_01637,cust_0512,710.22,bank_timeout,1,13,0,555,2.42,netbanking,1.0,1
pay_01638,cust_2192,905.23,invalid_card,3,6,0,322,4.15,netbanking,1.0,0
pay_01639,cust_1781,1626.61,invalid_card,1,10,3,524,4.08,upi,0.769,0
pay_01640,cust_2097,5493.33,bank_timeout,2,12,7,119,3.7,upi,0.632,1
pay_01641,cust_1814,421.69,expired_card,1,12,2,631,3.06,card,0.857,0
pay_01642,cust_1053,1859.59,insufficient_funds,0,1,1,79,2.71,netbanking,0.5,1
pay_01643,cust_2270,1033.91,bank_timeout,0,17,6,709,2.66,card,0.739,0
pay_01644,cust_1178,1553.59,authentication_failed,3,18,5,478,0.94,netbanking,0.783,0
pay_01645,cust_1520,1656.86,authentication_failed,0,18,0,213,0.8,card,1.0,0
pay_01646,cust_1807,422.56,bank_timeout,1,20,7,950,0.5,upi,0.741,1
pay_01647,cust_0059,2057.71,expired_card,2,6,6,538,3.83,card,0.5,0
pay_01648,cust_0655,695.22,insufficient_funds,2,13,8,146,3.9,card,0.619,1
pay_01649,cust_2368,1982.88,expired_card,0,0,2,883,0.62,netbanking,0.0,1
pay_01650,cust_1917,9029.24,authentication_failed,1,11,1,673,4.16,card,0.917,0
pay_01651,cust_1283,422.35,expired_card,1,12,0,794,3.75,card,1.0,1
pay_01652,cust_0500,892.85,authentication_failed,2,4,5,387,0.69,upi,0.444,0
pay_01653,cust_1748,211.68,authentication_failed,0,1,4,365,0.4,netbanking,0.2,1
pay_01654,cust_0556,1412.96,authentication_failed,1,12,6,173,4.58,upi,0.667,1
pay_01655,cust_0324,673.99,bank_timeout,1,19,0,751,0.13,upi,1.0,1
pay_01656,cust_1368,8890.04,insufficient_funds,2,14,3,118,3.29,upi,0.824,0
pay_01657,cust_1581,1974.2,insufficient_funds,3,9,3,432,4.79,card,0.75,1
pay_01658,cust_0175,918.32,invalid_card,1,17,6,814,3.29,card,0.739,0
pay_01659,cust_1679,6648.16,expired_card,0,13,1,65,4.48,upi,0.929,1
pay_01660,cust_1892,2782.4,invalid_card,0,11,1,68,1.03,upi,0.917,1
pay_01661,cust_2295,567.55,invalid_card,1,13,2,986,4.3,upi,0.867,0
pay_01662,cust_0420,629.32,authentication_failed,1,0,6,618,4.01,upi,0.0,0
pay_01663,cust_1714,347.59,authentication_failed,1,16,8,811,4.31,card,0.667,0
pay_01664,cust_2086,335.3,bank_timeout,3,4,7,156,2.32,upi,0.364,0
pay_01665,cust_0806,205.38,insufficient_funds,2,1,3,342,4.74,upi,0.25,0
pay_01666,cust_2420,6453.43,invalid_card,2,16,3,779,1.25,netbanking,0.842,1
pay_01667,cust_1658,736.97,insufficient_funds,0,19,1,994,4.76,netbanking,0.95,1
pay_01668,cust_0791,817.82,invalid_card,2,8,2,70,4.63,card,0.8,0
pay_01669,cust_0278,395.56,expired_card,3,4,0,304,3.81,upi,1.0,1
pay_01670,cust_0272,1989.0,insufficient_funds,1,5,4,410,4.99,netbanking,0.556,1
pay_01671,cust_0984,1118.93,insufficient_funds,1,4,4,587,4.77,netbanking,0.5,0
pay_01672,cust_0116,1948.86,authentication_failed,1,5,2,412,0.48,upi,0.714,0
pay_01673,cust_2032,895.93,bank_timeout,0,3,8,878,3.15,upi,0.273,0
pay_01674,cust_0146,690.9,insufficient_funds,0,4,8,438,2.3,upi,0.333,0
pay_01675,cust_0696,2557.29,bank_timeout,3,4,1,614,1.87,upi,0.8,1
pay_01676,cust_1677,1019.94,insufficient_funds,0,15,3,169,1.73,card,0.833,0
pay_01677,cust_2307,488.71,bank_timeout,3,5,2,125,0.63,card,0.714,1
pay_01678,cust_2215,442.9,invalid_card,1,5,1,55,4.04,upi,0.833,0
pay_01679,cust_1040,293.86,invalid_card,1,17,1,515,4.19,card,0.944,1
pay_01680,cust_1863,622.19,expired_card,1,5,5,177,0.55,upi,0.5,0
pay_01681,cust_1628,203.62,bank_timeout,0,18,4,342,3.74,netbanking,0.818,1
pay_01682,cust_1828,736.76,bank_timeout,2,10,1,260,4.62,upi,0.909,1
pay_01683,cust_1927,321.69,bank_timeout,2,11,8,389,0.65,upi,0.579,0
pay_01684,cust_0152,238.42,bank_timeout,3,9,8,936,2.13,upi,0.529,0
pay_01685,cust_1962,6595.35,bank_timeout,3,12,0,959,0.15,card,1.0,1
pay_01686,cust_2153,8243.66,authentication_failed,0,18,0,532,1.53,card,1.0,1
pay_01687,cust_2324,718.15,invalid_card,1,6,5,265,1.47,netbanking,0.545,0
pay_01688,cust_1102,634.94,insufficient_funds,3,10,4,472,1.02,card,0.714,0
pay_01689,cust_0040,997.94,insufficient_funds,2,0,3,809,1.17,upi,0.0,0
pay_01690,cust_0250,8552.16,invalid_card,0,19,0,33,2.63,card,1.0,0
pay_01691,cust_2342,4764.61,insufficient_funds,0,12,2,870,1.25,card,0.857,1
pay_01692,cust_2026,7712.11,authentication_failed,3,0,8,844,3.69,card,0.0,0
pay_01693,cust_1230,8981.13,invalid_card,3,7,0,81,0.21,upi,1.0,1
pay_01694,cust_2445,985.25,invalid_card,0,7,7,114,4.65,card,0.5,1
pay_01695,cust_2144,2323.64,expired_card,1,18,4,183,4.87,upi,0.818,0
pay_01696,cust_0775,901.66,expired_card,2,13,6,60,2.29,card,0.684,0
pay_01697,cust_1537,1500.52,invalid_card,3,4,0,127,0.39,upi,1.0,0
pay_01698,cust_0566,279.1,authentication_failed,1,20,3,555,2.29,card,0.87,1
pay_01699,cust_1184,2780.48,authentication_failed,3,8,5,956,0.77,card,0.615,0
pay_01700,cust_0932,678.9,bank_timeout,3,0,0,331,0.53,upi,0.0,1
pay_01701,cust_0388,496.75,authentication_failed,3,2,2,835,3.19,card,0.5,0
pay_01702,cust_1341,302.79,insufficient_funds,3,19,2,254,0.37,card,0.905,1
pay_01703,cust_1747,526.84,invalid_card,0,2,2,235,4.92,card,0.5,0
pay_01704,cust_0521,369.34,bank_timeout,2,17,5,41,2.54,card,0.773,1
pay_01705,cust_1759,2910.48,expired_card,0,9,2,945,0.81,upi,0.818,0
pay_01706,cust_1802,324.69,insufficient_funds,0,10,3,37,1.89,netbanking,0.769,1
pay_01707,cust_0840,2689.84,authentication_failed,0,15,6,577,0.93,upi,0.714,0
pay_01708,cust_1302,873.98,invalid_card,0,16,6,897,2.15,upi,0.727,0
pay_01709,cust_1587,965.01,expired_card,3,13,8,482,2.6,card,0.619,1
pay_01710,cust_1105,646.43,authentication_failed,1,11,0,67,2.12,card,1.0,1
pay_01711,cust_0446,651.35,bank_timeout,2,8,3,344,0.36,card,0.727,1
pay_01712,cust_1718,876.2,insufficient_funds,3,8,5,197,1.85,upi,0.615,0
pay_01713,cust_2355,1798.94,insufficient_funds,0,19,7,822,1.06,card,0.731,1
pay_01714,cust_2255,8999.36,bank_timeout,1,10,4,542,4.38,upi,0.714,1
pay_01715,cust_2060,4940.31,authentication_failed,3,12,4,916,3.89,card,0.75,1
pay_01716,cust_1423,907.46,expired_card,1,8,1,851,3.66,upi,0.889,1
pay_01717,cust_1013,5176.38,insufficient_funds,3,4,1,760,3.68,card,0.8,0
pay_01718,cust_2070,992.74,insufficient_funds,3,17,0,112,0.54,netbanking,1.0,0
pay_01719,cust_1131,208.73,bank_timeout,3,3,7,810,3.3,card,0.3,0
pay_01720,cust_1700,873.86,expired_card,0,16,4,130,2.95,netbanking,0.8,1
pay_01721,cust_1167,2642.13,insufficient_funds,0,2,3,478,1.77,netbanking,0.4,0
pay_01722,cust_1384,9457.45,authentication_failed,0,15,2,828,2.39,netbanking,0.882,1
pay_01723,cust_0231,413.52,authentication_failed,0,19,7,884,0.86,netbanking,0.731,0
pay_01724,cust_0831,2175.57,invalid_card,0,17,3,526,1.76,upi,0.85,0
pay_01725,cust_0929,211.1,bank_timeout,0,17,5,833,1.82,upi,0.773,1
pay_01726,cust_2051,584.69,bank_timeout,3,5,2,874,0.7,card,0.714,1
pay_01727,cust_2397,2204.33,invalid_card,3,15,0,428,4.02,upi,1.0,0
pay_01728,cust_1461,1236.67,bank_timeout,2,1,1,888,2.09,card,0.5,0
pay_01729,cust_1222,693.81,bank_timeout,0,20,8,815,1.36,upi,0.714,1
pay_01730,cust_0642,605.73,authentication_failed,2,17,4,545,0.42,card,0.81,1
pay_01731,cust_0097,202.07,insufficient_funds,1,1,2,133,1.9,upi,0.333,0
pay_01732,cust_0292,7999.43,expired_card,1,7,5,268,1.62,upi,0.583,1
pay_01733,cust_0372,2639.55,invalid_card,2,4,7,547,4.12,upi,0.364,0
pay_01734,cust_2398,1244.44,expired_card,0,4,8,818,0.47,netbanking,0.333,0
pay_01735,cust_1840,1196.86,authentication_failed,0,10,5,295,0.86,upi,0.667,1
pay_01736,cust_0187,4589.35,insufficient_funds,2,9,6,806,3.72,card,0.6,1
pay_01737,cust_1515,1924.69,insufficient_funds,0,0,7,238,0.4,upi,0.0,0
pay_01738,cust_2049,8282.14,authentication_failed,1,15,0,251,0.58,netbanking,1.0,0
pay_01739,cust_1303,4299.8,expired_card,2,16,5,752,2.35,card,0.762,0
pay_01740,cust_0742,4816.66,authentication_failed,1,14,2,598,2.63,upi,0.875,1
pay_01741,cust_1230,3952.61,invalid_card,1,4,7,998,0.43,netbanking,0.364,0
pay_01742,cust_0846,9445.01,invalid_card,1,11,2,253,4.48,netbanking,0.846,1
pay_01743,cust_1767,415.61,expired_card,3,18,3,210,0.38,netbanking,0.857,0
pay_01744,cust_1371,433.05,authentication_failed,1,15,3,621,2.15,netbanking,0.833,1
pay_01745,cust_0344,2706.66,insufficient_funds,1,20,5,451,2.31,upi,0.8,0
pay_01746,cust_1941,1999.12,bank_timeout,0,18,0,277,4.17,upi,1.0,1
pay_01747,cust_2159,921.69,invalid_card,1,5,0,753,0.96,netbanking,1.0,0
pay_01748,cust_0604,1149.95,invalid_card,0,15,1,463,0.91,upi,0.938,1
pay_01749,cust_1207,5022.36,authentication_failed,1,1,5,209,4.71,netbanking,0.167,1
pay_01750,cust_1741,503.92,insufficient_funds,3,18,8,44,0.57,card,0.692,0
pay_01751,cust_1091,3541.95,authentication_failed,0,14,7,934,4.45,card,0.667,0
pay_01752,cust_0080,9466.03,insufficient_funds,0,1,4,627,1.07,upi,0.2,0
pay_01753,cust_0757,728.96,insufficient_funds,1,18,4,831,2.27,upi,0.818,1
pay_01754,cust_0990,6939.19,expired_card,0,5,5,660,3.67,upi,0.5,0
pay_01755,cust_2253,848.74,invalid_card,1,15,2,583,4.32,netbanking,0.882,0
pay_01756,cust_0656,467.44,expired_card,3,1,2,880,2.21,netbanking,0.333,0
pay_01757,cust_1720,822.29,authentication_failed,2,11,3,632,2.5,netbanking,0.786,0
pay_01758,cust_2402,9013.28,expired_card,3,15,5,801,2.12,card,0.75,0
pay_01759,cust_0089,772.27,authentication_failed,1,5,1,955,1.92,card,0.833,1
pay_01760,cust_1226,463.64,authentication_failed,1,5,5,227,1.31,card,0.5,0
pay_01761,cust_0710,1714.68,expired_card,0,3,3,375,1.49,upi,0.5,1
pay_01762,cust_0137,2008.08,bank_timeout,1,7,3,926,0.89,netbanking,0.7,1
pay_01763,cust_1009,317.23,expired_card,1,3,2,881,4.83,netbanking,0.6,0
pay_01764,cust_1104,2758.53,authentication_failed,2,19,2,87,0.68,upi,0.905,1
pay_01765,cust_0995,1150.43,expired_card,0,0,6,216,3.02,card,0.0,0
pay_01766,cust_1099,391.28,authentication_failed,1,12,7,107,3.54,card,0.632,0
pay_01767,cust_0410,1801.16,invalid_card,1,16,6,287,1.98,upi,0.727,0
pay_01768,cust_0582,944.29,insufficient_funds,1,17,4,352,4.39,card,0.81,1
pay_01769,cust_1108,582.94,expired_card,0,10,1,307,1.13,upi,0.909,1
pay_01770,cust_0572,229.11,authentication_failed,3,18,7,683,0.78,upi,0.72,0
pay_01771,cust_1910,563.3,bank_timeout,1,8,5,747,4.67,card,0.615,0
pay_01772,cust_0449,5117.28,invalid_card,3,15,6,879,2.92,card,0.714,0
pay_01773,cust_0856,9902.26,expired_card,2,19,0,199,1.77,card,1.0,1
pay_01774,cust_2224,1549.6,authentication_failed,1,17,2,823,1.67,upi,0.895,0
pay_01775,cust_1791,1808.66,invalid_card,1,18,2,401,1.6,upi,0.9,1
pay_01776,cust_0888,5612.25,bank_timeout,1,5,2,920,1.82,netbanking,0.714,0
pay_01777,cust_0436,9535.85,bank_timeout,3,5,8,451,1.02,upi,0.385,0
pay_01778,cust_1032,822.41,bank_timeout,0,9,2,638,0.16,upi,0.818,1
pay_01779,cust_0056,8819.5,insufficient_funds,3,12,0,298,4.6,card,1.0,0
pay_01780,cust_1404,526.26,insufficient_funds,2,20,0,49,3.61,upi,1.0,0
pay_01781,cust_0307,879.37,authentication_failed,1,4,2,335,4.2,netbanking,0.667,0
pay_01782,cust_0384,225.05,invalid_card,1,14,7,704,0.28,card,0.667,0
pay_01783,cust_1639,283.3,invalid_card,1,12,4,253,3.57,upi,0.75,1
pay_01784,cust_1450,1456.31,invalid_card,3,13,2,907,1.19,card,0.867,0
pay_01785,cust_0456,260.68,authentication_failed,2,2,6,336,0.77,upi,0.25,0
pay_01786,cust_0820,413.62,bank_timeout,1,14,7,704,4.48,upi,0.667,1
pay_01787,cust_2144,8263.61,bank_timeout,2,5,0,868,1.46,upi,1.0,0
pay_01788,cust_1756,3700.51,insufficient_funds,3,19,3,206,1.57,card,0.864,0
pay_01789,cust_0749,2120.16,expired_card,3,5,3,305,1.79,card,0.625,0
pay_01790,cust_1374,437.84,bank_timeout,2,17,5,793,1.2,upi,0.773,1
pay_01791,cust_0561,783.34,authentication_failed,2,2,0,33,3.02,upi,1.0,1
pay_01792,cust_0931,2770.39,bank_timeout,3,8,3,358,3.92,card,0.727,0
pay_01793,cust_2472,203.8,expired_card,3,1,4,530,4.25,netbanking,0.2,0
pay_01794,cust_1682,1910.77,expired_card,3,1,6,775,1.94,card,0.143,0
pay_01795,cust_2221,5459.47,expired_card,3,4,6,803,1.25,upi,0.4,0
pay_01796,cust_2267,2563.51,insufficient_funds,2,16,0,990,0.39,netbanking,1.0,0
pay_01797,cust_1855,2153.15,expired_card,3,20,8,424,0.2,card,0.714,1
pay_01798,cust_0968,308.0,bank_timeout,1,14,4,966,2.18,netbanking,0.778,1
pay_01799,cust_2086,513.5,insufficient_funds,3,3,8,985,0.76,upi,0.273,0
pay_01800,cust_0752,1950.27,insufficient_funds,0,16,7,550,3.27,netbanking,0.696,1
pay_01801,cust_1765,297.73,invalid_card,1,18,6,239,1.59,upi,0.75,1
pay_01802,cust_0693,6525.5,invalid_card,2,20,5,898,0.21,card,0.8,0
pay_01803,cust_1240,1235.78,authentication_failed,0,17,6,729,3.64,upi,0.739,1
pay_01804,cust_0122,8336.99,bank_timeout,0,15,3,996,4.07,netbanking,0.833,1
pay_01805,cust_2382,917.65,invalid_card,1,13,5,934,3.87,card,0.722,1
pay_01806,cust_0956,3042.52,expired_card,2,5,6,631,1.53,netbanking,0.455,0
pay_01807,cust_0124,847.03,insufficient_funds,1,10,4,733,4.95,netbanking,0.714,1
pay_01808,cust_2464,6958.5,invalid_card,3,19,2,95,3.12,card,0.905,1
pay_01809,cust_2207,500.99,expired_card,2,7,0,744,0.82,card,1.0,0
pay_01810,cust_0309,338.77,invalid_card,3,20,4,709,1.19,netbanking,0.833,0
pay_01811,cust_0467,302.12,insufficient_funds,2,18,2,952,4.26,upi,0.9,0
pay_01812,cust_2094,226.95,invalid_card,1,13,4,73,2.29,card,0.765,0
pay_01813,cust_0197,260.08,invalid_card,3,4,8,199,3.04,card,0.333,0
pay_01814,cust_1699,2540.02,insufficient_funds,0,14,2,558,2.59,netbanking,0.875,1
pay_01815,cust_2374,1367.52,insufficient_funds,3,17,0,463,4.69,card,1.0,0
pay_01816,cust_0461,3771.14,invalid_card,1,0,8,63,2.7,upi,0.0,0
pay_01817,cust_0069,559.9,invalid_card,2,8,4,253,1.7,card,0.667,0
pay_01818,cust_2437,5337.72,insufficient_funds,1,0,4,859,3.34,card,0.0,1
pay_01819,cust_0585,288.48,authentication_failed,1,7,7,402,1.32,card,0.5,0
pay_01820,cust_0749,364.4,bank_timeout,3,20,7,30,0.75,netbanking,0.741,0
pay_01821,cust_1203,2688.08,insufficient_funds,2,7,6,291,2.56,upi,0.538,0
pay_01822,cust_0325,2578.76,insufficient_funds,3,8,8,589,0.82,card,0.5,0
pay_01823,cust_1443,2995.16,expired_card,3,13,2,232,4.81,netbanking,0.867,1
pay_01824,cust_0946,7229.63,expired_card,0,4,5,625,1.62,netbanking,0.444,0
pay_01825,cust_1985,489.34,expired_card,3,5,2,450,2.86,card,0.714,0
pay_01826,cust_0528,6175.48,bank_timeout,2,12,2,632,4.58,card,0.857,1
pay_01827,cust_2471,5243.99,invalid_card,3,15,7,655,1.02,netbanking,0.682,0
pay_01828,cust_1777,1509.36,authentication_failed,0,10,3,647,2.69,card,0.769,1
pay_01829,cust_0777,491.81,insufficient_funds,0,9,4,80,3.3,card,0.692,1
pay_01830,cust_1911,477.98,expired_card,1,1,4,778,4.69,netbanking,0.2,0
pay_01831,cust_0290,8679.88,expired_card,3,4,0,635,3.1,card,1.0,1
pay_01832,cust_1781,915.58,expired_card,2,19,2,86,2.64,card,0.905,0
pay_01833,cust_0957,6390.87,invalid_card,0,19,4,602,4.54,netbanking,0.826,1
pay_01834,cust_1642,236.53,expired_card,1,0,1,515,3.33,upi,0.0,0
pay_01835,cust_1008,5862.87,authentication_failed,3,4,4,899,4.25,upi,0.5,0
pay_01836,cust_1269,968.75,expired_card,0,6,7,706,3.13,card,0.462,0
pay_01837,cust_1658,525.86,insufficient_funds,2,1,3,459,0.52,upi,0.25,0
pay_01838,cust_2358,427.54,authentication_failed,3,6,3,500,0.3,card,0.667,0
pay_01839,cust_1222,5173.25,expired_card,0,8,7,471,0.23,netbanking,0.533,0
pay_01840,cust_2190,323.79,invalid_card,2,2,1,835,2.41,upi,0.667,0
pay_01841,cust_0140,492.24,invalid_card,1,5,8,637,1.8,netbanking,0.385,0
pay_01842,cust_1098,304.5,authentication_failed,0,11,5,587,3.74,upi,0.688,1
pay_01843,cust_0391,8027.47,expired_card,0,12,0,692,2.51,card,1.0,1
pay_01844,cust_1937,199.81,expired_card,2,3,8,312,4.93,upi,0.273,0
pay_01845,cust_1019,380.26,bank_timeout,3,12,2,815,4.7,netbanking,0.857,1
pay_01846,cust_0164,2640.71,insufficient_funds,3,17,8,42,0.84,netbanking,0.68,0
pay_01847,cust_1318,1181.0,invalid_card,1,6,3,380,3.63,netbanking,0.667,1
pay_01848,cust_0542,2209.2,insufficient_funds,0,13,7,73,2.58,netbanking,0.65,1
pay_01849,cust_2479,366.52,authentication_failed,0,17,4,916,1.19,netbanking,0.81,0
pay_01850,cust_0377,258.91,insufficient_funds,2,17,5,604,0.33,upi,0.773,1
pay_01851,cust_0668,3779.96,insufficient_funds,3,5,2,48,1.64,upi,0.714,0
pay_01852,cust_2461,1951.62,expired_card,3,1,8,725,4.47,upi,0.111,0
pay_01853,cust_0564,1159.78,invalid_card,0,19,5,776,1.3,netbanking,0.792,0
pay_01854,cust_1116,895.54,invalid_card,1,10,6,974,0.11,card,0.625,1
pay_01855,cust_0951,1768.35,insufficient_funds,2,15,8,958,2.3,card,0.652,0
pay_01856,cust_0886,471.05,invalid_card,0,12,6,274,2.23,card,0.667,1
pay_01857,cust_0035,7486.86,expired_card,0,0,3,630,0.31,card,0.0,0
pay_01858,cust_0485,529.29,expired_card,0,19,4,377,0.87,card,0.826,1
pay_01859,cust_0820,1741.68,bank_timeout,1,12,0,80,3.15,card,1.0,1
pay_01860,cust_2185,5441.37,expired_card,2,8,4,675,2.99,netbanking,0.667,0
pay_01861,cust_0562,2113.12,expired_card,0,3,8,46,3.19,card,0.273,0
pay_01862,cust_0495,797.03,expired_card,2,12,6,190,4.35,upi,0.667,0
pay_01863,cust_2446,437.26,expired_card,3,12,0,270,4.85,netbanking,1.0,1
pay_01864,cust_1673,229.76,invalid_card,2,14,2,805,2.17,card,0.875,0
pay_01865,cust_1664,2598.75,insufficient_funds,2,6,0,99,2.26,card,1.0,1
pay_01866,cust_0370,3377.73,authentication_failed,2,4,2,291,1.58,card,0.667,0
pay_01867,cust_0857,4857.17,expired_card,2,6,1,726,4.08,netbanking,0.857,0
pay_01868,cust_1916,374.06,authentication_failed,3,13,4,897,3.62,netbanking,0.765,0
pay_01869,cust_2379,664.72,expired_card,3,8,8,501,2.04,netbanking,0.5,0
pay_01870,cust_0029,9793.01,invalid_card,0,17,4,280,4.29,netbanking,0.81,0
pay_01871,cust_0411,581.81,bank_timeout,1,19,7,247,3.95,card,0.731,1
pay_01872,cust_0546,998.15,authentication_failed,2,7,2,865,2.03,card,0.778,0
pay_01873,cust_1885,4807.75,invalid_card,1,7,8,918,1.76,card,0.467,0
pay_01874,cust_0577,1364.54,insufficient_funds,3,19,3,263,3.83,card,0.864,1
pay_01875,cust_0718,353.88,authentication_failed,1,19,0,848,3.4,netbanking,1.0,1
pay_01876,cust_1358,1656.18,bank_timeout,0,14,5,476,2.89,upi,0.737,1
pay_01877,cust_2496,385.7,invalid_card,1,6,2,218,3.89,upi,0.75,0
pay_01878,cust_1772,3897.84,invalid_card,1,6,1,454,4.44,upi,0.857,1
pay_01879,cust_2074,9499.13,insufficient_funds,0,6,8,400,0.36,upi,0.429,1
pay_01880,cust_1551,1626.07,bank_timeout,2,2,0,685,2.42,netbanking,1.0,1
pay_01881,cust_1219,3129.5,invalid_card,1,13,7,460,0.77,upi,0.65,0
pay_01882,cust_2332,476.8,bank_timeout,3,6,8,708,4.91,netbanking,0.429,0
pay_01883,cust_1653,2890.78,authentication_failed,2,10,7,691,2.97,upi,0.588,0
pay_01884,cust_0428,8389.75,authentication_failed,2,19,1,293,3.03,netbanking,0.95,1
pay_01885,cust_2073,2239.82,insufficient_funds,1,4,6,823,4.37,upi,0.4,0
pay_01886,cust_1215,7132.75,insufficient_funds,0,5,8,629,3.55,card,0.385,0
pay_01887,cust_2186,2733.18,authentication_failed,1,8,0,34,3.53,upi,1.0,0
pay_01888,cust_0748,718.03,bank_timeout,2,15,4,206,4.15,card,0.789,0
pay_01889,cust_0662,301.3,authentication_failed,1,4,3,491,2.68,netbanking,0.571,0
pay_01890,cust_2237,2313.87,insufficient_funds,0,12,1,778,1.08,upi,0.923,1
pay_01891,cust_1047,1611.59,invalid_card,2,16,6,733,2.27,card,0.727,1
pay_01892,cust_1104,897.59,insufficient_funds,3,4,3,434,4.04,netbanking,0.571,0
pay_01893,cust_0208,5919.85,invalid_card,0,3,6,360,1.85,card,0.333,0
pay_01894,cust_1306,4944.2,authentication_failed,2,10,5,939,2.52,upi,0.667,1
pay_01895,cust_0410,496.36,insufficient_funds,3,10,8,835,4.07,upi,0.556,0
pay_01896,cust_2175,3498.97,expired_card,2,3,2,209,4.47,upi,0.6,0
pay_01897,cust_1240,2176.87,insufficient_funds,1,6,8,446,4.57,card,0.429,1
pay_01898,cust_1745,204.1,insufficient_funds,0,7,6,228,0.32,upi,0.538,0
pay_01899,cust_1222,6588.35,insufficient_funds,0,10,0,583,3.1,card,1.0,1
pay_01900,cust_2191,266.0,bank_timeout,0,18,6,683,0.42,upi,0.75,1
pay_01901,cust_2488,8748.06,bank_timeout,2,4,8,305,0.64,upi,0.333,0
pay_01902,cust_1486,315.77,invalid_card,2,12,7,336,4.94,card,0.632,0
pay_01903,cust_0059,2277.68,insufficient_funds,0,4,6,31,0.93,upi,0.4,0
pay_01904,cust_1028,824.69,insufficient_funds,1,10,8,317,3.09,upi,0.556,0
pay_01905,cust_0072,4591.28,invalid_card,2,17,6,501,1.88,upi,0.739,1
pay_01906,cust_1497,6593.88,expired_card,1,6,0,542,2.66,netbanking,1.0,1
pay_01907,cust_0529,2282.13,insufficient_funds,3,5,3,692,3.86,netbanking,0.625,0
pay_01908,cust_0690,5523.8,authentication_failed,1,14,6,888,2.45,upi,0.7,0
pay_01909,cust_2115,7897.86,invalid_card,1,20,1,410,0.55,card,0.952,1
pay_01910,cust_2170,898.32,expired_card,3,11,5,606,1.63,card,0.688,0
pay_01911,cust_2248,511.68,invalid_card,1,7,7,151,2.31,netbanking,0.5,0
pay_01912,cust_2059,4198.67,authentication_failed,0,13,5,873,1.44,card,0.722,1
pay_01913,cust_2221,6864.77,invalid_card,2,8,1,672,3.98,netbanking,0.889,1
pay_01914,cust_1724,347.92,invalid_card,1,14,8,97,1.83,netbanking,0.636,0
pay_01915,cust_0266,5117.2,bank_timeout,1,16,4,593,2.61,upi,0.8,1
pay_01916,cust_1684,3118.24,invalid_card,1,7,6,727,0.63,card,0.538,0
pay_01917,cust_0470,2204.65,insufficient_funds,0,4,8,565,3.25,netbanking,0.333,0
pay_01918,cust_0403,7541.34,insufficient_funds,3,19,0,924,0.68,upi,1.0,0
pay_01919,cust_1863,609.5,invalid_card,1,7,4,957,3.56,netbanking,0.636,0
pay_01920,cust_1789,1907.79,insufficient_funds,3,10,7,553,3.11,upi,0.588,1
pay_01921,cust_2125,2992.09,invalid_card,3,14,3,787,0.6,card,0.824,1
pay_01922,cust_0700,2758.83,expired_card,0,10,7,722,4.53,netbanking,0.588,0
pay_01923,cust_1465,546.71,authentication_failed,2,8,0,348,1.9,upi,1.0,0
pay_01924,cust_2086,3447.18,insufficient_funds,0,4,3,693,3.99,netbanking,0.571,1
pay_01925,cust_0202,5269.77,authentication_failed,0,1,7,929,4.38,netbanking,0.125,0
pay_01926,cust_1829,1284.11,expired_card,3,16,4,299,2.12,upi,0.8,1
pay_01927,cust_1938,9926.74,invalid_card,0,2,6,253,4.69,upi,0.25,0
pay_01928,cust_1308,342.93,expired_card,3,11,7,753,4.59,netbanking,0.611,0
pay_01929,cust_2464,4634.42,authentication_failed,1,1,2,608,4.17,netbanking,0.333,0
pay_01930,cust_1358,959.96,bank_timeout,2,2,6,905,4.96,card,0.25,0
pay_01931,cust_1528,6762.27,invalid_card,3,6,4,328,3.99,card,0.6,0
pay_01932,cust_1929,2453.58,authentication_failed,0,20,7,304,3.73,upi,0.741,0
pay_01933,cust_2498,531.76,bank_timeout,0,12,8,103,3.26,card,0.6,1
pay_01934,cust_1175,2574.68,invalid_card,0,18,4,866,2.86,upi,0.818,0
pay_01935,cust_1995,643.61,authentication_failed,2,20,3,236,3.88,upi,0.87,1
pay_01936,cust_0118,442.57,authentication_failed,3,5,1,601,4.46,netbanking,0.833,1
pay_01937,cust_1703,5642.5,invalid_card,0,0,2,350,3.76,upi,0.0,0
pay_01938,cust_0986,904.84,bank_timeout,1,8,8,70,0.45,netbanking,0.5,0
pay_01939,cust_0856,9236.83,expired_card,0,3,7,914,2.32,netbanking,0.3,0
pay_01940,cust_0296,1551.88,expired_card,1,6,3,825,4.31,card,0.667,1
pay_01941,cust_0257,2815.02,bank_timeout,0,3,8,422,1.31,upi,0.273,0
pay_01942,cust_0526,8252.32,authentication_failed,2,11,2,684,1.0,netbanking,0.846,1
pay_01943,cust_1797,311.69,insufficient_funds,2,0,2,790,4.03,card,0.0,0
pay_01944,cust_1407,1416.36,expired_card,2,17,6,522,0.79,netbanking,0.739,0
pay_01945,cust_2185,614.12,bank_timeout,2,11,4,417,3.68,card,0.733,1
pay_01946,cust_0343,2159.94,insufficient_funds,2,18,7,568,2.63,card,0.72,0
pay_01947,cust_2416,1267.89,insufficient_funds,2,9,3,481,2.53,netbanking,0.75,1
pay_01948,cust_1784,1103.48,authentication_failed,0,3,8,521,4.83,card,0.273,0
pay_01949,cust_0352,1648.82,bank_timeout,3,17,6,204,3.19,upi,0.739,0
pay_01950,cust_0061,3681.13,authentication_failed,3,9,2,368,3.83,upi,0.818,1
pay_01951,cust_0217,3999.37,authentication_failed,1,7,1,411,4.72,netbanking,0.875,0
pay_01952,cust_0735,597.89,insufficient_funds,3,10,5,961,3.51,card,0.667,0
pay_01953,cust_1338,1576.32,bank_timeout,3,13,7,67,0.61,card,0.65,0
pay_01954,cust_0309,3133.63,invalid_card,1,16,2,161,0.76,card,0.889,1
pay_01955,cust_0560,515.72,bank_timeout,1,1,5,416,0.79,netbanking,0.167,0
pay_01956,cust_0113,227.68,insufficient_funds,2,17,4,244,1.2,card,0.81,1
pay_01957,cust_0414,256.73,bank_timeout,1,19,4,373,4.18,card,0.826,1
pay_01958,cust_1687,4299.51,expired_card,3,13,0,207,1.39,upi,1.0,0
pay_01959,cust_2098,1347.56,bank_timeout,3,20,7,670,4.53,upi,0.741,1
pay_01960,cust_0994,5523.3,bank_timeout,3,2,5,734,0.97,upi,0.286,0
pay_01961,cust_1572,493.55,expired_card,3,5,5,836,1.31,upi,0.5,0
pay_01962,cust_2093,3736.48,expired_card,1,12,5,193,1.51,card,0.706,0
pay_01963,cust_1809,2846.68,bank_timeout,1,17,6,160,3.83,upi,0.739,1
pay_01964,cust_2362,5027.16,invalid_card,1,9,1,376,2.43,netbanking,0.9,1
pay_01965,cust_0642,930.84,authentication_failed,2,8,3,992,3.33,card,0.727,0
pay_01966,cust_1683,363.56,invalid_card,3,17,2,333,2.87,card,0.895,1
pay_01967,cust_2418,390.67,invalid_card,2,7,8,115,0.6,card,0.467,0
pay_01968,cust_2111,4713.66,bank_timeout,1,12,0,512,3.49,upi,1.0,1
pay_01969,cust_0017,481.9,authentication_failed,3,8,3,150,0.75,card,0.727,0
pay_01970,cust_0502,8376.73,invalid_card,2,20,4,888,0.81,card,0.833,1
pay_01971,cust_2369,1776.81,invalid_card,1,19,1,501,0.78,card,0.95,1
pay_01972,cust_2397,3079.43,authentication_failed,0,3,2,687,2.13,upi,0.6,0
pay_01973,cust_1570,414.58,invalid_card,1,6,5,255,3.04,netbanking,0.545,0
pay_01974,cust_0135,230.46,insufficient_funds,1,18,4,778,2.97,upi,0.818,0
pay_01975,cust_0334,4507.89,invalid_card,1,8,8,843,0.59,netbanking,0.5,0
pay_01976,cust_0187,446.66,insufficient_funds,3,19,3,68,0.46,upi,0.864,1
pay_01977,cust_1029,471.61,insufficient_funds,2,20,2,945,4.57,card,0.909,0
pay_01978,cust_0617,357.89,invalid_card,0,2,0,282,1.53,netbanking,1.0,0
pay_01979,cust_0500,1515.38,expired_card,2,4,0,244,1.66,netbanking,1.0,0
pay_01980,cust_0306,7698.43,authentication_failed,1,17,6,90,0.49,card,0.739,1
pay_01981,cust_1969,850.24,bank_timeout,0,18,4,978,4.25,netbanking,0.818,0
pay_01982,cust_0067,651.42,authentication_failed,0,9,1,152,0.75,netbanking,0.9,0
pay_01983,cust_2186,336.81,authentication_failed,3,15,8,407,2.51,card,0.652,0
pay_01984,cust_1207,457.06,insufficient_funds,3,9,1,703,4.93,netbanking,0.9,1
pay_01985,cust_0501,433.74,expired_card,0,2,3,114,4.61,upi,0.4,0
pay_01986,cust_0893,705.07,invalid_card,3,17,4,863,1.79,card,0.81,0
pay_01987,cust_0685,498.5,insufficient_funds,2,9,7,767,4.06,card,0.562,0
pay_01988,cust_1911,2226.55,invalid_card,2,16,3,89,0.25,upi,0.842,0
pay_01989,cust_0435,2460.21,invalid_card,2,11,8,333,4.44,card,0.579,0
pay_01990,cust_0755,861.48,expired_card,2,0,4,421,4.38,upi,0.0,0
pay_01991,cust_1952,1587.83,insufficient_funds,0,12,8,693,4.78,card,0.6,1
pay_01992,cust_1725,457.34,insufficient_funds,3,13,8,643,0.39,card,0.619,0
pay_01993,cust_1114,901.3,insufficient_funds,3,5,3,543,3.63,upi,0.625,0
pay_01994,cust_0499,895.58,bank_timeout,1,9,0,578,1.46,card,1.0,1
pay_01995,cust_1339,1715.47,insufficient_funds,2,2,0,773,3.78,card,1.0,0
pay_01996,cust_1098,334.71,insufficient_funds,2,0,5,228,1.66,card,0.0,0
pay_01997,cust_1815,477.29,invalid_card,0,20,5,531,2.83,upi,0.8,0
pay_01998,cust_0168,378.64,insufficient_funds,2,3,4,961,4.35,card,0.429,0
pay_01999,cust_1350,271.78,expired_card,3,17,6,849,2.33,upi,0.739,0
pay_02000,cust_0528,587.47,insufficient_funds,1,11,7,964,2.84,upi,0.611,1
pay_02001,cust_0103,613.44,insufficient_funds,3,8,3,871,3.63,card,0.727,1
pay_02002,cust_2443,1663.54,invalid_card,2,0,8,807,1.46,upi,0.0,0
pay_02003,cust_2359,467.44,expired_card,1,16,8,469,0.17,upi,0.667,0
pay_02004,cust_0274,4683.91,expired_card,3,1,1,438,1.66,upi,0.5,0
pay_02005,cust_1820,1836.09,authentication_failed,0,4,5,255,3.21,netbanking,0.444,0
pay_02006,cust_2098,7295.85,expired_card,2,14,7,910,4.56,upi,0.667,0
pay_02007,cust_1324,904.98,bank_timeout,1,6,4,554,0.12,upi,0.6,1
pay_02008,cust_0131,1251.91,expired_card,3,19,1,365,2.72,card,0.95,0
pay_02009,cust_1292,922.08,invalid_card,3,0,2,314,0.91,netbanking,0.0,0
pay_02010,cust_1853,1425.58,authentication_failed,2,5,3,898,0.5,upi,0.625,1
pay_02011,cust_2203,475.49,bank_timeout,3,12,2,956,4.42,netbanking,0.857,0
pay_02012,cust_2458,578.81,bank_timeout,2,2,6,505,2.75,card,0.25,1
pay_02013,cust_0725,4232.47,invalid_card,1,15,0,435,1.18,netbanking,1.0,0
pay_02014,cust_0517,875.01,authentication_failed,0,9,8,828,4.69,card,0.529,0
pay_02015,cust_1468,201.28,insufficient_funds,1,20,3,246,1.93,netbanking,0.87,1
pay_02016,cust_0925,345.82,bank_timeout,2,13,1,415,0.82,netbanking,0.929,1
pay_02017,cust_1395,1561.27,expired_card,2,0,7,623,4.99,netbanking,0.0,0
pay_02018,cust_0585,642.54,bank_timeout,1,2,6,696,3.17,netbanking,0.25,0
pay_02019,cust_1907,1150.86,invalid_card,2,7,7,43,3.93,netbanking,0.5,0
pay_02020,cust_0485,383.48,insufficient_funds,3,15,6,460,3.59,netbanking,0.714,0
pay_02021,cust_1393,9273.42,insufficient_funds,0,18,2,597,0.52,card,0.9,1
pay_02022,cust_1316,342.04,bank_timeout,1,2,1,430,2.44,card,0.667,1
pay_02023,cust_2241,8780.51,bank_timeout,1,4,2,233,3.45,upi,0.667,0
pay_02024,cust_0505,1143.15,authentication_failed,3,7,7,115,0.51,upi,0.5,0
pay_02025,cust_0624,596.09,invalid_card,1,18,8,608,4.55,upi,0.692,1
pay_02026,cust_0609,4002.27,expired_card,3,12,3,159,4.86,netbanking,0.8,0
pay_02027,cust_2193,4411.74,invalid_card,0,10,3,971,2.67,upi,0.769,1
pay_02028,cust_0169,3212.31,expired_card,3,12,4,218,2.21,card,0.75,0
pay_02029,cust_0903,2610.16,expired_card,1,7,7,884,1.89,upi,0.5,0
pay_02030,cust_1607,2226.58,authentication_failed,2,18,6,193,0.91,upi,0.75,0
pay_02031,cust_2367,683.44,expired_card,3,18,2,611,2.15,card,0.9,1
pay_02032,cust_1570,359.15,invalid_card,3,13,7,213,3.03,card,0.65,0
pay_02033,cust_0948,850.37,expired_card,2,4,1,164,2.92,netbanking,0.8,0
pay_02034,cust_1234,890.51,bank_timeout,3,14,8,907,3.48,upi,0.636,1
pay_02035,cust_0026,672.1,expired_card,2,20,0,499,0.22,card,1.0,0
pay_02036,cust_0943,764.32,bank_timeout,3,20,2,740,0.37,card,0.909,1
pay_02037,cust_2325,9456.78,invalid_card,3,0,6,231,2.09,netbanking,0.0,0
pay_02038,cust_0900,8655.28,bank_timeout,0,2,2,934,3.99,card,0.5,0
pay_02039,cust_0621,1097.97,authentication_failed,1,12,4,821,4.83,upi,0.75,1
pay_02040,cust_2225,8942.96,insufficient_funds,1,17,6,540,3.65,netbanking,0.739,0
pay_02041,cust_0352,2702.79,authentication_failed,3,19,2,54,2.86,upi,0.905,0
pay_02042,cust_1518,639.69,bank_timeout,2,2,3,413,0.34,upi,0.4,0
pay_02043,cust_0004,1583.26,authentication_failed,0,17,0,251,4.76,netbanking,1.0,1
pay_02044,cust_2088,372.12,insufficient_funds,0,8,3,95,1.81,upi,0.727,1
pay_02045,cust_1577,669.63,authentication_failed,0,8,8,691,1.16,netbanking,0.5,0
pay_02046,cust_1271,336.42,insufficient_funds,2,12,4,488,0.64,upi,0.75,0
pay_02047,cust_1847,518.01,invalid_card,0,12,8,740,2.84,netbanking,0.6,1
pay_02048,cust_0837,5560.33,invalid_card,3,3,1,612,2.9,netbanking,0.75,1
pay_02049,cust_1579,788.99,bank_timeout,0,15,0,766,1.67,upi,1.0,0
pay_02050,cust_0116,1414.55,authentication_failed,2,13,5,480,3.56,card,0.722,0
pay_02051,cust_2235,682.01,expired_card,3,12,2,126,2.39,card,0.857,0
pay_02052,cust_1975,2361.96,invalid_card,3,19,3,34,4.09,upi,0.864,0
pay_02053,cust_0830,4102.97,bank_timeout,3,13,8,860,3.27,upi,0.619,1
pay_02054,cust_1045,818.35,expired_card,2,9,6,139,4.84,card,0.6,1
pay_02055,cust_0019,9405.95,bank_timeout,0,20,7,813,4.16,netbanking,0.741,0
pay_02056,cust_2276,8552.71,invalid_card,0,3,8,329,0.79,netbanking,0.273,0
pay_02057,cust_0526,406.99,authentication_failed,0,14,1,179,0.46,card,0.933,0
pay_02058,cust_0580,7725.27,bank_timeout,0,11,7,899,4.13,netbanking,0.611,1
pay_02059,cust_1832,9494.51,insufficient_funds,3,3,6,403,3.58,netbanking,0.333,0
pay_02060,cust_1780,303.96,authentication_failed,3,16,3,229,1.51,netbanking,0.842,0
pay_02061,cust_1090,1732.92,bank_timeout,3,11,3,829,2.35,netbanking,0.786,0
pay_02062,cust_0821,2674.74,bank_timeout,0,14,0,400,3.5,netbanking,1.0,1
pay_02063,cust_1959,400.53,insufficient_funds,0,3,0,100,2.05,upi,1.0,0
pay_02064,cust_0621,515.33,expired_card,2,19,7,914,2.83,upi,0.731,1
pay_02065,cust_0833,4448.9,insufficient_funds,1,3,4,614,2.07,netbanking,0.429,1
pay_02066,cust_2336,9272.83,invalid_card,1,4,0,927,1.12,upi,1.0,0
pay_02067,cust_2027,907.83,expired_card,2,8,2,767,2.54,upi,0.8,0
pay_02068,cust_0527,519.66,insufficient_funds,3,1,1,341,3.37,netbanking,0.5,0
pay_02069,cust_1545,2177.87,expired_card,1,15,1,440,4.78,card,0.938,1
pay_02070,cust_0832,938.68,expired_card,1,12,3,861,0.16,upi,0.8,0
pay_02071,cust_0239,518.82,insufficient_funds,3,16,1,774,0.12,netbanking,0.941,1
pay_02072,cust_1269,765.32,expired_card,2,2,5,586,4.42,netbanking,0.286,0
pay_02073,cust_2459,425.8,expired_card,1,20,7,457,2.18,netbanking,0.741,0
pay_02074,cust_0994,430.09,bank_timeout,3,16,1,387,4.28,card,0.941,1
pay_02075,cust_2344,4794.79,insufficient_funds,1,2,1,67,4.9,upi,0.667,1
pay_02076,cust_2247,3058.56,invalid_card,3,19,8,327,4.9,card,0.704,0
pay_02077,cust_0388,3979.38,authentication_failed,3,13,5,693,0.24,card,0.722,0
pay_02078,cust_0426,9066.55,invalid_card,1,16,8,859,4.8,upi,0.667,1
pay_02079,cust_1676,2051.4,insufficient_funds,3,20,2,500,4.63,card,0.909,1
pay_02080,cust_0705,376.64,authentication_failed,1,14,6,117,4.75,netbanking,0.7,1
pay_02081,cust_1331,249.7,invalid_card,1,10,8,138,0.76,upi,0.556,0
pay_02082,cust_1399,5258.69,invalid_card,0,17,3,964,2.83,upi,0.85,0
pay_02083,cust_2180,1144.81,insufficient_funds,0,12,5,524,2.8,upi,0.706,1
pay_02084,cust_0772,1278.01,invalid_card,0,17,8,481,0.49,upi,0.68,0
pay_02085,cust_0468,1856.63,insufficient_funds,1,8,4,638,3.55,card,0.667,0
pay_02086,cust_0742,6438.44,insufficient_funds,1,20,0,822,0.79,netbanking,1.0,1
pay_02087,cust_0804,204.41,insufficient_funds,3,20,0,535,1.45,netbanking,1.0,1
pay_02088,cust_2342,511.46,bank_timeout,1,6,6,649,1.13,card,0.5,1
pay_02089,cust_0488,3292.89,bank_timeout,1,8,2,956,1.99,card,0.8,1
pay_02090,cust_1735,5544.0,expired_card,2,15,1,856,3.25,card,0.938,1
pay_02091,cust_1135,5571.98,invalid_card,0,12,8,954,2.52,upi,0.6,1
pay_02092,cust_0854,2878.55,insufficient_funds,3,20,6,947,2.79,upi,0.769,1
pay_02093,cust_2198,2854.03,authentication_failed,2,17,3,707,4.7,card,0.85,1
pay_02094,cust_1447,8981.88,bank_timeout,3,9,8,350,1.28,upi,0.529,0
pay_02095,cust_0121,457.2,authentication_failed,2,7,2,821,4.43,netbanking,0.778,1
pay_02096,cust_1674,1436.67,expired_card,3,19,5,917,2.72,card,0.792,0
pay_02097,cust_1459,1610.9,insufficient_funds,1,17,4,440,2.37,netbanking,0.81,1
pay_02098,cust_0034,598.34,authentication_failed,3,14,3,966,3.72,card,0.824,0
pay_02099,cust_0582,1539.01,insufficient_funds,0,2,6,171,1.74,card,0.25,0
pay_02100,cust_1439,231.98,expired_card,0,5,8,126,1.63,upi,0.385,0
pay_02101,cust_1407,532.3,bank_timeout,2,6,1,846,3.64,upi,0.857,1
pay_02102,cust_0412,619.26,invalid_card,1,14,4,182,2.8,upi,0.778,0
pay_02103,cust_1558,1687.55,invalid_card,1,17,5,386,1.53,card,0.773,0
pay_02104,cust_0329,276.86,authentication_failed,2,3,1,518,3.36,card,0.75,0
pay_02105,cust_1247,4539.22,insufficient_funds,1,15,2,586,4.24,upi,0.882,1
pay_02106,cust_1703,623.48,insufficient_funds,2,15,5,463,3.62,netbanking,0.75,1
pay_02107,cust_0684,427.32,authentication_failed,0,16,7,431,0.88,upi,0.696,0
pay_02108,cust_2414,3586.77,bank_timeout,1,19,5,105,2.24,card,0.792,1
pay_02109,cust_2024,655.07,bank_timeout,3,14,3,722,4.04,netbanking,0.824,0
pay_02110,cust_0710,484.68,expired_card,2,2,4,695,0.85,netbanking,0.333,0
pay_02111,cust_0595,907.14,authentication_failed,1,3,3,291,0.75,card,0.5,0
pay_02112,cust_1482,429.13,insufficient_funds,2,9,0,796,1.5,netbanking,1.0,0
pay_02113,cust_1060,2700.83,bank_timeout,2,7,1,937,0.29,upi,0.875,1
pay_02114,cust_0643,398.34,expired_card,3,4,1,719,4.69,card,0.8,0
pay_02115,cust_2478,8661.48,bank_timeout,0,13,2,731,3.11,card,0.867,1
pay_02116,cust_0220,418.35,authentication_failed,1,12,1,835,1.68,netbanking,0.923,0
pay_02117,cust_0893,1967.61,bank_timeout,3,15,0,482,3.25,netbanking,1.0,1
pay_02118,cust_1419,869.5,insufficient_funds,2,10,0,40,4.06,upi,1.0,0
pay_02119,cust_0728,887.28,authentication_failed,0,6,4,683,1.8,upi,0.6,0
pay_02120,cust_0227,250.03,bank_timeout,0,8,0,649,3.93,netbanking,1.0,0
pay_02121,cust_0843,280.94,authentication_failed,1,7,6,584,2.57,netbanking,0.538,0
pay_02122,cust_0183,621.55,insufficient_funds,2,3,3,280,1.48,card,0.5,0
pay_02123,cust_0247,654.94,expired_card,1,1,8,787,1.07,card,0.111,0
pay_02124,cust_0315,8064.93,bank_timeout,0,7,8,608,3.42,upi,0.467,0
pay_02125,cust_0353,393.55,invalid_card,2,20,7,468,2.46,netbanking,0.741,0
pay_02126,cust_0190,211.82,insufficient_funds,0,14,1,474,1.28,upi,0.933,1
pay_02127,cust_2297,2588.12,insufficient_funds,1,14,0,571,1.92,card,1.0,1
pay_02128,cust_0452,1160.93,expired_card,2,13,7,175,3.12,upi,0.65,0
pay_02129,cust_1410,6174.18,insufficient_funds,3,14,1,734,3.8,card,0.933,0
pay_02130,cust_2053,2692.07,invalid_card,1,12,6,975,3.9,card,0.667,1
pay_02131,cust_2228,264.63,bank_timeout,3,9,0,199,3.67,netbanking,1.0,1
pay_02132,cust_0891,5020.54,insufficient_funds,2,12,6,210,2.52,upi,0.667,0
pay_02133,cust_0839,3773.04,invalid_card,2,5,1,413,1.01,card,0.833,0
pay_02134,cust_2095,799.88,invalid_card,3,0,4,427,1.63,upi,0.0,0
pay_02135,cust_2207,492.09,bank_timeout,1,0,0,314,2.75,upi,0.0,1
pay_02136,cust_1993,403.87,expired_card,1,4,1,707,3.25,netbanking,0.8,0
pay_02137,cust_1977,479.51,expired_card,3,4,1,113,2.76,card,0.8,0
pay_02138,cust_0698,237.48,insufficient_funds,0,14,6,697,0.36,netbanking,0.7,0
pay_02139,cust_1968,2225.03,authentication_failed,2,18,7,669,3.04,upi,0.72,1
pay_02140,cust_1294,1212.8,authentication_failed,2,13,5,559,3.72,upi,0.722,1
pay_02141,cust_2265,384.94,invalid_card,3,6,5,446,4.32,card,0.545,0
pay_02142,cust_0388,1188.14,expired_card,1,13,1,458,3.02,upi,0.929,1
pay_02143,cust_2494,743.51,authentication_failed,0,12,8,1000,0.92,netbanking,0.6,0
pay_02144,cust_0194,6496.64,invalid_card,1,5,1,428,1.19,upi,0.833,0
pay_02145,cust_0797,2674.32,expired_card,0,1,4,735,3.05,netbanking,0.2,0
pay_02146,cust_0231,2202.15,authentication_failed,1,10,6,955,4.84,upi,0.625,0
pay_02147,cust_0961,957.62,invalid_card,1,19,2,178,4.56,upi,0.905,0
pay_02148,cust_1401,903.55,expired_card,0,20,4,882,2.52,netbanking,0.833,1
pay_02149,cust_1725,951.4,bank_timeout,0,3,8,434,1.24,upi,0.273,0
pay_02150,cust_2451,2648.8,expired_card,0,10,6,252,3.9,card,0.625,0
pay_02151,cust_2471,2601.16,authentication_failed,3,9,5,933,3.96,card,0.643,0
pay_02152,cust_2206,814.19,insufficient_funds,3,20,3,366,3.29,upi,0.87,0
pay_02153,cust_0381,4443.16,bank_timeout,3,0,7,739,0.77,upi,0.0,1
pay_02154,cust_1962,852.6,expired_card,1,20,2,782,4.27,card,0.909,1
pay_02155,cust_1108,807.75,insufficient_funds,1,5,3,474,1.63,upi,0.625,0
pay_02156,cust_0060,2296.98,bank_timeout,2,4,0,191,3.5,upi,1.0,1
pay_02157,cust_1003,7205.86,invalid_card,0,3,8,466,3.32,upi,0.273,0
pay_02158,cust_1378,323.96,expired_card,2,6,8,664,3.56,upi,0.429,0
pay_02159,cust_0789,2660.81,insufficient_funds,0,16,2,424,4.31,netbanking,0.889,1
pay_02160,cust_0290,599.62,authentication_failed,1,1,2,277,2.45,netbanking,0.333,0
pay_02161,cust_1564,831.32,authentication_failed,1,7,8,422,0.56,upi,0.467,0
pay_02162,cust_1025,532.65,authentication_failed,0,19,3,832,3.99,netbanking,0.864,1
pay_02163,cust_0520,3015.4,bank_timeout,1,8,6,225,1.09,netbanking,0.571,1
pay_02164,cust_1229,768.86,invalid_card,0,16,6,476,4.52,upi,0.727,0
pay_02165,cust_1043,2551.32,bank_timeout,1,17,2,422,4.72,upi,0.895,1
pay_02166,cust_0548,365.35,authentication_failed,1,17,8,856,3.15,upi,0.68,1
pay_02167,cust_1529,381.63,bank_timeout,3,19,6,320,1.7,netbanking,0.76,1
pay_02168,cust_1322,1940.18,invalid_card,1,0,0,810,3.0,card,0.0,0
pay_02169,cust_2412,2016.81,expired_card,3,12,8,474,2.21,netbanking,0.6,0
pay_02170,cust_2413,360.67,invalid_card,0,13,0,117,4.25,netbanking,1.0,0
pay_02171,cust_1804,2925.78,invalid_card,2,12,7,879,1.86,card,0.632,0
pay_02172,cust_1771,6799.19,insufficient_funds,0,12,7,708,1.53,netbanking,0.632,1
pay_02173,cust_2306,1408.62,authentication_failed,3,18,8,365,0.19,netbanking,0.692,0
pay_02174,cust_1140,8470.0,authentication_failed,3,10,4,76,0.77,card,0.714,0
pay_02175,cust_1083,896.91,expired_card,0,9,0,894,0.74,upi,1.0,1
pay_02176,cust_0229,5265.76,invalid_card,1,12,4,556,4.96,netbanking,0.75,0
pay_02177,cust_0293,879.53,invalid_card,0,12,3,360,2.61,netbanking,0.8,0
pay_02178,cust_0905,919.11,invalid_card,3,19,5,116,4.84,netbanking,0.792,0
pay_02179,cust_0854,646.68,invalid_card,2,16,6,807,2.43,upi,0.727,0
pay_02180,cust_0886,4359.93,bank_timeout,2,9,3,673,3.02,upi,0.75,0
pay_02181,cust_1651,798.28,insufficient_funds,0,4,3,257,1.92,netbanking,0.571,1
pay_02182,cust_1728,856.32,insufficient_funds,2,8,5,502,2.36,upi,0.615,0
pay_02183,cust_1754,4714.78,invalid_card,2,1,8,658,4.52,netbanking,0.111,0
pay_02184,cust_2271,4854.5,expired_card,2,9,3,993,1.5,netbanking,0.75,0
pay_02185,cust_2058,4331.62,expired_card,1,15,6,506,2.16,card,0.714,1
pay_02186,cust_1947,9707.12,invalid_card,2,2,4,641,2.28,upi,0.333,1
pay_02187,cust_0819,537.94,insufficient_funds,0,1,0,614,4.27,netbanking,1.0,0
pay_02188,cust_0138,685.93,expired_card,2,10,3,567,4.92,netbanking,0.769,0
pay_02189,cust_1367,710.91,bank_timeout,3,1,0,912,4.79,upi,1.0,1
pay_02190,cust_1066,338.92,bank_timeout,2,13,1,110,3.04,upi,0.929,1
pay_02191,cust_2449,349.56,insufficient_funds,0,10,8,250,3.77,netbanking,0.556,1
pay_02192,cust_1835,1852.34,invalid_card,3,2,8,688,3.84,upi,0.2,0
pay_02193,cust_1673,6230.45,invalid_card,3,17,2,755,3.11,netbanking,0.895,1
pay_02194,cust_1528,1685.84,insufficient_funds,0,8,2,748,1.24,netbanking,0.8,0
pay_02195,cust_0949,2408.04,insufficient_funds,2,15,3,668,2.72,upi,0.833,0
pay_02196,cust_0716,473.39,authentication_failed,3,1,4,526,1.61,upi,0.2,0
pay_02197,cust_0998,1180.49,bank_timeout,3,9,4,877,0.73,upi,0.692,0
pay_02198,cust_0770,630.97,bank_timeout,3,20,3,888,1.85,netbanking,0.87,0
pay_02199,cust_0337,9014.95,expired_card,3,9,1,238,0.54,upi,0.9,0
pay_02200,cust_0834,2347.96,authentication_failed,1,8,6,820,1.66,upi,0.571,0
pay_02201,cust_0322,2870.39,bank_timeout,0,15,8,646,1.71,netbanking,0.652,1
pay_02202,cust_0238,441.65,bank_timeout,3,10,5,857,2.64,netbanking,0.667,0
pay_02203,cust_0454,672.24,insufficient_funds,1,9,8,810,4.78,netbanking,0.529,1
pay_02204,cust_0376,857.52,authentication_failed,2,12,3,295,0.72,card,0.8,0
pay_02205,cust_2486,2828.54,authentication_failed,1,1,1,207,0.41,upi,0.5,0
pay_02206,cust_1288,1590.09,invalid_card,1,7,1,370,4.43,card,0.875,1
pay_02207,cust_1460,307.73,bank_timeout,2,9,0,490,2.26,card,1.0,1
pay_02208,cust_0361,9997.72,expired_card,2,10,5,497,2.09,netbanking,0.667,0
pay_02209,cust_1771,270.21,authentication_failed,1,19,1,174,2.09,netbanking,0.95,1
pay_02210,cust_2450,279.07,insufficient_funds,0,12,6,736,3.12,upi,0.667,1
pay_02211,cust_0071,876.12,bank_timeout,2,4,1,444,2.72,netbanking,0.8,1
pay_02212,cust_1710,3585.95,expired_card,3,5,6,885,3.13,netbanking,0.455,0
pay_02213,cust_1563,485.38,insufficient_funds,2,18,3,172,3.34,card,0.857,0
pay_02214,cust_1441,879.27,bank_timeout,0,1,7,964,4.24,card,0.125,0
pay_02215,cust_2290,8634.63,insufficient_funds,2,2,4,372,1.01,card,0.333,0
pay_02216,cust_0184,298.35,bank_timeout,3,0,6,74,1.51,netbanking,0.0,0
pay_02217,cust_0118,1363.68,expired_card,2,14,6,739,4.9,upi,0.7,1
pay_02218,cust_1398,1514.09,invalid_card,2,6,0,126,4.51,upi,1.0,0
pay_02219,cust_1349,4543.68,authentication_failed,3,12,5,465,3.52,netbanking,0.706,1
pay_02220,cust_0974,694.29,bank_timeout,0,2,1,848,3.66,netbanking,0.667,1
pay_02221,cust_0793,1558.6,invalid_card,0,6,8,47,1.12,card,0.429,0
pay_02222,cust_0497,2712.82,bank_timeout,1,18,4,345,0.46,netbanking,0.818,1
pay_02223,cust_0500,903.63,expired_card,1,17,3,632,1.86,upi,0.85,1
pay_02224,cust_0381,1429.89,bank_timeout,3,15,0,857,2.83,card,1.0,1
pay_02225,cust_2092,8236.75,expired_card,1,18,2,406,3.89,upi,0.9,1
pay_02226,cust_2191,398.06,insufficient_funds,1,4,3,412,1.13,netbanking,0.571,0
pay_02227,cust_1790,8091.72,invalid_card,3,16,0,655,4.75,upi,1.0,1
pay_02228,cust_1141,1958.78,authentication_failed,3,10,2,111,1.23,upi,0.833,0
pay_02229,cust_0822,2793.55,authentication_failed,1,16,7,311,2.73,netbanking,0.696,0
pay_02230,cust_1874,2370.98,authentication_failed,1,13,7,360,3.83,upi,0.65,0
pay_02231,cust_0483,1848.38,authentication_failed,2,10,1,815,1.86,upi,0.909,1
pay_02232,cust_1786,6705.19,bank_timeout,0,1,3,389,3.71,netbanking,0.25,0
pay_02233,cust_0753,217.31,expired_card,3,20,2,206,4.62,netbanking,0.909,1
pay_02234,cust_0593,2082.36,authentication_failed,3,12,6,596,0.34,card,0.667,0
pay_02235,cust_2130,428.89,expired_card,1,6,4,596,0.12,card,0.6,1
pay_02236,cust_1367,8561.13,invalid_card,3,3,5,364,1.38,netbanking,0.375,0
pay_02237,cust_1708,463.23,authentication_failed,3,8,6,678,3.53,upi,0.571,0
pay_02238,cust_2031,2498.02,authentication_failed,0,3,2,757,2.7,netbanking,0.6,0
pay_02239,cust_1430,2850.05,insufficient_funds,0,11,5,769,4.44,card,0.688,1
pay_02240,cust_0891,2346.48,authentication_failed,0,5,6,216,2.14,card,0.455,0
pay_02241,cust_0892,1954.91,invalid_card,3,17,0,881,2.45,card,1.0,0
pay_02242,cust_1407,223.66,authentication_failed,0,14,7,413,1.91,netbanking,0.667,1
pay_02243,cust_0628,843.31,expired_card,0,13,4,664,2.75,card,0.765,1
pay_02244,cust_2130,7508.01,expired_card,3,13,5,418,3.92,upi,0.722,0
pay_02245,cust_2386,1722.93,bank_timeout,2,7,6,579,2.41,netbanking,0.538,1
pay_02246,cust_2018,929.05,insufficient_funds,2,19,0,528,2.08,netbanking,1.0,0
pay_02247,cust_0988,7155.6,insufficient_funds,0,3,1,371,3.25,card,0.75,0
pay_02248,cust_1894,614.13,insufficient_funds,2,17,7,166,0.95,netbanking,0.708,1
pay_02249,cust_1497,1802.18,expired_card,3,9,1,432,2.72,netbanking,0.9,1
pay_02250,cust_1533,809.17,authentication_failed,2,11,8,48,4.19,upi,0.579,0
pay_02251,cust_2385,7184.03,expired_card,0,20,6,442,0.32,netbanking,0.769,1
pay_02252,cust_2175,8436.09,bank_timeout,1,20,4,484,0.11,card,0.833,1
pay_02253,cust_0075,9978.64,insufficient_funds,3,18,7,767,4.07,upi,0.72,0
pay_02254,cust_1006,1698.25,insufficient_funds,1,15,4,411,3.6,netbanking,0.789,1
pay_02255,cust_1649,210.12,insufficient_funds,3,11,0,704,4.25,card,1.0,0
pay_02256,cust_0430,1766.05,authentication_failed,3,17,6,747,3.03,card,0.739,0
pay_02257,cust_2167,292.78,expired_card,1,17,6,485,2.07,netbanking,0.739,0
pay_02258,cust_1024,1856.44,expired_card,3,1,7,89,2.33,netbanking,0.125,0
pay_02259,cust_0545,606.98,expired_card,1,19,0,106,1.43,card,1.0,1
pay_02260,cust_0194,1619.47,authentication_failed,3,12,3,351,2.45,card,0.8,0
pay_02261,cust_2326,2767.99,authentication_failed,1,0,0,966,2.34,card,0.0,1
pay_02262,cust_0936,886.32,invalid_card,1,10,2,715,2.13,card,0.833,1
pay_02263,cust_1929,972.04,authentication_failed,3,13,1,120,4.07,netbanking,0.929,0
pay_02264,cust_0527,897.59,expired_card,3,2,1,629,2.5,card,0.667,0
pay_02265,cust_2239,2684.96,invalid_card,3,8,4,416,4.58,upi,0.667,0
pay_02266,cust_0880,253.26,insufficient_funds,0,17,5,117,1.15,netbanking,0.773,1
pay_02267,cust_1844,982.22,authentication_failed,0,18,3,485,4.2,netbanking,0.857,0
pay_02268,cust_1757,9283.76,insufficient_funds,3,4,2,58,4.74,upi,0.667,1
pay_02269,cust_1070,397.56,insufficient_funds,1,14,2,584,1.11,card,0.875,1
pay_02270,cust_1595,1962.88,invalid_card,0,18,0,461,3.34,upi,1.0,0
pay_02271,cust_1980,984.69,authentication_failed,0,15,6,699,2.47,upi,0.714,1
pay_02272,cust_0270,1187.52,authentication_failed,3,17,0,702,1.57,netbanking,1.0,0
pay_02273,cust_2053,786.58,invalid_card,2,12,4,659,2.2,upi,0.75,0
pay_02274,cust_1223,805.82,authentication_failed,0,12,4,845,4.01,netbanking,0.75,1
pay_02275,cust_0136,858.94,expired_card,2,3,7,729,0.36,card,0.3,0
pay_02276,cust_2263,3698.79,authentication_failed,3,14,0,503,1.46,card,1.0,0
pay_02277,cust_0483,4742.53,bank_timeout,1,12,0,173,0.95,upi,1.0,1
pay_02278,cust_1735,7954.17,expired_card,0,4,3,233,3.89,upi,0.571,0
pay_02279,cust_1508,362.57,insufficient_funds,2,14,3,936,4.04,upi,0.824,1
pay_02280,cust_0346,1507.19,insufficient_funds,1,2,4,78,4.55,card,0.333,0
pay_02281,cust_0363,1378.61,authentication_failed,3,18,0,984,1.18,netbanking,1.0,1
pay_02282,cust_2470,335.14,bank_timeout,2,13,8,492,4.55,card,0.619,1
pay_02283,cust_2348,290.04,expired_card,3,8,8,858,1.24,card,0.5,0
pay_02284,cust_2275,376.18,authentication_failed,3,14,7,916,3.37,upi,0.667,1
pay_02285,cust_0249,9591.25,bank_timeout,3,7,0,263,1.21,card,1.0,1
pay_02286,cust_1083,2656.61,invalid_card,2,3,0,339,2.76,upi,1.0,0
pay_02287,cust_2185,792.74,insufficient_funds,0,11,6,50,4.3,netbanking,0.647,0
pay_02288,cust_1186,2188.11,authentication_failed,2,15,6,881,0.68,netbanking,0.714,1
pay_02289,cust_0441,5745.04,expired_card,2,13,5,502,0.83,upi,0.722,0
pay_02290,cust_2316,1774.41,authentication_failed,2,0,3,623,0.15,upi,0.0,0
pay_02291,cust_2079,5441.77,insufficient_funds,3,18,2,974,4.34,upi,0.9,0
pay_02292,cust_1671,8471.73,insufficient_funds,3,14,7,479,3.02,netbanking,0.667,0
pay_02293,cust_1919,9250.67,bank_timeout,1,15,7,633,1.0,upi,0.682,1
pay_02294,cust_1819,891.88,expired_card,1,17,6,206,1.02,card,0.739,1
pay_02295,cust_0134,982.45,bank_timeout,1,7,0,836,0.8,card,1.0,1
pay_02296,cust_2415,477.72,invalid_card,2,7,0,438,3.1,netbanking,1.0,1
pay_02297,cust_0535,718.39,authentication_failed,0,4,8,381,1.29,upi,0.333,0
pay_02298,cust_0199,2879.47,expired_card,3,10,3,139,0.67,netbanking,0.769,0
pay_02299,cust_2371,881.57,expired_card,2,4,8,851,0.13,upi,0.333,1
pay_02300,cust_1015,2985.72,expired_card,3,17,6,593,2.7,card,0.739,0
pay_02301,cust_1830,513.68,bank_timeout,1,2,7,65,4.52,card,0.222,0
pay_02302,cust_0382,5808.58,bank_timeout,1,17,7,609,2.67,netbanking,0.708,0
pay_02303,cust_1983,246.84,expired_card,2,18,5,846,2.1,card,0.783,1
pay_02304,cust_2361,2332.4,insufficient_funds,0,7,3,808,1.0,upi,0.7,1
pay_02305,cust_2281,350.97,bank_timeout,3,9,5,731,0.49,netbanking,0.643,1
pay_02306,cust_0087,243.14,invalid_card,2,11,4,98,2.05,upi,0.733,1
pay_02307,cust_2171,2728.91,invalid_card,1,14,5,695,3.72,upi,0.737,1
pay_02308,cust_0401,2360.41,bank_timeout,1,12,0,522,2.72,card,1.0,1
pay_02309,cust_1400,286.71,authentication_failed,3,4,3,735,2.82,upi,0.571,0
pay_02310,cust_1630,1852.06,expired_card,1,7,2,440,2.48,upi,0.778,1
pay_02311,cust_1098,3697.96,insufficient_funds,2,1,1,609,2.22,card,0.5,0
pay_02312,cust_2496,986.74,expired_card,1,1,1,898,2.86,card,0.5,0
pay_02313,cust_2252,7934.52,insufficient_funds,1,15,5,547,0.89,upi,0.75,0
pay_02314,cust_0423,2262.63,insufficient_funds,3,6,7,115,1.48,card,0.462,0
pay_02315,cust_0676,8812.6,expired_card,0,9,2,336,2.85,netbanking,0.818,1
pay_02316,cust_1916,447.02,authentication_failed,1,2,2,337,3.3,netbanking,0.5,0
pay_02317,cust_1925,6039.27,invalid_card,2,9,3,680,1.6,card,0.75,0
pay_02318,cust_1404,6467.36,expired_card,0,10,6,800,3.58,upi,0.625,0
pay_02319,cust_1260,758.75,authentication_failed,0,7,4,980,2.72,netbanking,0.636,0
pay_02320,cust_0077,391.21,insufficient_funds,0,18,4,39,3.05,netbanking,0.818,1
pay_02321,cust_1717,740.98,invalid_card,1,4,5,297,3.01,upi,0.444,0
pay_02322,cust_0136,265.25,expired_card,0,3,5,181,2.39,netbanking,0.375,1
pay_02323,cust_0446,8736.33,expired_card,2,15,5,461,2.9,card,0.75,1
pay_02324,cust_0053,816.43,bank_timeout,2,14,4,197,0.87,upi,0.778,1
pay_02325,cust_2207,2924.69,authentication_failed,3,15,7,846,4.68,upi,0.682,0
pay_02326,cust_1446,796.97,expired_card,1,12,5,40,0.31,upi,0.706,1
pay_02327,cust_0831,241.97,invalid_card,3,13,1,915,4.22,upi,0.929,0
pay_02328,cust_1277,1977.29,expired_card,0,9,2,686,1.32,upi,0.818,1
pay_02329,cust_1641,8248.73,invalid_card,2,18,3,666,1.06,upi,0.857,0
pay_02330,cust_0947,699.72,authentication_failed,2,5,8,510,2.83,card,0.385,1
pay_02331,cust_0912,299.31,bank_timeout,0,15,3,313,1.77,card,0.833,1
pay_02332,cust_0853,991.89,bank_timeout,3,8,0,678,2.89,upi,1.0,0
pay_02333,cust_1534,1314.41,insufficient_funds,0,12,0,158,1.32,upi,1.0,1
pay_02334,cust_0541,1974.46,expired_card,3,1,4,679,4.99,netbanking,0.2,0
pay_02335,cust_0215,2294.61,expired_card,2,2,1,637,3.14,upi,0.667,1
pay_02336,cust_1521,442.9,invalid_card,0,18,1,894,1.32,netbanking,0.947,1
pay_02337,cust_1415,2485.1,authentication_failed,0,19,7,142,1.73,upi,0.731,0
pay_02338,cust_2037,3848.81,invalid_card,1,16,2,314,2.11,card,0.889,0
pay_02339,cust_0072,450.97,authentication_failed,2,13,3,353,0.74,netbanking,0.812,1
pay_02340,cust_0004,336.46,expired_card,3,16,5,713,3.3,netbanking,0.762,0
pay_02341,cust_2440,7800.18,insufficient_funds,0,18,0,141,0.32,netbanking,1.0,1
pay_02342,cust_1166,708.38,authentication_failed,3,16,8,542,2.83,card,0.667,0
pay_02343,cust_2204,377.17,invalid_card,0,13,8,514,3.57,card,0.619,0
pay_02344,cust_1444,225.58,expired_card,0,18,6,372,4.97,netbanking,0.75,0
pay_02345,cust_2281,359.89,invalid_card,3,5,0,771,3.23,card,1.0,0
pay_02346,cust_2270,833.71,invalid_card,2,13,4,48,2.38,card,0.765,0
pay_02347,cust_0915,417.15,invalid_card,3,16,5,135,3.24,netbanking,0.762,1
pay_02348,cust_1420,492.08,expired_card,3,8,0,996,2.23,upi,1.0,0
pay_02349,cust_2158,1744.78,invalid_card,0,13,4,392,2.21,card,0.765,0
pay_02350,cust_1439,2641.23,bank_timeout,0,20,7,244,2.98,card,0.741,0
pay_02351,cust_0601,1698.63,invalid_card,1,7,7,750,2.44,upi,0.5,1
pay_02352,cust_0992,7811.9,insufficient_funds,1,13,1,410,1.49,netbanking,0.929,1
pay_02353,cust_1969,400.99,bank_timeout,2,10,5,54,3.33,upi,0.667,1
pay_02354,cust_1402,287.74,authentication_failed,1,18,7,441,3.19,netbanking,0.72,0
pay_02355,cust_0971,738.68,insufficient_funds,2,7,8,255,3.88,card,0.467,0
pay_02356,cust_0244,1581.81,authentication_failed,0,15,4,138,2.24,card,0.789,0
pay_02357,cust_2328,4900.02,bank_timeout,3,6,5,132,2.66,netbanking,0.545,1
pay_02358,cust_1547,5290.82,insufficient_funds,1,4,3,68,0.74,card,0.571,0
pay_02359,cust_1176,210.69,bank_timeout,0,11,8,607,3.71,upi,0.579,1
pay_02360,cust_1075,229.69,expired_card,3,12,6,74,3.58,card,0.667,0
pay_02361,cust_0471,1254.05,expired_card,0,18,8,420,4.02,upi,0.692,1
pay_02362,cust_1706,1781.43,expired_card,1,0,2,193,4.02,upi,0.0,1
pay_02363,cust_1064,574.44,insufficient_funds,3,7,7,108,1.57,card,0.5,1
pay_02364,cust_0171,266.91,bank_timeout,3,20,1,972,1.39,upi,0.952,0
pay_02365,cust_0498,380.28,insufficient_funds,3,2,8,611,4.18,upi,0.2,0
pay_02366,cust_0509,2607.67,invalid_card,1,9,7,449,2.84,netbanking,0.562,1
pay_02367,cust_0866,285.84,bank_timeout,0,3,8,678,0.61,card,0.273,0
pay_02368,cust_0040,670.56,expired_card,0,14,0,347,1.63,netbanking,1.0,1
pay_02369,cust_0158,349.7,invalid_card,0,9,8,499,2.68,upi,0.529,0
pay_02370,cust_0284,5475.46,expired_card,3,4,2,498,1.71,upi,0.667,0
pay_02371,cust_1935,894.49,bank_timeout,2,8,8,490,0.12,upi,0.5,1
pay_02372,cust_0941,1457.29,insufficient_funds,3,9,1,34,4.18,card,0.9,0
pay_02373,cust_0070,266.24,authentication_failed,2,15,6,277,0.53,card,0.714,1
pay_02374,cust_0149,2204.52,invalid_card,1,10,3,435,0.28,card,0.769,1
pay_02375,cust_1183,6646.85,authentication_failed,3,20,8,635,1.43,upi,0.714,1
pay_02376,cust_1034,354.03,insufficient_funds,3,14,0,801,0.45,card,1.0,0
pay_02377,cust_1992,1443.63,authentication_failed,1,1,7,570,0.61,card,0.125,0
pay_02378,cust_0303,331.7,expired_card,0,5,1,304,1.5,netbanking,0.833,1
pay_02379,cust_0353,7142.83,expired_card,1,7,8,340,3.35,card,0.467,1
pay_02380,cust_1668,494.48,invalid_card,0,6,3,398,1.29,netbanking,0.667,1
pay_02381,cust_0006,877.81,invalid_card,3,11,3,766,1.99,netbanking,0.786,0
pay_02382,cust_0458,486.17,invalid_card,2,13,2,309,2.58,card,0.867,0
pay_02383,cust_0624,2491.75,authentication_failed,2,7,2,916,2.45,upi,0.778,1
pay_02384,cust_1590,831.23,expired_card,1,3,7,969,3.08,netbanking,0.3,0
pay_02385,cust_1804,480.17,invalid_card,2,14,2,151,4.42,card,0.875,1
pay_02386,cust_0498,669.16,expired_card,3,9,6,243,4.12,upi,0.6,1
pay_02387,cust_2192,1203.15,expired_card,0,7,3,286,3.34,upi,0.7,1
pay_02388,cust_1948,9897.97,authentication_failed,2,10,2,648,4.19,card,0.833,1
pay_02389,cust_0225,297.78,insufficient_funds,0,3,0,115,4.11,netbanking,1.0,1
pay_02390,cust_1738,2170.25,expired_card,0,4,1,905,1.23,netbanking,0.8,1
pay_02391,cust_0193,1279.72,invalid_card,0,17,6,519,0.73,netbanking,0.739,1
pay_02392,cust_0894,3873.96,bank_timeout,3,11,5,772,2.15,netbanking,0.688,0
pay_02393,cust_2482,992.93,bank_timeout,3,6,1,568,3.66,card,0.857,1
pay_02394,cust_1629,560.66,insufficient_funds,1,13,4,812,0.67,card,0.765,1
pay_02395,cust_1788,381.27,invalid_card,3,8,0,886,1.29,upi,1.0,0
pay_02396,cust_0923,832.55,expired_card,1,20,6,854,2.33,card,0.769,0
pay_02397,cust_0417,1480.56,bank_timeout,2,5,6,809,1.36,card,0.455,1
pay_02398,cust_1235,8609.24,authentication_failed,0,3,1,346,3.94,upi,0.75,1
pay_02399,cust_0912,265.24,expired_card,3,15,1,891,1.74,netbanking,0.938,1
pay_02400,cust_1425,8395.69,bank_timeout,3,19,0,205,4.62,upi,1.0,1
pay_02401,cust_2364,4864.86,bank_timeout,1,3,6,212,4.44,upi,0.333,0
pay_02402,cust_1626,1291.36,insufficient_funds,0,5,5,382,3.32,netbanking,0.5,1
pay_02403,cust_2415,744.36,authentication_failed,3,18,5,811,1.8,upi,0.783,1
pay_02404,cust_2312,487.5,insufficient_funds,3,6,6,974,2.33,card,0.5,0
pay_02405,cust_0895,5750.22,invalid_card,0,5,5,1000,2.82,card,0.5,0
pay_02406,cust_0657,3300.69,bank_timeout,1,18,2,673,1.34,card,0.9,1
pay_02407,cust_2289,732.7,insufficient_funds,3,16,8,237,0.51,card,0.667,0
pay_02408,cust_1808,1705.93,bank_timeout,0,15,2,36,0.41,card,0.882,1
pay_02409,cust_1840,452.49,invalid_card,1,15,6,810,4.45,netbanking,0.714,0
pay_02410,cust_1621,2462.01,insufficient_funds,0,0,5,936,0.5,netbanking,0.0,0
pay_02411,cust_2103,651.48,bank_timeout,1,6,0,43,1.13,upi,1.0,1
pay_02412,cust_0044,567.19,insufficient_funds,1,8,2,928,4.11,netbanking,0.8,1
pay_02413,cust_1125,7019.64,authentication_failed,0,19,1,922,2.14,card,0.95,1
pay_02414,cust_1624,5983.48,authentication_failed,2,0,3,241,4.3,upi,0.0,0
pay_02415,cust_1042,311.14,invalid_card,2,18,7,34,0.25,upi,0.72,0
pay_02416,cust_2239,1662.24,insufficient_funds,3,9,2,624,4.73,upi,0.818,0
pay_02417,cust_0697,353.72,expired_card,3,19,6,131,3.68,card,0.76,0
pay_02418,cust_0800,917.39,bank_timeout,0,10,8,887,2.79,card,0.556,0
pay_02419,cust_1868,393.38,expired_card,3,5,5,794,4.36,upi,0.5,0
pay_02420,cust_0813,1212.91,bank_timeout,2,16,6,884,0.99,upi,0.727,0
pay_02421,cust_1825,410.24,invalid_card,0,7,0,290,4.55,upi,1.0,1
pay_02422,cust_1470,3048.94,insufficient_funds,3,2,4,876,4.52,netbanking,0.333,0
pay_02423,cust_0730,1735.58,expired_card,1,1,5,784,3.99,netbanking,0.167,0
pay_02424,cust_2309,321.03,insufficient_funds,1,14,8,258,0.19,netbanking,0.636,1
pay_02425,cust_1252,2942.16,expired_card,0,2,6,30,2.79,netbanking,0.25,0
pay_02426,cust_1461,489.39,expired_card,1,5,1,825,1.11,netbanking,0.833,1
pay_02427,cust_1553,796.96,expired_card,3,2,2,717,2.59,upi,0.5,0
pay_02428,cust_2367,3049.22,expired_card,0,3,3,778,4.2,upi,0.5,0
pay_02429,cust_2476,739.1,invalid_card,2,12,0,964,3.94,card,1.0,1
pay_02430,cust_0903,2495.59,bank_timeout,2,20,8,911,3.11,netbanking,0.714,0
pay_02431,cust_1625,552.35,authentication_failed,3,7,0,758,4.56,upi,1.0,1
pay_02432,cust_2329,1474.19,expired_card,3,20,4,920,4.02,upi,0.833,0
pay_02433,cust_1136,980.54,invalid_card,3,20,5,321,3.31,card,0.8,0
pay_02434,cust_1220,3763.77,insufficient_funds,2,7,5,623,3.3,netbanking,0.583,0
pay_02435,cust_2112,261.79,invalid_card,3,11,8,905,1.64,netbanking,0.579,0
pay_02436,cust_2079,425.9,invalid_card,2,6,4,723,0.29,upi,0.6,0
pay_02437,cust_0863,8643.79,invalid_card,0,20,3,353,3.32,upi,0.87,0
pay_02438,cust_0011,766.77,bank_timeout,2,9,0,271,4.53,netbanking,1.0,1
pay_02439,cust_1675,373.49,bank_timeout,0,4,6,352,1.06,card,0.4,0
pay_02440,cust_1879,2421.16,authentication_failed,1,8,0,222,0.78,upi,1.0,0
pay_02441,cust_0525,1149.6,insufficient_funds,1,11,5,406,1.79,netbanking,0.688,1
pay_02442,cust_1850,3257.2,insufficient_funds,2,2,3,458,4.87,upi,0.4,0
pay_02443,cust_1088,8594.45,insufficient_funds,0,17,3,979,3.35,card,0.85,1
pay_02444,cust_0382,485.97,invalid_card,0,14,6,135,4.54,upi,0.7,1
pay_02445,cust_0692,459.79,expired_card,2,9,6,600,3.51,upi,0.6,0
pay_02446,cust_1018,1741.59,authentication_failed,0,4,6,247,3.56,upi,0.4,0
pay_02447,cust_1756,2535.55,bank_timeout,1,15,6,908,4.93,card,0.714,1
pay_02448,cust_2362,415.95,authentication_failed,1,12,6,768,3.34,card,0.667,0
pay_02449,cust_0583,711.62,bank_timeout,3,11,5,722,0.21,card,0.688,0
pay_02450,cust_0427,9568.92,insufficient_funds,0,10,1,206,0.29,netbanking,0.909,1
pay_02451,cust_0849,3232.12,authentication_failed,1,3,6,216,3.67,upi,0.333,0
pay_02452,cust_2258,393.72,authentication_failed,3,20,2,145,0.11,card,0.909,1
pay_02453,cust_1382,266.3,insufficient_funds,1,4,8,268,3.3,netbanking,0.333,0
pay_02454,cust_1821,2558.03,invalid_card,3,5,8,985,0.81,netbanking,0.385,0
pay_02455,cust_1640,257.05,insufficient_funds,3,18,8,84,4.52,card,0.692,1
pay_02456,cust_1060,2006.04,invalid_card,0,18,6,868,3.49,upi,0.75,0
pay_02457,cust_0080,2900.66,expired_card,2,14,3,493,2.8,card,0.824,1
pay_02458,cust_1027,339.78,authentication_failed,3,10,7,509,2.34,upi,0.588,0
pay_02459,cust_0217,6597.13,bank_timeout,2,4,6,564,0.4,netbanking,0.4,0
pay_02460,cust_2453,239.9,invalid_card,0,14,0,31,1.77,upi,1.0,1
pay_02461,cust_2019,5342.49,authentication_failed,0,6,1,736,4.21,netbanking,0.857,1
pay_02462,cust_1645,2937.86,insufficient_funds,3,18,8,225,4.5,card,0.692,0
pay_02463,cust_0714,997.36,expired_card,2,2,6,840,0.19,netbanking,0.25,0
pay_02464,cust_2363,380.18,authentication_failed,0,3,7,31,3.49,upi,0.3,1
pay_02465,cust_1640,3275.83,insufficient_funds,0,15,4,89,1.5,netbanking,0.789,1
pay_02466,cust_0922,6098.0,invalid_card,1,20,4,452,0.51,netbanking,0.833,0
pay_02467,cust_0220,297.26,insufficient_funds,3,1,1,538,2.82,netbanking,0.5,0
pay_02468,cust_1484,1744.08,authentication_failed,1,20,3,750,3.45,upi,0.87,1
pay_02469,cust_0720,7340.11,expired_card,3,8,7,720,3.49,netbanking,0.533,0
pay_02470,cust_1368,7164.43,expired_card,1,11,2,422,3.35,upi,0.846,0
pay_02471,cust_1057,399.68,expired_card,1,14,4,70,4.71,netbanking,0.778,1
pay_02472,cust_1501,948.14,invalid_card,3,18,7,418,2.71,upi,0.72,0
pay_02473,cust_1544,429.14,invalid_card,0,11,8,335,3.12,upi,0.579,1
pay_02474,cust_1602,353.86,bank_timeout,3,5,4,782,0.32,upi,0.556,0
pay_02475,cust_1457,7319.8,bank_timeout,2,11,3,354,0.81,card,0.786,0
pay_02476,cust_1808,419.99,authentication_failed,0,17,4,450,3.42,upi,0.81,0
pay_02477,cust_2096,833.49,insufficient_funds,2,18,6,150,2.55,card,0.75,0
pay_02478,cust_0859,2445.7,authentication_failed,0,4,2,702,4.31,card,0.667,1
pay_02479,cust_1085,807.48,insufficient_funds,2,9,8,876,0.9,upi,0.529,0
pay_02480,cust_2353,354.11,authentication_failed,0,9,7,729,1.35,card,0.562,0
pay_02481,cust_2212,652.22,invalid_card,3,17,4,728,2.42,card,0.81,0
pay_02482,cust_0739,223.18,expired_card,1,19,2,463,2.29,upi,0.905,1
pay_02483,cust_1753,6184.52,invalid_card,2,8,5,555,1.36,upi,0.615,1
pay_02484,cust_1852,982.27,authentication_failed,1,13,0,737,1.71,netbanking,1.0,0
pay_02485,cust_2467,846.99,expired_card,1,16,0,143,0.85,upi,1.0,1
pay_02486,cust_1142,763.46,invalid_card,2,13,1,973,4.45,netbanking,0.929,1
pay_02487,cust_1476,900.86,insufficient_funds,0,13,5,658,1.34,upi,0.722,1
pay_02488,cust_0124,982.93,invalid_card,2,7,3,84,1.14,netbanking,0.7,0
pay_02489,cust_1803,7553.32,insufficient_funds,3,20,2,321,1.56,netbanking,0.909,1
pay_02490,cust_1443,324.51,bank_timeout,0,15,8,897,1.01,netbanking,0.652,1
pay_02491,cust_2000,2811.44,expired_card,2,16,6,415,1.24,upi,0.727,0
pay_02492,cust_1774,915.86,authentication_failed,1,10,2,107,4.7,netbanking,0.833,1
pay_02493,cust_2144,2167.42,authentication_failed,3,18,8,809,1.62,upi,0.692,0
pay_02494,cust_2199,2384.67,invalid_card,2,4,0,278,0.49,card,1.0,0
pay_02495,cust_0903,6887.86,insufficient_funds,1,6,2,969,0.18,netbanking,0.75,1
pay_02496,cust_1772,3887.31,invalid_card,3,4,6,997,2.75,netbanking,0.4,0
pay_02497,cust_1385,254.85,bank_timeout,0,16,7,489,2.85,card,0.696,1
pay_02498,cust_1101,539.92,bank_timeout,2,20,5,521,1.29,upi,0.8,1
pay_02499,cust_1742,8628.74,invalid_card,0,1,4,368,1.14,netbanking,0.2,0
pay_02500,cust_2174,9589.69,bank_timeout,1,5,8,382,4.1,netbanking,0.385,0
pay_02501,cust_1836,475.83,bank_timeout,2,10,4,960,2.11,upi,0.714,1
pay_02502,cust_2473,7051.35,invalid_card,0,9,1,136,2.14,netbanking,0.9,0
pay_02503,cust_2286,1719.01,invalid_card,3,7,8,430,4.22,netbanking,0.467,0
pay_02504,cust_1407,2926.86,invalid_card,1,6,2,758,0.97,upi,0.75,0
pay_02505,cust_0289,5311.73,invalid_card,0,13,2,274,3.42,card,0.867,1
pay_02506,cust_1073,790.76,invalid_card,0,15,6,54,3.22,upi,0.714,0
pay_02507,cust_2436,529.52,bank_timeout,0,3,3,768,4.73,netbanking,0.5,1
pay_02508,cust_2044,1287.42,invalid_card,0,10,8,823,4.99,netbanking,0.556,0
pay_02509,cust_0157,508.44,invalid_card,1,10,6,499,0.2,upi,0.625,0
pay_02510,cust_1843,9984.89,expired_card,3,19,5,503,3.51,netbanking,0.792,0
pay_02511,cust_2382,2920.47,authentication_failed,2,11,0,942,1.78,netbanking,1.0,0
pay_02512,cust_0984,7420.16,insufficient_funds,2,9,1,602,1.2,upi,0.9,1
pay_02513,cust_1414,1261.83,bank_timeout,3,16,8,197,3.9,card,0.667,0
pay_02514,cust_0305,656.35,insufficient_funds,2,15,4,757,1.55,upi,0.789,1
pay_02515,cust_0611,7653.01,invalid_card,2,14,3,56,2.61,netbanking,0.824,1
pay_02516,cust_2241,974.58,bank_timeout,0,5,4,929,4.96,netbanking,0.556,1
pay_02517,cust_0040,586.26,expired_card,0,18,4,122,0.96,netbanking,0.818,0
pay_02518,cust_0363,949.69,expired_card,2,18,0,754,0.23,upi,1.0,0
pay_02519,cust_1960,626.19,bank_timeout,2,13,0,118,2.81,upi,1.0,1
pay_02520,cust_2435,982.3,expired_card,2,15,1,236,1.15,netbanking,0.938,0
pay_02521,cust_1772,945.35,invalid_card,2,4,1,816,0.67,card,0.8,0
pay_02522,cust_0107,430.98,bank_timeout,0,9,4,603,0.27,card,0.692,1
pay_02523,cust_2154,484.24,authentication_failed,3,9,5,191,1.02,upi,0.643,0
pay_02524,cust_2345,231.31,bank_timeout,2,12,8,774,4.1,card,0.6,1
pay_02525,cust_0848,6016.84,invalid_card,2,2,7,117,0.16,card,0.222,0
pay_02526,cust_0892,3805.95,expired_card,2,0,1,274,3.64,card,0.0,0
pay_02527,cust_0651,1497.78,authentication_failed,3,0,7,108,1.35,upi,0.0,0
pay_02528,cust_2127,8008.19,expired_card,1,11,7,185,1.21,netbanking,0.611,1
pay_02529,cust_1546,8845.9,authentication_failed,0,2,0,353,3.88,netbanking,1.0,1
pay_02530,cust_1801,8317.09,bank_timeout,3,12,7,53,0.17,card,0.632,0
pay_02531,cust_2433,8860.25,invalid_card,1,4,3,253,3.48,netbanking,0.571,1
pay_02532,cust_0243,207.78,insufficient_funds,3,2,4,701,0.34,netbanking,0.333,0
pay_02533,cust_1724,8909.82,expired_card,3,9,4,932,3.51,netbanking,0.692,1
pay_02534,cust_2156,2301.53,authentication_failed,0,18,7,220,0.8,netbanking,0.72,0
pay_02535,cust_1332,1282.61,expired_card,2,3,3,665,3.87,upi,0.5,0
pay_02536,cust_2360,890.08,bank_timeout,3,17,8,960,1.11,upi,0.68,0
pay_02537,cust_2004,938.14,authentication_failed,0,8,3,451,1.35,card,0.727,1
pay_02538,cust_1492,4914.02,invalid_card,2,3,6,266,2.51,netbanking,0.333,0
pay_02539,cust_0362,699.76,authentication_failed,3,12,0,154,1.37,upi,1.0,0
pay_02540,cust_2103,1221.71,insufficient_funds,3,5,8,145,3.56,upi,0.385,1
pay_02541,cust_0878,409.91,insufficient_funds,3,0,3,928,1.94,upi,0.0,0
pay_02542,cust_0366,2496.28,expired_card,2,12,5,961,1.37,upi,0.706,0
pay_02543,cust_1632,623.15,invalid_card,0,8,0,233,1.52,upi,1.0,0
pay_02544,cust_1117,2982.77,invalid_card,0,0,3,37,4.27,upi,0.0,0
pay_02545,cust_0380,706.42,bank_timeout,3,18,7,958,1.41,netbanking,0.72,1
pay_02546,cust_0515,825.16,invalid_card,1,17,5,703,3.95,netbanking,0.773,0
pay_02547,cust_0227,662.1,expired_card,0,13,5,63,2.76,card,0.722,0
pay_02548,cust_0286,255.69,bank_timeout,2,17,4,223,4.37,upi,0.81,1
pay_02549,cust_1941,4208.87,authentication_failed,2,3,4,860,0.99,upi,0.429,0
pay_02550,cust_1456,1774.01,bank_timeout,3,11,6,163,2.43,card,0.647,0
pay_02551,cust_0691,349.15,invalid_card,2,9,7,623,3.35,card,0.562,0
pay_02552,cust_1166,408.14,invalid_card,1,17,3,873,0.9,netbanking,0.85,1
pay_02553,cust_1141,471.83,insufficient_funds,3,0,7,599,4.83,card,0.0,0
pay_02554,cust_0424,7592.14,invalid_card,1,1,4,924,5.0,card,0.2,0
pay_02555,cust_2320,640.64,bank_timeout,2,4,8,236,3.24,upi,0.333,1
pay_02556,cust_1980,5514.04,invalid_card,0,6,0,970,0.78,netbanking,1.0,1
pay_02557,cust_1335,312.51,expired_card,1,2,8,916,4.94,netbanking,0.2,0
pay_02558,cust_1920,486.94,insufficient_funds,0,3,6,152,0.47,upi,0.333,1
pay_02559,cust_1644,690.53,insufficient_funds,3,11,4,206,3.68,netbanking,0.733,1
pay_02560,cust_1237,2918.28,bank_timeout,3,15,4,602,3.41,card,0.789,1
pay_02561,cust_2030,528.2,expired_card,1,10,1,190,0.52,card,0.909,0
pay_02562,cust_2273,4161.81,authentication_failed,0,19,6,711,2.09,netbanking,0.76,1
pay_02563,cust_0080,714.76,authentication_failed,2,14,1,449,1.61,netbanking,0.933,1
pay_02564,cust_2170,554.1,invalid_card,0,14,0,860,1.31,card,1.0,1
pay_02565,cust_2131,8131.49,authentication_failed,1,1,7,849,4.22,card,0.125,0
pay_02566,cust_0144,2029.18,authentication_failed,3,15,4,583,2.26,card,0.789,0
pay_02567,cust_1677,3414.8,expired_card,2,10,6,354,2.26,netbanking,0.625,0
pay_02568,cust_1750,679.86,authentication_failed,3,18,4,540,2.44,card,0.818,0
pay_02569,cust_1434,958.8,bank_timeout,1,13,2,436,3.1,card,0.867,1
pay_02570,cust_0925,2485.64,expired_card,2,14,3,277,0.15,card,0.824,0
pay_02571,cust_0136,498.73,invalid_card,2,2,6,557,1.78,card,0.25,0
pay_02572,cust_0609,1956.79,authentication_failed,3,20,0,93,3.63,card,1.0,1
pay_02573,cust_1468,9468.12,authentication_failed,1,4,7,474,1.23,card,0.364,1
pay_02574,cust_1057,765.86,invalid_card,1,15,2,220,1.75,card,0.882,1
pay_02575,cust_2375,261.37,insufficient_funds,2,4,3,287,4.68,netbanking,0.571,1
pay_02576,cust_0140,722.44,insufficient_funds,1,17,4,405,2.05,netbanking,0.81,0
pay_02577,cust_0338,237.36,expired_card,1,14,1,636,2.67,upi,0.933,1
pay_02578,cust_1523,9645.39,authentication_failed,3,9,5,894,3.56,card,0.643,1
pay_02579,cust_1259,915.17,invalid_card,1,13,4,60,1.68,netbanking,0.765,0
pay_02580,cust_0596,9934.69,authentication_failed,2,19,3,299,3.66,netbanking,0.864,1
pay_02581,cust_0544,777.49,authentication_failed,3,16,3,723,1.14,upi,0.842,0
pay_02582,cust_1525,5618.54,expired_card,0,0,2,369,0.16,upi,0.0,1
pay_02583,cust_1786,329.32,invalid_card,3,7,4,536,2.15,netbanking,0.636,0
pay_02584,cust_0384,913.59,bank_timeout,2,19,1,941,3.68,netbanking,0.95,0
pay_02585,cust_0947,592.41,bank_timeout,2,11,6,277,4.55,card,0.647,1
pay_02586,cust_1810,2970.59,authentication_failed,2,0,3,599,2.86,upi,0.0,0
pay_02587,cust_1313,1724.23,bank_timeout,3,1,8,532,1.16,card,0.111,1
pay_02588,cust_0220,4025.15,bank_timeout,3,7,2,389,3.71,upi,0.778,1
pay_02589,cust_1890,851.53,expired_card,3,8,3,642,4.9,netbanking,0.727,0
pay_02590,cust_1746,399.26,expired_card,3,12,0,795,2.27,netbanking,1.0,1
pay_02591,cust_0632,651.8,invalid_card,2,19,5,675,4.7,netbanking,0.792,0
pay_02592,cust_0375,344.3,authentication_failed,3,3,6,329,4.58,card,0.333,0
pay_02593,cust_1499,5450.14,bank_timeout,2,13,6,618,4.19,netbanking,0.684,0
pay_02594,cust_1045,9778.74,authentication_failed,2,4,8,996,2.91,card,0.333,0
pay_02595,cust_1359,6871.33,authentication_failed,3,14,1,637,2.69,upi,0.933,1
pay_02596,cust_2211,1546.6,insufficient_funds,3,16,5,663,1.15,netbanking,0.762,1
pay_02597,cust_0167,4677.97,expired_card,1,8,3,335,3.9,upi,0.727,1
pay_02598,cust_0952,306.5,bank_timeout,2,12,0,872,1.25,card,1.0,1
pay_02599,cust_1851,1089.97,invalid_card,2,12,6,30,4.53,netbanking,0.667,0
pay_02600,cust_2407,6088.63,invalid_card,0,2,6,113,1.01,netbanking,0.25,0
pay_02601,cust_0475,8088.44,expired_card,3,16,1,683,2.86,upi,0.941,0
pay_02602,cust_0182,913.45,bank_timeout,2,4,8,455,3.6,card,0.333,1
pay_02603,cust_1643,199.38,insufficient_funds,2,15,3,838,2.64,card,0.833,1
pay_02604,cust_0434,1137.09,invalid_card,0,11,8,86,1.99,card,0.579,1
pay_02605,cust_0372,3811.43,expired_card,2,10,1,619,0.56,card,0.909,1
pay_02606,cust_2430,6065.72,invalid_card,3,0,8,41,3.25,card,0.0,0
pay_02607,cust_2500,1407.81,insufficient_funds,0,19,6,115,0.85,upi,0.76,1
pay_02608,cust_2421,1148.38,bank_timeout,0,18,4,72,3.36,card,0.818,1
pay_02609,cust_0874,2870.33,authentication_failed,2,12,2,763,2.3,netbanking,0.857,0
pay_02610,cust_2216,699.31,invalid_card,1,1,3,968,0.39,netbanking,0.25,0
pay_02611,cust_1591,6004.85,insufficient_funds,0,3,8,471,0.34,card,0.273,1
pay_02612,cust_0260,948.71,authentication_failed,1,6,0,216,1.69,netbanking,1.0,1
pay_02613,cust_2391,753.48,insufficient_funds,1,7,1,839,1.49,upi,0.875,1
pay_02614,cust_1397,379.01,insufficient_funds,3,20,1,614,3.84,netbanking,0.952,0
pay_02615,cust_2243,213.52,bank_timeout,1,13,0,561,0.7,card,1.0,0
pay_02616,cust_1123,2779.02,expired_card,3,1,8,748,0.47,netbanking,0.111,0
pay_02617,cust_2047,628.07,expired_card,2,8,4,609,4.39,upi,0.667,0
pay_02618,cust_0123,2359.53,authentication_failed,3,4,7,298,1.77,card,0.364,0
pay_02619,cust_1771,2235.86,authentication_failed,0,15,4,175,3.08,netbanking,0.789,1
pay_02620,cust_1124,2236.71,invalid_card,3,13,2,353,4.26,netbanking,0.867,1
pay_02621,cust_2186,1780.68,bank_timeout,0,12,4,537,0.78,card,0.75,1
pay_02622,cust_1642,2343.92,authentication_failed,1,12,2,653,4.05,card,0.857,1
pay_02623,cust_1590,8380.33,invalid_card,1,9,8,160,1.42,card,0.529,0
pay_02624,cust_1639,8501.92,invalid_card,0,3,6,408,1.95,netbanking,0.333,0
pay_02625,cust_2039,1590.41,invalid_card,1,2,2,360,0.82,card,0.5,1
pay_02626,cust_0735,487.31,insufficient_funds,2,16,4,644,2.01,netbanking,0.8,1
pay_02627,cust_0257,553.89,insufficient_funds,2,7,5,233,3.86,netbanking,0.583,0
pay_02628,cust_0772,1742.56,authentication_failed,1,9,2,278,0.83,netbanking,0.818,1
pay_02629,cust_0507,1293.62,expired_card,1,3,4,960,3.52,netbanking,0.429,0
pay_02630,cust_0308,9482.74,authentication_failed,2,6,7,926,4.19,card,0.462,0
pay_02631,cust_2424,575.41,insufficient_funds,3,16,2,263,0.55,card,0.889,1
pay_02632,cust_2016,385.81,authentication_failed,0,1,6,184,4.32,card,0.143,1
pay_02633,cust_0667,8405.73,bank_timeout,2,11,8,514,2.31,netbanking,0.579,1
pay_02634,cust_1157,2732.82,authentication_failed,1,6,7,873,3.17,netbanking,0.462,0
pay_02635,cust_1289,1256.39,insufficient_funds,3,16,8,805,1.01,card,0.667,0
pay_02636,cust_0104,991.47,authentication_failed,1,0,4,481,2.04,upi,0.0,1
pay_02637,cust_1783,3899.4,expired_card,3,2,2,86,3.17,upi,0.5,0
pay_02638,cust_1284,8016.76,authentication_failed,1,3,5,825,3.78,upi,0.375,0
pay_02639,cust_0559,2309.02,insufficient_funds,2,7,0,680,4.11,upi,1.0,1
pay_02640,cust_0063,5487.95,expired_card,3,9,4,983,1.1,upi,0.692,1
pay_02641,cust_0284,1957.17,bank_timeout,1,8,7,198,3.15,card,0.533,1
pay_02642,cust_1915,1091.37,bank_timeout,2,19,7,403,3.72,upi,0.731,0
pay_02643,cust_2224,409.3,invalid_card,3,1,2,148,1.9,netbanking,0.333,0
pay_02644,cust_2420,802.9,authentication_failed,3,9,0,971,1.13,card,1.0,0
pay_02645,cust_0482,247.05,invalid_card,2,14,3,732,0.68,card,0.824,0
pay_02646,cust_1279,6677.0,authentication_failed,2,14,7,770,4.31,upi,0.667,0
pay_02647,cust_1048,1804.98,invalid_card,0,14,6,764,0.78,card,0.7,0
pay_02648,cust_2252,559.95,insufficient_funds,1,16,6,915,4.8,netbanking,0.727,1
pay_02649,cust_0676,2524.35,bank_timeout,1,6,0,958,1.57,netbanking,1.0,1
pay_02650,cust_1476,392.15,invalid_card,3,1,4,586,1.83,upi,0.2,0
pay_02651,cust_0949,2306.21,authentication_failed,2,18,8,123,0.65,netbanking,0.692,0
pay_02652,cust_2134,989.74,expired_card,0,0,6,797,1.25,card,0.0,0
pay_02653,cust_2283,736.45,invalid_card,0,2,6,774,1.76,upi,0.25,0
pay_02654,cust_1433,2639.72,authentication_failed,1,2,3,541,2.91,upi,0.4,1
pay_02655,cust_0809,4353.76,expired_card,3,5,7,439,2.36,netbanking,0.417,0
pay_02656,cust_2129,5525.8,insufficient_funds,2,2,7,293,4.99,card,0.222,0
pay_02657,cust_0299,2627.24,bank_timeout,3,4,3,235,3.08,upi,0.571,1
pay_02658,cust_0054,402.87,insufficient_funds,0,2,3,654,0.62,card,0.4,0
pay_02659,cust_1262,8244.94,expired_card,1,2,4,629,3.06,upi,0.333,1
pay_02660,cust_0357,3680.64,expired_card,0,9,1,380,4.91,upi,0.9,0
pay_02661,cust_1972,6178.87,invalid_card,1,12,7,215,4.89,netbanking,0.632,0
pay_02662,cust_2393,8330.97,bank_timeout,2,7,2,88,1.88,upi,0.778,1
pay_02663,cust_1585,1316.3,authentication_failed,0,20,5,400,4.58,upi,0.8,0
pay_02664,cust_1819,384.42,insufficient_funds,2,9,1,883,4.83,netbanking,0.9,1
pay_02665,cust_2045,260.68,authentication_failed,2,13,8,595,3.47,upi,0.619,1
pay_02666,cust_2255,6665.69,bank_timeout,3,15,4,879,1.14,upi,0.789,0
pay_02667,cust_0797,704.95,invalid_card,1,15,6,889,2.51,card,0.714,0
pay_02668,cust_1738,1700.95,expired_card,3,20,6,424,3.13,netbanking,0.769,0
pay_02669,cust_2390,985.25,expired_card,2,10,0,764,3.23,upi,1.0,1
pay_02670,cust_1038,206.06,authentication_failed,2,16,6,352,4.4,netbanking,0.727,1
pay_02671,cust_1060,1881.41,authentication_failed,3,16,0,413,1.22,card,1.0,1
pay_02672,cust_0885,766.31,authentication_failed,1,13,6,340,4.88,card,0.684,0
pay_02673,cust_2150,958.48,invalid_card,0,8,1,390,0.11,card,0.889,1
pay_02674,cust_1583,2412.34,insufficient_funds,1,13,5,558,1.23,card,0.722,0
pay_02675,cust_2184,9235.08,invalid_card,3,8,6,914,2.22,upi,0.571,0
pay_02676,cust_0153,924.53,authentication_failed,3,8,1,373,3.01,netbanking,0.889,0
pay_02677,cust_0220,411.61,insufficient_funds,1,20,7,476,0.32,card,0.741,0
pay_02678,cust_2185,1655.47,authentication_failed,3,18,7,237,2.64,upi,0.72,0
pay_02679,cust_0967,1174.3,invalid_card,2,8,7,570,2.99,netbanking,0.533,0
pay_02680,cust_1399,903.47,invalid_card,1,14,0,773,2.08,card,1.0,0
pay_02681,cust_2163,340.11,bank_timeout,1,7,6,974,0.56,netbanking,0.538,1
pay_02682,cust_0895,1983.48,insufficient_funds,1,7,7,451,4.68,netbanking,0.5,1
pay_02683,cust_1827,9853.5,authentication_failed,0,20,6,895,3.24,card,0.769,1
pay_02684,cust_0488,6471.21,authentication_failed,2,14,8,778,1.42,card,0.636,0
pay_02685,cust_0804,8380.62,bank_timeout,2,9,0,918,1.53,upi,1.0,1
pay_02686,cust_1075,739.13,insufficient_funds,1,12,4,281,3.72,upi,0.75,1
pay_02687,cust_0339,1650.92,expired_card,0,17,8,704,2.91,upi,0.68,1
pay_02688,cust_1293,497.95,invalid_card,2,13,0,895,3.59,netbanking,1.0,0
pay_02689,cust_1402,2561.69,bank_timeout,0,4,6,420,1.06,card,0.4,1
pay_02690,cust_0088,4720.97,expired_card,0,7,0,480,3.03,upi,1.0,0
pay_02691,cust_2430,676.26,invalid_card,1,0,1,179,4.35,card,0.0,0
pay_02692,cust_2496,306.18,expired_card,1,2,8,173,3.53,card,0.2,0
pay_02693,cust_1575,478.98,insufficient_funds,1,1,5,334,2.7,netbanking,0.167,0
pay_02694,cust_1837,8771.06,bank_timeout,1,8,5,683,3.43,netbanking,0.615,1
pay_02695,cust_0970,6749.95,bank_timeout,1,16,2,477,4.67,netbanking,0.889,1
pay_02696,cust_0539,1196.83,expired_card,3,13,8,832,2.68,netbanking,0.619,0
pay_02697,cust_0325,299.96,authentication_failed,2,9,4,789,2.56,upi,0.692,0
pay_02698,cust_1588,1029.77,authentication_failed,2,18,1,936,3.59,netbanking,0.947,1
pay_02699,cust_1333,4786.9,expired_card,1,10,0,484,4.67,card,1.0,1
pay_02700,cust_1692,680.19,expired_card,0,1,8,804,3.59,upi,0.111,0
pay_02701,cust_0625,8372.71,invalid_card,2,11,2,408,1.49,upi,0.846,1
pay_02702,cust_0482,756.64,invalid_card,3,19,0,47,2.52,netbanking,1.0,1
pay_02703,cust_1168,2199.09,authentication_failed,3,14,4,974,3.63,netbanking,0.778,0
pay_02704,cust_0433,5386.09,invalid_card,1,10,5,630,1.18,card,0.667,0
pay_02705,cust_0123,478.04,invalid_card,0,4,2,532,0.82,upi,0.667,0
pay_02706,cust_1978,1125.44,insufficient_funds,1,8,1,538,4.54,netbanking,0.889,1
pay_02707,cust_0203,1728.71,expired_card,2,11,6,850,1.02,upi,0.647,0
pay_02708,cust_0504,2938.75,invalid_card,3,13,8,85,2.85,netbanking,0.619,0
pay_02709,cust_1459,426.59,authentication_failed,0,9,3,111,2.42,upi,0.75,0
pay_02710,cust_1518,472.22,authentication_failed,1,7,6,599,1.98,upi,0.538,0
pay_02711,cust_0190,9091.51,insufficient_funds,2,20,0,120,0.26,netbanking,1.0,0
pay_02712,cust_1523,2193.84,bank_timeout,0,5,6,321,0.34,card,0.455,1
pay_02713,cust_0778,9582.08,bank_timeout,0,5,0,711,3.38,upi,1.0,1
pay_02714,cust_0968,362.0,authentication_failed,1,16,4,320,4.77,netbanking,0.8,0
pay_02715,cust_1843,6169.19,bank_timeout,2,4,0,586,1.24,netbanking,1.0,1
pay_02716,cust_2100,8360.71,expired_card,2,4,6,344,1.45,upi,0.4,0
pay_02717,cust_0123,823.47,invalid_card,3,13,3,482,3.01,netbanking,0.812,0
pay_02718,cust_1341,2098.78,expired_card,1,9,6,569,2.28,netbanking,0.6,1
pay_02719,cust_0362,1767.66,bank_timeout,2,10,6,443,1.62,card,0.625,1
pay_02720,cust_0591,257.8,authentication_failed,3,8,6,429,2.15,netbanking,0.571,0
pay_02721,cust_2128,947.79,authentication_failed,1,20,2,302,1.98,card,0.909,1
pay_02722,cust_2010,4454.31,authentication_failed,0,12,1,238,2.62,upi,0.923,0
pay_02723,cust_2015,9744.67,authentication_failed,0,8,5,365,2.96,card,0.615,1
pay_02724,cust_1334,1798.39,invalid_card,3,17,0,85,4.44,netbanking,1.0,0
pay_02725,cust_1382,7459.77,invalid_card,2,19,4,249,4.84,upi,0.826,1
pay_02726,cust_0919,4787.27,expired_card,2,8,2,73,0.4,card,0.8,1
pay_02727,cust_0619,225.33,expired_card,0,7,5,114,3.19,card,0.583,0
pay_02728,cust_0380,2340.67,invalid_card,0,7,3,354,4.41,upi,0.7,0
pay_02729,cust_2242,771.17,bank_timeout,3,13,6,757,4.98,netbanking,0.684,0
pay_02730,cust_0763,2382.99,bank_timeout,1,17,1,31,2.07,card,0.944,1
pay_02731,cust_2071,2646.12,bank_timeout,0,16,4,387,2.35,card,0.8,1
pay_02732,cust_1211,1723.34,bank_timeout,0,5,5,661,3.14,upi,0.5,0
pay_02733,cust_0392,900.08,insufficient_funds,0,20,7,520,3.68,upi,0.741,1
pay_02734,cust_1501,520.03,bank_timeout,3,17,7,324,1.76,card,0.708,0
pay_02735,cust_0824,555.01,insufficient_funds,1,2,2,484,1.48,upi,0.5,0
pay_02736,cust_0357,712.07,bank_timeout,3,2,6,394,1.76,card,0.25,0
pay_02737,cust_0091,572.63,invalid_card,1,1,3,444,3.18,upi,0.25,0
pay_02738,cust_1938,423.22,expired_card,3,17,7,72,2.19,netbanking,0.708,1
pay_02739,cust_0012,294.76,authentication_failed,3,14,3,859,0.98,card,0.824,0
pay_02740,cust_0987,897.07,insufficient_funds,2,8,8,318,3.7,netbanking,0.5,0
pay_02741,cust_1310,489.5,invalid_card,2,6,2,911,0.63,netbanking,0.75,0
pay_02742,cust_2163,7783.15,authentication_failed,2,3,0,176,3.63,upi,1.0,0
pay_02743,cust_1248,2810.93,authentication_failed,0,10,1,81,3.07,netbanking,0.909,1
pay_02744,cust_0780,4569.67,bank_timeout,0,10,7,755,3.88,card,0.588,0
pay_02745,cust_1240,1105.82,insufficient_funds,2,7,7,981,2.3,upi,0.5,0
pay_02746,cust_0601,8226.09,insufficient_funds,1,10,2,595,4.5,card,0.833,1
pay_02747,cust_0918,6957.22,insufficient_funds,2,12,8,141,2.32,upi,0.6,1
pay_02748,cust_2479,518.37,authentication_failed,0,2,0,732,1.8,card,1.0,1
pay_02749,cust_1488,794.24,bank_timeout,0,15,3,940,1.94,netbanking,0.833,1
pay_02750,cust_2047,207.38,invalid_card,2,11,2,787,1.74,upi,0.846,1
pay_02751,cust_0830,6481.74,expired_card,2,12,2,920,0.16,card,0.857,1
pay_02752,cust_2204,659.85,invalid_card,1,13,0,808,0.73,card,1.0,1
pay_02753,cust_1569,435.29,insufficient_funds,1,13,0,631,3.28,card,1.0,1
pay_02754,cust_2415,3470.63,insufficient_funds,1,4,7,736,2.09,card,0.364,0
pay_02755,cust_0689,7677.62,invalid_card,3,1,1,314,3.39,upi,0.5,0
pay_02756,cust_1902,239.24,authentication_failed,3,20,6,343,2.23,upi,0.769,0
pay_02757,cust_2011,333.88,authentication_failed,1,1,5,916,4.1,card,0.167,0
pay_02758,cust_0493,9491.26,expired_card,1,11,0,79,2.53,netbanking,1.0,0
pay_02759,cust_0434,8056.63,invalid_card,2,17,1,594,0.74,card,0.944,0
pay_02760,cust_0463,2018.67,invalid_card,1,11,5,700,2.8,upi,0.688,1
pay_02761,cust_0886,360.11,bank_timeout,1,1,1,656,1.08,upi,0.5,0
pay_02762,cust_1557,4040.78,insufficient_funds,0,18,6,629,2.92,netbanking,0.75,1
pay_02763,cust_0864,3534.04,authentication_failed,0,10,6,573,0.75,card,0.625,0
pay_02764,cust_1956,617.48,insufficient_funds,2,17,7,289,2.45,card,0.708,0
pay_02765,cust_0508,778.71,expired_card,2,3,7,266,2.9,netbanking,0.3,0
pay_02766,cust_0677,6083.03,authentication_failed,2,0,3,611,3.29,upi,0.0,0
pay_02767,cust_1800,5213.54,invalid_card,3,18,1,499,1.57,netbanking,0.947,0
pay_02768,cust_0304,833.99,expired_card,0,2,5,536,1.82,card,0.286,0
pay_02769,cust_2407,241.22,bank_timeout,2,14,5,457,1.01,upi,0.737,0
pay_02770,cust_1051,5642.59,insufficient_funds,2,10,0,439,2.91,netbanking,1.0,0
pay_02771,cust_1116,267.35,insufficient_funds,0,0,4,179,4.3,netbanking,0.0,0
pay_02772,cust_2429,810.49,insufficient_funds,0,16,1,547,2.77,card,0.941,1
pay_02773,cust_1703,968.09,authentication_failed,2,14,5,245,2.69,card,0.737,0
pay_02774,cust_2060,465.32,bank_timeout,3,11,6,84,3.25,upi,0.647,0
pay_02775,cust_1688,2373.55,expired_card,2,13,2,33,4.57,upi,0.867,0
pay_02776,cust_0506,670.5,bank_timeout,1,18,4,34,2.5,netbanking,0.818,0
pay_02777,cust_0342,4933.09,insufficient_funds,2,8,7,731,0.34,netbanking,0.533,1
pay_02778,cust_0208,324.14,insufficient_funds,2,3,6,224,1.75,upi,0.333,1
pay_02779,cust_0306,880.51,bank_timeout,0,15,5,438,0.43,upi,0.75,1
pay_02780,cust_2108,211.48,authentication_failed,2,8,1,226,1.17,netbanking,0.889,1
pay_02781,cust_0808,2606.43,authentication_failed,2,13,5,595,0.67,card,0.722,1
pay_02782,cust_0406,2097.06,bank_timeout,2,18,2,204,0.52,netbanking,0.9,1
pay_02783,cust_2396,1205.19,authentication_failed,2,3,4,37,3.78,card,0.429,0
pay_02784,cust_0887,979.78,authentication_failed,2,5,6,359,0.85,card,0.455,0
pay_02785,cust_0495,447.65,bank_timeout,2,9,6,663,4.9,card,0.6,0
pay_02786,cust_2104,487.11,authentication_failed,3,5,1,283,3.34,card,0.833,0
pay_02787,cust_1873,3712.37,expired_card,0,10,3,844,0.83,upi,0.769,0
pay_02788,cust_0466,1190.11,bank_timeout,0,11,6,878,4.4,card,0.647,0
pay_02789,cust_0700,465.16,bank_timeout,2,12,2,995,2.03,card,0.857,0
pay_02790,cust_0335,1316.04,bank_timeout,1,7,8,464,2.26,upi,0.467,1
pay_02791,cust_0162,736.57,authentication_failed,3,20,6,755,2.04,netbanking,0.769,0
pay_02792,cust_1925,9268.94,invalid_card,0,1,7,695,1.76,card,0.125,0
pay_02793,cust_1197,451.85,expired_card,0,19,7,969,0.81,card,0.731,1
pay_02794,cust_1893,1552.74,insufficient_funds,1,18,2,527,4.99,upi,0.9,1
pay_02795,cust_1780,2418.45,bank_timeout,0,17,2,844,4.65,card,0.895,1
pay_02796,cust_2362,690.28,invalid_card,3,16,0,519,4.43,netbanking,1.0,0
pay_02797,cust_0163,9325.61,bank_timeout,2,18,3,102,4.12,card,0.857,0
pay_02798,cust_1747,2348.25,bank_timeout,3,1,5,37,4.09,upi,0.167,0
pay_02799,cust_0014,2445.71,authentication_failed,3,6,5,497,1.95,upi,0.545,0
pay_02800,cust_1705,410.3,expired_card,2,2,4,595,1.47,netbanking,0.333,0
pay_02801,cust_1471,2799.55,insufficient_funds,1,1,5,657,0.43,card,0.167,0
pay_02802,cust_1205,227.88,insufficient_funds,3,15,4,380,0.63,netbanking,0.789,0
pay_02803,cust_0944,1857.35,authentication_failed,2,0,4,96,2.51,card,0.0,0
pay_02804,cust_2035,4825.44,invalid_card,3,1,3,934,4.78,netbanking,0.25,0
pay_02805,cust_0707,6611.17,insufficient_funds,1,11,4,720,2.27,netbanking,0.733,0
pay_02806,cust_1312,9321.2,expired_card,3,7,7,942,4.1,netbanking,0.5,0
pay_02807,cust_0289,225.3,insufficient_funds,3,5,3,85,4.1,netbanking,0.625,0
pay_02808,cust_1370,433.44,bank_timeout,0,16,0,279,3.55,netbanking,1.0,1
pay_02809,cust_1220,363.14,bank_timeout,1,9,1,753,1.34,card,0.9,1
pay_02810,cust_2229,225.17,invalid_card,3,17,7,686,3.98,netbanking,0.708,0
pay_02811,cust_0785,254.12,bank_timeout,1,0,4,222,3.26,netbanking,0.0,1
pay_02812,cust_2030,275.74,invalid_card,0,1,0,331,4.23,upi,1.0,0
pay_02813,cust_0008,1220.94,expired_card,3,18,4,166,0.33,upi,0.818,0
pay_02814,cust_1935,998.25,authentication_failed,3,14,2,702,0.52,upi,0.875,1
pay_02815,cust_1548,8349.14,authentication_failed,3,13,7,783,2.25,upi,0.65,0
pay_02816,cust_1520,608.65,bank_timeout,0,17,3,659,2.34,netbanking,0.85,1
pay_02817,cust_0659,211.52,authentication_failed,2,10,8,449,4.65,upi,0.556,0
pay_02818,cust_0347,392.56,authentication_failed,0,15,6,827,1.63,netbanking,0.714,1
pay_02819,cust_0165,1213.78,authentication_failed,1,18,1,815,4.92,upi,0.947,1
pay_02820,cust_1333,1280.28,expired_card,1,7,2,488,0.5,netbanking,0.778,1
pay_02821,cust_2309,6615.42,invalid_card,1,1,7,680,0.47,card,0.125,0
pay_02822,cust_1455,1557.93,expired_card,2,10,3,719,1.67,netbanking,0.769,0
pay_02823,cust_1157,9572.51,invalid_card,1,20,2,848,0.62,upi,0.909,1
pay_02824,cust_0129,1279.54,insufficient_funds,2,15,1,157,3.93,netbanking,0.938,1
pay_02825,cust_1209,319.76,expired_card,0,9,8,467,2.1,card,0.529,1
pay_02826,cust_0336,628.3,expired_card,3,1,4,606,2.79,upi,0.2,0
pay_02827,cust_1926,6514.06,insufficient_funds,1,5,5,504,3.91,card,0.5,0
pay_02828,cust_1169,611.84,expired_card,3,16,7,703,4.47,upi,0.696,1
pay_02829,cust_2461,442.39,expired_card,0,14,7,669,3.01,card,0.667,1
pay_02830,cust_2049,786.13,expired_card,0,9,8,154,0.62,upi,0.529,0
pay_02831,cust_0785,755.32,bank_timeout,2,11,6,865,1.92,card,0.647,0
pay_02832,cust_2090,3564.64,insufficient_funds,1,8,3,955,3.82,card,0.727,0
pay_02833,cust_1110,5668.95,expired_card,2,6,6,171,1.64,card,0.5,1
pay_02834,cust_0635,260.65,insufficient_funds,0,20,2,58,1.96,netbanking,0.909,1
pay_02835,cust_2003,229.74,expired_card,1,2,4,301,0.9,card,0.333,0
pay_02836,cust_1737,2971.68,bank_timeout,2,4,5,823,2.18,netbanking,0.444,0
pay_02837,cust_0507,2370.15,expired_card,1,13,1,576,1.45,netbanking,0.929,1
pay_02838,cust_1350,718.86,invalid_card,1,20,5,91,2.72,netbanking,0.8,0
pay_02839,cust_1105,454.45,bank_timeout,1,6,5,598,1.92,card,0.545,0
pay_02840,cust_0943,2386.64,bank_timeout,0,10,0,978,4.05,netbanking,1.0,1
pay_02841,cust_1295,3616.12,bank_timeout,2,9,2,396,0.99,upi,0.818,0
pay_02842,cust_1939,9367.32,expired_card,1,1,4,467,1.48,netbanking,0.2,1
pay_02843,cust_0217,504.35,invalid_card,3,4,7,402,4.05,upi,0.364,0
pay_02844,cust_0852,2569.53,expired_card,3,0,1,173,0.69,netbanking,0.0,0
pay_02845,cust_1042,1720.56,bank_timeout,3,1,1,803,2.23,netbanking,0.5,0
pay_02846,cust_2350,2971.47,invalid_card,3,18,2,436,4.77,card,0.9,1
pay_02847,cust_1477,945.49,insufficient_funds,3,1,3,164,1.92,netbanking,0.25,0
pay_02848,cust_0947,2553.2,expired_card,3,17,5,189,3.46,card,0.773,0
pay_02849,cust_0995,9371.38,expired_card,2,19,5,758,3.15,upi,0.792,1
pay_02850,cust_1870,418.91,invalid_card,2,4,7,776,0.62,netbanking,0.364,0
pay_02851,cust_0937,572.39,bank_timeout,1,12,2,517,2.0,netbanking,0.857,1
pay_02852,cust_1891,2420.27,insufficient_funds,3,10,5,131,0.5,upi,0.667,1
pay_02853,cust_2263,2913.05,insufficient_funds,1,17,2,68,2.44,card,0.895,1
pay_02854,cust_1196,668.92,invalid_card,3,15,4,216,1.11,upi,0.789,1
pay_02855,cust_0861,4604.43,bank_timeout,1,14,8,251,3.08,netbanking,0.636,1
pay_02856,cust_2370,911.61,invalid_card,3,14,2,99,1.36,card,0.875,1
pay_02857,cust_1030,9139.58,expired_card,3,2,5,954,1.85,card,0.286,0
pay_02858,cust_1019,513.15,insufficient_funds,3,7,0,711,4.07,netbanking,1.0,0
pay_02859,cust_1481,810.73,insufficient_funds,3,6,4,993,0.52,card,0.6,0
pay_02860,cust_1276,4119.2,expired_card,0,16,2,451,2.77,netbanking,0.889,0
pay_02861,cust_0076,3192.61,insufficient_funds,0,16,4,385,0.98,card,0.8,0
pay_02862,cust_2443,849.14,bank_timeout,0,10,8,768,2.38,card,0.556,1
pay_02863,cust_1437,680.03,bank_timeout,0,13,0,937,3.06,card,1.0,0
pay_02864,cust_0275,338.46,bank_timeout,0,14,8,670,2.78,card,0.636,0
pay_02865,cust_2022,2561.96,insufficient_funds,2,18,1,340,1.74,netbanking,0.947,1
pay_02866,cust_1216,4736.51,authentication_failed,3,4,7,212,2.56,upi,0.364,0
pay_02867,cust_1390,230.32,expired_card,2,10,0,728,4.78,card,1.0,0
pay_02868,cust_1062,572.97,expired_card,1,18,4,139,2.19,netbanking,0.818,1
pay_02869,cust_1547,9259.95,authentication_failed,2,17,5,487,1.43,netbanking,0.773,0
pay_02870,cust_0309,8676.51,invalid_card,1,13,4,123,2.57,netbanking,0.765,0
pay_02871,cust_0968,5218.9,invalid_card,0,5,4,618,1.14,card,0.556,1
pay_02872,cust_0449,632.72,expired_card,3,17,0,306,2.26,card,1.0,1
pay_02873,cust_1200,5411.58,expired_card,1,13,2,805,0.35,upi,0.867,0
pay_02874,cust_0904,1317.91,invalid_card,1,11,6,942,2.47,card,0.647,1
pay_02875,cust_0757,1498.09,invalid_card,2,18,1,406,1.25,netbanking,0.947,1
pay_02876,cust_1250,253.49,expired_card,1,13,0,744,4.77,upi,1.0,1
pay_02877,cust_0127,954.11,invalid_card,1,4,8,360,2.23,upi,0.333,0
pay_02878,cust_2196,9012.95,insufficient_funds,3,1,6,75,0.22,netbanking,0.143,0
pay_02879,cust_1116,4677.05,insufficient_funds,2,18,1,777,4.35,card,0.947,0
pay_02880,cust_2000,5712.25,insufficient_funds,3,7,8,962,3.54,netbanking,0.467,0
pay_02881,cust_1789,6345.59,expired_card,2,8,5,883,2.56,card,0.615,1
pay_02882,cust_1758,2519.87,insufficient_funds,1,15,8,400,4.42,upi,0.652,0
pay_02883,cust_0261,862.17,invalid_card,2,18,2,114,3.2,card,0.9,0
pay_02884,cust_0559,609.18,insufficient_funds,0,0,7,745,4.13,upi,0.0,1
pay_02885,cust_0867,2391.38,authentication_failed,2,13,7,975,4.0,upi,0.65,0
pay_02886,cust_0292,8137.88,invalid_card,0,9,5,457,2.79,upi,0.643,0
pay_02887,cust_0945,1803.34,expired_card,3,15,7,799,4.09,upi,0.682,0
pay_02888,cust_1526,9028.43,invalid_card,2,4,0,542,3.39,card,1.0,0
pay_02889,cust_1401,1871.14,bank_timeout,3,11,0,324,2.91,card,1.0,0
pay_02890,cust_2201,764.08,invalid_card,2,8,2,200,0.12,upi,0.8,0
pay_02891,cust_0316,776.45,authentication_failed,3,7,8,472,3.95,netbanking,0.467,0
pay_02892,cust_1129,5136.72,bank_timeout,0,7,2,849,4.35,netbanking,0.778,1
pay_02893,cust_1053,596.8,bank_timeout,0,3,1,850,4.36,card,0.75,0
pay_02894,cust_1077,1502.93,authentication_failed,2,11,2,743,1.52,upi,0.846,1
pay_02895,cust_0629,4349.81,expired_card,3,16,3,354,0.46,upi,0.842,0
pay_02896,cust_1856,486.29,bank_timeout,2,12,6,965,3.13,upi,0.667,0
pay_02897,cust_1014,2681.1,authentication_failed,2,2,7,699,2.72,upi,0.222,0
pay_02898,cust_0577,297.11,invalid_card,2,13,4,679,2.41,card,0.765,1
pay_02899,cust_0689,2769.77,bank_timeout,2,3,7,634,2.34,upi,0.3,1
pay_02900,cust_1779,343.42,insufficient_funds,3,2,0,725,3.95,card,1.0,1
pay_02901,cust_1282,869.86,authentication_failed,3,5,1,967,0.73,netbanking,0.833,0
pay_02902,cust_1497,9292.36,bank_timeout,2,13,2,184,0.27,upi,0.867,1
pay_02903,cust_1601,703.61,expired_card,1,9,3,779,0.74,card,0.75,1
pay_02904,cust_0526,836.12,insufficient_funds,3,10,5,997,4.29,netbanking,0.667,0
pay_02905,cust_2159,532.71,expired_card,2,6,5,80,2.49,netbanking,0.545,0
pay_02906,cust_1512,976.43,bank_timeout,0,18,7,55,0.78,netbanking,0.72,1
pay_02907,cust_1106,200.17,invalid_card,0,17,2,271,3.42,upi,0.895,1
pay_02908,cust_0990,564.48,invalid_card,2,10,4,481,2.05,upi,0.714,1
pay_02909,cust_1793,2893.08,authentication_failed,2,14,1,214,4.55,card,0.933,0
pay_02910,cust_1665,669.45,authentication_failed,1,14,0,882,0.78,upi,1.0,0
pay_02911,cust_0283,965.93,bank_timeout,0,13,2,513,3.13,netbanking,0.867,1
pay_02912,cust_2211,1660.79,invalid_card,1,6,1,881,0.74,upi,0.857,1
pay_02913,cust_2473,458.37,bank_timeout,2,19,3,610,3.51,upi,0.864,1
pay_02914,cust_1486,833.31,insufficient_funds,0,13,2,211,0.26,netbanking,0.867,1
pay_02915,cust_1604,455.91,expired_card,1,12,4,927,1.16,upi,0.75,0
pay_02916,cust_1094,8446.18,authentication_failed,2,4,2,736,3.82,card,0.667,0
pay_02917,cust_0031,9438.02,invalid_card,1,10,2,502,2.59,netbanking,0.833,0
pay_02918,cust_2078,5236.93,insufficient_funds,1,6,8,798,1.92,card,0.429,1
pay_02919,cust_0162,793.41,bank_timeout,3,20,7,984,2.29,upi,0.741,1
pay_02920,cust_1355,1825.96,invalid_card,0,7,4,310,4.04,netbanking,0.636,1
pay_02921,cust_0888,5475.6,authentication_failed,0,10,4,796,2.11,upi,0.714,1
pay_02922,cust_0823,298.87,authentication_failed,0,15,6,612,3.41,upi,0.714,0
pay_02923,cust_1471,5858.31,insufficient_funds,1,7,7,791,1.64,card,0.5,1
pay_02924,cust_0747,697.19,insufficient_funds,1,5,2,363,0.55,card,0.714,1
pay_02925,cust_1088,739.5,invalid_card,1,7,7,436,2.12,netbanking,0.5,0
pay_02926,cust_1119,571.82,authentication_failed,0,17,1,255,3.97,upi,0.944,1
pay_02927,cust_0636,779.22,expired_card,1,9,3,650,0.85,netbanking,0.75,1
pay_02928,cust_2488,2431.88,authentication_failed,1,17,4,56,2.36,upi,0.81,1
pay_02929,cust_1772,402.06,authentication_failed,1,9,7,442,2.34,upi,0.562,1
pay_02930,cust_0099,5174.62,invalid_card,3,19,4,734,2.85,upi,0.826,1
pay_02931,cust_1768,2359.33,bank_timeout,3,16,2,929,3.44,netbanking,0.889,0
pay_02932,cust_1459,1653.63,invalid_card,3,5,6,419,2.87,card,0.455,0
pay_02933,cust_0600,955.64,invalid_card,2,13,8,869,3.62,card,0.619,0
pay_02934,cust_0679,527.37,bank_timeout,2,13,6,437,0.62,upi,0.684,0
pay_02935,cust_1448,229.04,authentication_failed,3,16,6,202,2.56,card,0.727,0
pay_02936,cust_2249,6651.92,authentication_failed,2,8,4,940,0.19,card,0.667,1
pay_02937,cust_1007,2299.37,insufficient_funds,3,19,5,457,4.02,netbanking,0.792,0
pay_02938,cust_0941,636.26,bank_timeout,1,17,0,154,2.04,card,1.0,1
pay_02939,cust_0781,709.99,invalid_card,1,20,8,856,0.11,upi,0.714,0
pay_02940,cust_0647,1153.48,bank_timeout,0,20,2,276,2.94,card,0.909,1
pay_02941,cust_1491,8695.01,bank_timeout,0,9,0,637,2.81,netbanking,1.0,1
pay_02942,cust_0326,6844.3,invalid_card,0,3,2,667,1.8,card,0.6,0
pay_02943,cust_0075,8412.21,expired_card,0,0,0,736,0.62,upi,0.0,1
pay_02944,cust_2384,1158.29,bank_timeout,2,9,8,274,1.36,card,0.529,0
pay_02945,cust_0896,434.25,expired_card,3,9,6,663,0.66,upi,0.6,0
pay_02946,cust_1906,491.91,bank_timeout,1,17,2,957,0.26,upi,0.895,1
pay_02947,cust_1043,214.97,authentication_failed,1,9,1,213,4.2,netbanking,0.9,1
pay_02948,cust_0688,832.37,bank_timeout,0,17,3,172,3.45,upi,0.85,1
pay_02949,cust_1435,255.07,bank_timeout,1,3,1,477,2.39,card,0.75,1
pay_02950,cust_1419,582.65,invalid_card,0,3,1,440,2.29,upi,0.75,0
pay_02951,cust_0454,8561.86,bank_timeout,0,5,5,128,1.73,netbanking,0.5,0
pay_02952,cust_2078,318.09,bank_timeout,0,19,4,115,2.47,card,0.826,1
pay_02953,cust_1385,1565.54,bank_timeout,2,2,0,710,1.78,card,1.0,1
pay_02954,cust_1833,659.54,authentication_failed,3,15,7,93,1.24,upi,0.682,0
pay_02955,cust_2034,350.26,authentication_failed,1,0,7,432,1.44,netbanking,0.0,0
pay_02956,cust_1205,448.23,insufficient_funds,1,14,2,495,3.24,upi,0.875,1
pay_02957,cust_1814,271.71,authentication_failed,1,0,5,140,0.54,card,0.0,0
pay_02958,cust_0646,9266.84,authentication_failed,0,19,0,402,0.24,card,1.0,1
pay_02959,cust_1241,1132.22,invalid_card,0,14,0,714,2.03,card,1.0,0
pay_02960,cust_2215,6048.98,bank_timeout,0,5,4,879,0.37,netbanking,0.556,0
pay_02961,cust_2475,816.73,authentication_failed,0,18,0,965,0.71,netbanking,1.0,1
pay_02962,cust_1124,8569.3,invalid_card,3,2,5,162,1.41,upi,0.286,0
pay_02963,cust_1635,420.34,invalid_card,2,10,1,984,4.51,upi,0.909,0
pay_02964,cust_1912,426.51,expired_card,2,7,4,492,2.57,netbanking,0.636,1
pay_02965,cust_0665,827.9,insufficient_funds,2,20,2,574,1.41,netbanking,0.909,1
pay_02966,cust_2311,891.14,invalid_card,1,6,5,747,2.42,card,0.545,0
pay_02967,cust_0066,949.67,authentication_failed,3,13,3,761,3.07,netbanking,0.812,0
pay_02968,cust_2165,4865.7,bank_timeout,1,10,6,845,3.42,netbanking,0.625,1
pay_02969,cust_0537,6869.45,invalid_card,1,15,3,371,4.87,card,0.833,0
pay_02970,cust_0925,927.59,insufficient_funds,3,13,3,281,1.42,card,0.812,0
pay_02971,cust_0243,844.89,expired_card,2,5,6,246,2.07,netbanking,0.455,0
pay_02972,cust_2164,365.98,expired_card,2,11,5,848,3.61,upi,0.688,1
pay_02973,cust_1256,260.02,invalid_card,2,18,4,330,4.96,upi,0.818,0
pay_02974,cust_1362,2529.85,bank_timeout,2,12,3,547,0.64,netbanking,0.8,1
pay_02975,cust_1504,1245.91,invalid_card,1,8,6,325,0.97,netbanking,0.571,0
pay_02976,cust_2443,994.36,expired_card,3,11,1,398,1.28,card,0.917,0
pay_02977,cust_0009,217.35,authentication_failed,2,15,2,969,3.47,card,0.882,1
pay_02978,cust_0961,2624.72,expired_card,1,2,0,771,2.57,netbanking,1.0,1
pay_02979,cust_0575,4670.05,authentication_failed,3,5,4,240,3.75,netbanking,0.556,0
pay_02980,cust_0291,5944.61,insufficient_funds,0,12,6,278,3.77,netbanking,0.667,1
pay_02981,cust_1268,381.14,authentication_failed,0,12,5,39,2.18,upi,0.706,1
pay_02982,cust_1091,674.65,expired_card,1,6,1,455,0.32,card,0.857,0
pay_02983,cust_1042,4155.24,authentication_failed,1,3,2,91,2.82,card,0.6,0
pay_02984,cust_0328,278.28,invalid_card,3,12,7,547,4.39,netbanking,0.632,0
pay_02985,cust_0672,1134.83,bank_timeout,3,0,7,258,4.23,upi,0.0,0
pay_02986,cust_0695,2833.8,authentication_failed,1,16,5,787,3.03,upi,0.762,1
pay_02987,cust_2457,986.67,invalid_card,1,18,3,59,1.77,netbanking,0.857,0
pay_02988,cust_2044,734.15,invalid_card,3,0,7,349,3.63,upi,0.0,0
pay_02989,cust_0409,211.11,expired_card,2,7,0,272,1.77,card,1.0,1
pay_02990,cust_1777,8371.72,authentication_failed,3,13,0,905,3.13,netbanking,1.0,1
pay_02991,cust_0867,5749.18,expired_card,1,2,0,120,2.55,card,1.0,1
pay_02992,cust_0531,1759.0,insufficient_funds,0,4,4,383,2.95,netbanking,0.5,1
pay_02993,cust_0250,4638.7,expired_card,2,5,4,686,1.3,card,0.556,0
pay_02994,cust_1857,8759.88,expired_card,3,7,7,926,4.31,upi,0.5,0
pay_02995,cust_2295,898.65,expired_card,1,5,5,990,4.11,card,0.5,1
pay_02996,cust_2257,447.83,insufficient_funds,3,10,2,902,0.87,netbanking,0.833,1
pay_02997,cust_1968,4915.98,expired_card,1,19,6,538,1.35,card,0.76,1
pay_02998,cust_2396,781.31,authentication_failed,2,1,7,30,0.39,upi,0.125,0
pay_02999,cust_1075,2428.28,bank_timeout,2,15,5,256,4.2,upi,0.75,0
pay_03000,cust_2226,9590.18,invalid_card,1,10,2,659,1.49,netbanking,0.833,0
pay_03001,cust_0289,292.69,authentication_failed,1,0,6,839,1.31,upi,0.0,0
pay_03002,cust_1080,6486.76,bank_timeout,1,16,2,696,1.97,upi,0.889,1
pay_03003,cust_1431,497.98,expired_card,0,15,1,853,4.43,card,0.938,0
pay_03004,cust_1576,622.36,insufficient_funds,2,9,4,118,2.69,netbanking,0.692,0
pay_03005,cust_1235,825.69,insufficient_funds,1,2,3,512,4.56,netbanking,0.4,1
pay_03006,cust_2214,579.01,invalid_card,3,15,7,831,2.37,upi,0.682,1
pay_03007,cust_0984,2907.31,expired_card,2,19,0,243,1.33,upi,1.0,0
pay_03008,cust_2066,2720.87,insufficient_funds,0,4,6,669,1.1,card,0.4,0
pay_03009,cust_1291,617.28,bank_timeout,1,6,1,240,1.89,netbanking,0.857,1
pay_03010,cust_0287,292.4,invalid_card,1,12,4,47,2.22,card,0.75,0
pay_03011,cust_1731,203.26,expired_card,3,13,2,139,4.67,upi,0.867,1
pay_03012,cust_1721,780.68,invalid_card,3,7,0,208,2.96,netbanking,1.0,0
pay_03013,cust_0220,663.27,insufficient_funds,1,11,8,664,1.11,card,0.579,1
pay_03014,cust_1893,429.52,authentication_failed,2,19,5,114,1.98,netbanking,0.792,0
pay_03015,cust_1368,2413.03,invalid_card,2,9,6,287,3.86,netbanking,0.6,0
pay_03016,cust_0592,1060.31,bank_timeout,1,16,6,537,2.74,upi,0.727,0
pay_03017,cust_1353,6514.24,invalid_card,2,1,1,944,3.46,netbanking,0.5,0
pay_03018,cust_1540,521.7,invalid_card,1,20,5,955,0.32,upi,0.8,0
pay_03019,cust_0526,471.28,invalid_card,0,20,7,277,1.42,upi,0.741,1
pay_03020,cust_1735,1826.8,insufficient_funds,3,18,2,851,3.46,netbanking,0.9,1
pay_03021,cust_0360,8900.38,expired_card,1,16,3,920,0.71,upi,0.842,1
pay_03022,cust_2301,425.33,expired_card,0,13,6,563,4.68,netbanking,0.684,0
pay_03023,cust_0288,5275.38,invalid_card,3,13,8,626,4.47,card,0.619,1
pay_03024,cust_0177,5715.68,insufficient_funds,2,10,1,742,2.13,upi,0.909,0
pay_03025,cust_0294,792.92,expired_card,0,16,2,412,2.04,upi,0.889,0
pay_03026,cust_1656,7488.03,authentication_failed,2,17,6,623,2.48,upi,0.739,0
pay_03027,cust_1246,7391.68,bank_timeout,3,7,0,385,0.89,card,1.0,1
pay_03028,cust_0209,602.23,bank_timeout,0,13,4,166,1.25,upi,0.765,1
pay_03029,cust_0494,239.24,insufficient_funds,3,6,1,801,3.07,upi,0.857,1
pay_03030,cust_2338,446.65,authentication_failed,2,7,6,34,2.16,upi,0.538,0
pay_03031,cust_0615,506.02,expired_card,3,11,6,665,3.68,upi,0.647,0
pay_03032,cust_0681,2599.97,insufficient_funds,0,6,2,510,1.1,netbanking,0.75,0
pay_03033,cust_0893,2047.0,invalid_card,2,4,3,835,1.77,card,0.571,0
pay_03034,cust_1693,777.84,authentication_failed,3,18,5,547,3.36,card,0.783,0
pay_03035,cust_1692,488.98,insufficient_funds,1,16,1,507,2.47,card,0.941,1
pay_03036,cust_2470,5966.87,bank_timeout,2,15,2,549,0.46,upi,0.882,0
pay_03037,cust_1009,1652.41,insufficient_funds,1,15,0,764,0.95,card,1.0,1
pay_03038,cust_2463,995.59,expired_card,1,3,3,189,3.58,netbanking,0.5,0
pay_03039,cust_1405,5309.83,insufficient_funds,2,1,3,85,1.91,netbanking,0.25,0
pay_03040,cust_2054,3880.49,expired_card,2,19,4,844,2.75,card,0.826,0
pay_03041,cust_0296,579.83,authentication_failed,1,0,1,365,0.69,netbanking,0.0,1
pay_03042,cust_2405,3624.69,insufficient_funds,2,14,6,889,1.8,upi,0.7,1
pay_03043,cust_2082,9625.82,insufficient_funds,2,8,0,940,4.3,netbanking,1.0,0
pay_03044,cust_0537,780.39,expired_card,2,14,7,883,4.06,netbanking,0.667,0
pay_03045,cust_1677,9428.98,expired_card,2,0,0,754,4.48,netbanking,0.0,0
pay_03046,cust_0371,796.57,bank_timeout,2,18,3,422,4.05,card,0.857,0
pay_03047,cust_0480,6217.26,invalid_card,2,7,6,65,3.56,card,0.538,0
pay_03048,cust_2019,996.63,insufficient_funds,1,17,8,132,4.72,card,0.68,0
pay_03049,cust_0647,5771.73,invalid_card,3,5,0,234,3.27,card,1.0,0
pay_03050,cust_0916,1447.35,invalid_card,0,14,1,623,3.18,upi,0.933,1
pay_03051,cust_0011,829.02,authentication_failed,3,15,0,355,1.38,upi,1.0,1
pay_03052,cust_1846,259.37,authentication_failed,2,8,6,945,2.79,netbanking,0.571,0
pay_03053,cust_2182,2436.64,authentication_failed,3,17,1,89,4.26,netbanking,0.944,0
pay_03054,cust_1354,8604.83,invalid_card,2,8,7,826,2.59,card,0.533,0
pay_03055,cust_0200,404.93,expired_card,0,10,7,817,3.69,upi,0.588,0
pay_03056,cust_0168,206.67,invalid_card,2,8,6,481,4.6,card,0.571,0
pay_03057,cust_0950,863.5,authentication_failed,0,17,4,137,1.13,netbanking,0.81,0
pay_03058,cust_2353,972.21,bank_timeout,1,0,5,330,0.72,card,0.0,0
pay_03059,cust_2219,390.22,insufficient_funds,0,6,5,645,1.57,card,0.545,1
pay_03060,cust_0059,582.86,expired_card,3,19,0,776,3.45,netbanking,1.0,0
pay_03061,cust_0572,5930.75,invalid_card,0,20,6,881,0.91,upi,0.769,0
pay_03062,cust_2145,659.77,expired_card,1,18,7,593,1.17,card,0.72,0
pay_03063,cust_1889,285.03,authentication_failed,3,7,2,737,3.81,card,0.778,0
pay_03064,cust_0838,935.43,invalid_card,1,16,2,928,0.12,upi,0.889,0
pay_03065,cust_0502,654.15,bank_timeout,0,15,8,454,0.38,card,0.652,0
pay_03066,cust_1793,702.59,authentication_failed,1,1,3,90,4.62,netbanking,0.25,0
pay_03067,cust_2174,490.04,expired_card,1,7,0,244,2.15,netbanking,1.0,0
pay_03068,cust_1549,764.4,expired_card,3,5,6,361,1.77,netbanking,0.455,0
pay_03069,cust_1907,8889.85,expired_card,2,3,4,353,1.22,netbanking,0.429,0
pay_03070,cust_1460,2437.63,authentication_failed,1,10,2,767,2.15,netbanking,0.833,1
pay_03071,cust_2473,371.03,insufficient_funds,2,13,7,944,1.32,card,0.65,1
pay_03072,cust_0952,5994.35,invalid_card,2,1,6,798,4.34,card,0.143,0
pay_03073,cust_2180,201.77,authentication_failed,2,13,5,749,0.4,card,0.722,1
pay_03074,cust_1987,1103.19,expired_card,1,7,3,826,2.75,upi,0.7,0
pay_03075,cust_0618,2770.59,invalid_card,2,2,5,914,4.42,card,0.286,0
pay_03076,cust_1382,7465.14,bank_timeout,0,20,3,853,0.91,netbanking,0.87,1
pay_03077,cust_1104,6247.45,insufficient_funds,3,5,8,961,3.2,netbanking,0.385,0
pay_03078,cust_2376,978.33,bank_timeout,3,0,3,730,2.83,netbanking,0.0,1
pay_03079,cust_1144,7864.75,authentication_failed,1,3,2,213,3.65,card,0.6,1
pay_03080,cust_1150,896.3,bank_timeout,0,12,2,386,1.28,netbanking,0.857,1
pay_03081,cust_2375,2821.96,expired_card,0,17,2,355,2.74,upi,0.895,1
pay_03082,cust_2171,465.35,bank_timeout,3,7,0,237,4.53,upi,1.0,1
pay_03083,cust_0650,350.53,expired_card,3,11,7,132,2.19,upi,0.611,0
pay_03084,cust_2064,1278.42,insufficient_funds,3,5,8,447,4.55,netbanking,0.385,0
pay_03085,cust_1286,314.78,authentication_failed,1,6,0,620,0.93,netbanking,1.0,1
pay_03086,cust_1481,2195.37,invalid_card,1,12,3,109,2.04,upi,0.8,0
pay_03087,cust_1000,776.5,invalid_card,0,7,3,747,4.46,card,0.7,0
pay_03088,cust_1277,8479.44,expired_card,0,20,1,473,4.05,netbanking,0.952,0
pay_03089,cust_0982,275.24,bank_timeout,0,3,6,451,1.25,card,0.333,1
pay_03090,cust_1538,2941.22,expired_card,0,9,0,576,3.21,upi,1.0,0
pay_03091,cust_1859,2901.69,insufficient_funds,0,16,4,569,2.19,card,0.8,1
pay_03092,cust_0150,313.79,bank_timeout,0,9,6,635,0.19,upi,0.6,0
pay_03093,cust_0426,331.66,invalid_card,2,8,1,54,2.14,card,0.889,1
pay_03094,cust_2014,643.66,bank_timeout,3,11,0,925,0.97,card,1.0,1
pay_03095,cust_1122,2049.14,expired_card,3,2,1,687,4.63,card,0.667,0
pay_03096,cust_1901,425.78,expired_card,0,13,6,485,0.56,netbanking,0.684,1
pay_03097,cust_2216,8432.65,insufficient_funds,3,18,5,395,1.35,upi,0.783,0
pay_03098,cust_0271,2731.87,authentication_failed,1,0,2,549,4.8,card,0.0,1
pay_03099,cust_2249,1361.81,bank_timeout,3,12,8,33,0.69,card,0.6,1
pay_03100,cust_0647,1667.99,insufficient_funds,1,4,4,797,4.6,upi,0.5,0
pay_03101,cust_0260,799.79,expired_card,1,15,4,644,2.05,card,0.789,0
pay_03102,cust_0623,1460.48,insufficient_funds,1,15,6,393,1.36,netbanking,0.714,1
pay_03103,cust_2442,2685.11,authentication_failed,1,7,0,565,2.11,card,1.0,0
pay_03104,cust_1044,643.45,authentication_failed,0,16,5,861,0.2,netbanking,0.762,1
pay_03105,cust_0235,425.18,expired_card,0,10,1,600,0.71,netbanking,0.909,1
pay_03106,cust_0866,1118.65,expired_card,3,18,3,611,0.63,upi,0.857,0
pay_03107,cust_0294,340.5,bank_timeout,2,11,6,570,3.43,netbanking,0.647,0
pay_03108,cust_2065,5306.55,bank_timeout,2,8,6,444,1.95,upi,0.571,0
pay_03109,cust_0021,1756.51,invalid_card,0,4,0,601,0.62,upi,1.0,1
pay_03110,cust_0007,1421.2,bank_timeout,2,0,4,251,2.95,netbanking,0.0,1
pay_03111,cust_1496,1791.45,invalid_card,2,4,6,458,2.85,upi,0.4,0
pay_03112,cust_2290,5991.05,invalid_card,0,14,5,183,1.38,netbanking,0.737,0
pay_03113,cust_2268,668.81,authentication_failed,1,19,3,41,1.13,netbanking,0.864,0
pay_03114,cust_1466,9176.42,insufficient_funds,2,6,2,644,4.05,netbanking,0.75,1
pay_03115,cust_1917,2729.29,authentication_failed,3,9,7,366,1.43,netbanking,0.562,0
pay_03116,cust_2005,1898.61,authentication_failed,0,18,6,499,2.72,netbanking,0.75,1
pay_03117,cust_2471,9020.45,invalid_card,3,3,0,709,1.08,card,1.0,0
pay_03118,cust_1028,205.37,insufficient_funds,0,9,1,752,3.4,netbanking,0.9,1
pay_03119,cust_1286,818.92,insufficient_funds,3,14,1,723,3.62,netbanking,0.933,1
pay_03120,cust_2361,4267.09,bank_timeout,0,3,0,300,2.74,upi,1.0,0
pay_03121,cust_1360,330.9,bank_timeout,2,15,2,592,4.18,upi,0.882,1
pay_03122,cust_2267,3823.56,authentication_failed,2,20,2,294,2.93,netbanking,0.909,0
pay_03123,cust_2386,218.19,expired_card,2,11,3,506,3.59,netbanking,0.786,0
pay_03124,cust_0253,410.85,authentication_failed,2,18,6,535,0.21,upi,0.75,1
pay_03125,cust_0505,329.56,expired_card,2,0,0,90,3.76,netbanking,0.0,1
pay_03126,cust_1114,209.86,insufficient_funds,3,9,0,485,3.87,netbanking,1.0,0
pay_03127,cust_2488,2047.59,expired_card,3,6,4,294,4.97,card,0.6,0
pay_03128,cust_1989,371.72,authentication_failed,1,13,6,676,4.14,upi,0.684,0
pay_03129,cust_1318,6560.6,authentication_failed,1,15,1,962,0.39,netbanking,0.938,0
pay_03130,cust_1322,255.25,invalid_card,3,14,1,601,1.69,netbanking,0.933,0
pay_03131,cust_1644,199.61,expired_card,1,11,6,842,0.39,card,0.647,1
pay_03132,cust_1203,5777.52,invalid_card,1,15,0,478,0.64,upi,1.0,0
pay_03133,cust_0638,463.4,invalid_card,1,10,0,450,4.38,upi,1.0,0
pay_03134,cust_1211,252.53,expired_card,0,15,6,502,2.05,card,0.714,1
pay_03135,cust_0688,718.76,insufficient_funds,1,18,1,356,2.6,upi,0.947,1
pay_03136,cust_1725,1670.59,invalid_card,1,20,0,728,1.1,upi,1.0,1
pay_03137,cust_0088,1640.22,insufficient_funds,1,12,1,273,1.36,netbanking,0.923,1
pay_03138,cust_1931,266.93,invalid_card,3,13,6,360,1.5,upi,0.684,0
pay_03139,cust_0018,296.3,invalid_card,2,7,5,259,3.54,netbanking,0.583,1
pay_03140,cust_2051,1932.26,authentication_failed,1,16,0,370,2.32,card,1.0,1
pay_03141,cust_0766,8999.95,expired_card,2,11,2,448,0.64,upi,0.846,1
pay_03142,cust_0489,7658.49,insufficient_funds,1,19,5,66,2.85,upi,0.792,1
pay_03143,cust_2178,898.12,expired_card,3,20,2,985,4.67,netbanking,0.909,1
pay_03144,cust_2300,318.14,insufficient_funds,1,10,5,94,1.89,upi,0.667,0
pay_03145,cust_1977,2744.24,insufficient_funds,1,15,8,286,2.98,netbanking,0.652,0
pay_03146,cust_0893,1908.23,expired_card,0,2,7,463,3.47,netbanking,0.222,0
pay_03147,cust_0459,5776.58,insufficient_funds,1,13,5,284,0.84,upi,0.722,1
pay_03148,cust_0579,9150.34,insufficient_funds,0,0,1,306,2.69,netbanking,0.0,0
pay_03149,cust_0443,1144.53,insufficient_funds,2,7,7,816,3.98,netbanking,0.5,0
pay_03150,cust_1238,365.14,bank_timeout,0,15,3,38,3.67,upi,0.833,1
pay_03151,cust_2135,454.5,expired_card,0,17,1,304,0.18,netbanking,0.944,1
pay_03152,cust_0888,283.79,insufficient_funds,3,7,5,686,2.64,upi,0.583,0
pay_03153,cust_1770,442.11,bank_timeout,0,13,6,612,1.59,card,0.684,1
pay_03154,cust_0091,1150.1,invalid_card,3,8,2,547,0.66,upi,0.8,1
pay_03155,cust_1421,4110.69,expired_card,2,18,5,643,0.47,netbanking,0.783,0
pay_03156,cust_0706,315.64,expired_card,3,11,6,733,1.83,netbanking,0.647,0
pay_03157,cust_0492,426.7,bank_timeout,2,18,5,899,0.38,card,0.783,1
pay_03158,cust_0964,477.14,invalid_card,2,1,8,424,0.81,upi,0.111,0
pay_03159,cust_2309,594.83,insufficient_funds,1,8,8,969,2.5,upi,0.5,0
pay_03160,cust_1044,1197.38,expired_card,2,10,8,436,0.68,upi,0.556,0
pay_03161,cust_0055,405.35,authentication_failed,2,8,4,890,0.79,card,0.667,0
pay_03162,cust_1941,676.08,insufficient_funds,3,11,6,657,1.06,upi,0.647,0
pay_03163,cust_1518,9662.16,bank_timeout,1,13,8,271,0.51,card,0.619,1
pay_03164,cust_0713,1508.38,expired_card,3,17,0,194,4.53,netbanking,1.0,0
pay_03165,cust_0550,467.21,invalid_card,2,11,0,166,3.77,card,1.0,1
pay_03166,cust_2341,2553.11,insufficient_funds,2,7,1,61,3.74,netbanking,0.875,0
pay_03167,cust_0763,6699.59,invalid_card,0,13,6,685,2.48,netbanking,0.684,0
pay_03168,cust_1053,340.21,insufficient_funds,0,9,0,594,1.23,netbanking,1.0,0
pay_03169,cust_1026,273.07,authentication_failed,3,15,5,689,1.19,upi,0.75,1
pay_03170,cust_1158,661.93,bank_timeout,1,11,7,518,2.31,upi,0.611,1
pay_03171,cust_0744,625.87,insufficient_funds,2,5,1,132,4.68,netbanking,0.833,1
pay_03172,cust_1155,715.56,authentication_failed,3,17,7,585,4.18,card,0.708,0
pay_03173,cust_1220,2515.48,invalid_card,1,11,8,840,3.01,upi,0.579,0
pay_03174,cust_1832,527.93,authentication_failed,2,7,2,690,3.23,card,0.778,1
pay_03175,cust_0616,3568.42,invalid_card,2,13,7,690,2.32,netbanking,0.65,0
pay_03176,cust_0280,6041.19,insufficient_funds,2,19,4,828,3.22,card,0.826,1
pay_03177,cust_2400,6921.37,bank_timeout,2,20,0,119,3.13,card,1.0,1
pay_03178,cust_1887,743.22,authentication_failed,3,11,4,814,4.8,netbanking,0.733,0
pay_03179,cust_2022,784.53,bank_timeout,0,17,1,53,3.97,card,0.944,0
pay_03180,cust_0400,421.71,invalid_card,2,2,5,530,1.68,card,0.286,0
pay_03181,cust_1394,8327.31,invalid_card,0,16,0,31,3.59,card,1.0,0
pay_03182,cust_1447,741.39,invalid_card,2,18,6,463,1.81,netbanking,0.75,1
pay_03183,cust_0527,1396.55,insufficient_funds,0,18,7,189,3.74,upi,0.72,1
pay_03184,cust_0262,608.35,expired_card,3,14,5,721,2.29,card,0.737,0
pay_03185,cust_1983,606.13,invalid_card,3,10,0,241,3.36,upi,1.0,1
pay_03186,cust_0038,288.87,invalid_card,0,20,2,918,2.6,upi,0.909,0
pay_03187,cust_1692,2152.27,invalid_card,3,19,7,882,3.38,upi,0.731,0
pay_03188,cust_1944,244.47,bank_timeout,1,11,6,463,2.55,upi,0.647,1
pay_03189,cust_1004,866.94,invalid_card,2,4,5,363,2.71,netbanking,0.444,0
pay_03190,cust_1556,345.89,insufficient_funds,3,5,8,735,1.2,netbanking,0.385,0
pay_03191,cust_2439,9630.06,insufficient_funds,3,2,4,654,3.52,card,0.333,1
pay_03192,cust_2489,3751.11,bank_timeout,2,12,4,291,1.19,upi,0.75,1
pay_03193,cust_0157,5357.92,bank_timeout,0,20,6,235,2.01,card,0.769,1
pay_03194,cust_0484,436.76,invalid_card,3,20,0,922,1.57,netbanking,1.0,0
pay_03195,cust_2054,602.04,invalid_card,1,19,6,403,4.66,netbanking,0.76,0
pay_03196,cust_1978,7169.28,invalid_card,3,1,5,399,1.56,upi,0.167,0
pay_03197,cust_2428,9898.85,authentication_failed,0,10,4,750,2.79,netbanking,0.714,0
pay_03198,cust_1959,201.84,bank_timeout,3,16,3,512,4.1,card,0.842,0
pay_03199,cust_1724,1868.68,insufficient_funds,3,15,1,739,0.76,upi,0.938,1
pay_03200,cust_2489,1345.39,insufficient_funds,2,13,1,514,2.24,netbanking,0.929,1
pay_03201,cust_1494,1310.12,bank_timeout,2,17,7,714,0.23,netbanking,0.708,1
pay_03202,cust_1791,891.13,authentication_failed,1,11,2,586,4.28,card,0.846,0
pay_03203,cust_2160,4357.01,expired_card,1,13,8,710,1.62,upi,0.619,0
pay_03204,cust_2044,638.21,authentication_failed,0,0,1,593,4.75,card,0.0,0
pay_03205,cust_0202,2079.14,expired_card,2,17,1,696,0.16,card,0.944,1
pay_03206,cust_2170,6891.86,invalid_card,3,8,4,541,2.23,netbanking,0.667,0
pay_03207,cust_2410,6835.83,invalid_card,3,20,4,427,3.84,card,0.833,0
pay_03208,cust_0993,6098.36,bank_timeout,3,18,2,189,3.99,card,0.9,0
pay_03209,cust_1763,1228.77,insufficient_funds,1,15,4,241,2.79,card,0.789,1
pay_03210,cust_2043,272.46,authentication_failed,0,10,0,288,2.42,upi,1.0,1
pay_03211,cust_1707,738.62,authentication_failed,2,11,7,491,1.26,card,0.611,0
pay_03212,cust_1679,312.29,authentication_failed,0,14,4,526,4.89,netbanking,0.778,1
pay_03213,cust_0950,2227.38,authentication_failed,2,16,5,954,3.31,upi,0.762,0
pay_03214,cust_1484,2598.78,expired_card,3,2,6,278,4.24,upi,0.25,0
pay_03215,cust_1312,738.97,invalid_card,1,2,2,257,2.59,netbanking,0.5,0
pay_03216,cust_2111,335.53,authentication_failed,3,10,5,534,3.0,netbanking,0.667,0
pay_03217,cust_2204,453.5,insufficient_funds,2,18,0,357,1.5,card,1.0,0
pay_03218,cust_0465,2100.51,authentication_failed,1,8,4,977,1.01,card,0.667,1
pay_03219,cust_1675,828.2,bank_timeout,1,7,0,823,4.9,netbanking,1.0,1
pay_03220,cust_1665,2753.69,authentication_failed,2,18,8,50,2.89,upi,0.692,0
pay_03221,cust_0641,350.13,authentication_failed,3,20,5,678,2.41,upi,0.8,0
pay_03222,cust_2262,4332.23,bank_timeout,3,14,3,624,3.24,card,0.824,1
pay_03223,cust_2112,5882.99,authentication_failed,2,10,0,839,4.41,upi,1.0,0
pay_03224,cust_0227,7631.66,bank_timeout,3,5,0,732,0.5,netbanking,1.0,1
pay_03225,cust_1809,2378.78,bank_timeout,1,11,4,425,1.26,upi,0.733,1
pay_03226,cust_1363,385.35,insufficient_funds,3,10,3,628,2.8,upi,0.769,0
pay_03227,cust_1812,3633.83,insufficient_funds,2,0,7,367,3.59,netbanking,0.0,0
pay_03228,cust_0822,1728.77,authentication_failed,3,4,6,564,1.16,netbanking,0.4,0
pay_03229,cust_1520,208.97,bank_timeout,3,19,6,489,0.99,card,0.76,1
pay_03230,cust_0527,359.42,bank_timeout,2,7,7,612,4.4,upi,0.5,1
pay_03231,cust_2281,555.71,expired_card,1,15,1,520,1.28,card,0.938,1
pay_03232,cust_1746,782.61,insufficient_funds,2,16,3,911,2.18,upi,0.842,1
pay_03233,cust_2114,6749.58,expired_card,3,1,6,516,2.46,netbanking,0.143,0
pay_03234,cust_1434,1486.78,expired_card,0,10,7,522,4.51,card,0.588,0
pay_03235,cust_0536,305.14,insufficient_funds,2,10,8,488,0.84,netbanking,0.556,1
pay_03236,cust_1404,645.69,insufficient_funds,0,4,4,993,0.66,netbanking,0.5,0
pay_03237,cust_1173,1933.36,authentication_failed,0,12,6,44,2.66,card,0.667,1
pay_03238,cust_0487,1229.05,invalid_card,0,7,4,47,3.55,upi,0.636,0
pay_03239,cust_1805,1084.14,expired_card,2,1,8,631,0.78,netbanking,0.111,0
pay_03240,cust_1957,7771.72,expired_card,2,19,3,370,2.24,netbanking,0.864,1
pay_03241,cust_1427,420.73,bank_timeout,3,6,8,252,2.08,netbanking,0.429,0
pay_03242,cust_1996,241.03,invalid_card,1,7,5,96,3.93,card,0.583,0
pay_03243,cust_1216,7527.68,invalid_card,1,19,0,818,0.3,netbanking,1.0,1
pay_03244,cust_0143,276.95,expired_card,3,15,2,892,1.65,netbanking,0.882,1
pay_03245,cust_1236,6062.27,bank_timeout,3,0,8,148,4.45,card,0.0,0
pay_03246,cust_1665,954.6,authentication_failed,3,19,1,725,0.99,upi,0.95,0
pay_03247,cust_0393,4827.5,invalid_card,2,14,3,144,0.86,card,0.824,0
pay_03248,cust_1431,7153.93,invalid_card,1,18,5,980,2.54,card,0.783,0
pay_03249,cust_2394,6887.06,insufficient_funds,1,20,3,121,3.82,upi,0.87,1
pay_03250,cust_2032,227.21,expired_card,3,2,6,370,0.28,upi,0.25,0
pay_03251,cust_1086,1370.52,authentication_failed,1,19,6,786,3.02,netbanking,0.76,1
pay_03252,cust_1512,276.09,bank_timeout,3,17,0,290,3.02,netbanking,1.0,1
pay_03253,cust_1987,567.38,invalid_card,3,10,2,349,4.5,card,0.833,0
pay_03254,cust_1947,400.04,expired_card,2,8,0,845,0.93,upi,1.0,0
pay_03255,cust_0508,5472.2,insufficient_funds,1,4,6,767,0.85,netbanking,0.4,0
pay_03256,cust_0362,1245.64,insufficient_funds,2,8,2,921,4.84,card,0.8,0
pay_03257,cust_1483,430.82,authentication_failed,1,0,7,190,2.41,upi,0.0,0
pay_03258,cust_0620,602.56,invalid_card,0,7,2,446,2.4,netbanking,0.778,1
pay_03259,cust_1849,6141.33,invalid_card,3,19,5,963,2.58,upi,0.792,0
pay_03260,cust_2084,8335.45,invalid_card,1,18,4,304,3.07,upi,0.818,0
pay_03261,cust_0795,7459.81,bank_timeout,3,13,8,296,3.58,netbanking,0.619,0
pay_03262,cust_2473,4609.14,invalid_card,1,5,0,225,0.47,netbanking,1.0,0
pay_03263,cust_0506,3751.01,authentication_failed,2,7,4,72,4.58,card,0.636,0
pay_03264,cust_2272,403.18,authentication_failed,0,12,6,316,2.75,card,0.667,0
pay_03265,cust_0047,711.26,authentication_failed,2,6,1,142,1.83,netbanking,0.857,0
pay_03266,cust_0988,1188.4,insufficient_funds,0,0,6,823,2.19,upi,0.0,0
pay_03267,cust_2049,2430.73,invalid_card,1,13,2,859,0.8,card,0.867,1
pay_03268,cust_2026,1289.07,insufficient_funds,1,13,1,995,3.98,netbanking,0.929,1
pay_03269,cust_1003,1250.62,insufficient_funds,2,15,7,975,3.29,card,0.682,1
pay_03270,cust_1617,3260.15,expired_card,3,16,6,458,4.67,card,0.727,1
pay_03271,cust_0204,607.0,insufficient_funds,0,14,3,512,4.93,upi,0.824,1
pay_03272,cust_0221,985.86,authentication_failed,1,19,0,647,4.48,card,1.0,1
pay_03273,cust_0636,8171.78,bank_timeout,0,15,0,677,0.97,upi,1.0,0
pay_03274,cust_1166,756.32,insufficient_funds,1,14,3,575,0.67,card,0.824,0
pay_03275,cust_1353,576.19,authentication_failed,1,10,4,68,0.65,upi,0.714,0
pay_03276,cust_2428,2100.78,invalid_card,2,7,1,548,2.73,upi,0.875,0
pay_03277,cust_1276,633.86,expired_card,1,12,6,643,4.2,upi,0.667,0
pay_03278,cust_0992,342.41,expired_card,1,17,7,399,0.29,upi,0.708,0
pay_03279,cust_2048,983.68,insufficient_funds,1,3,1,842,1.21,upi,0.75,1
pay_03280,cust_1486,852.6,insufficient_funds,3,18,6,300,0.19,upi,0.75,1
pay_03281,cust_0200,702.45,bank_timeout,1,0,6,200,4.93,upi,0.0,0
pay_03282,cust_1570,1154.45,bank_timeout,3,7,3,149,1.96,upi,0.7,0
pay_03283,cust_1200,214.75,invalid_card,3,3,4,354,2.38,card,0.429,0
pay_03284,cust_1025,2206.84,insufficient_funds,0,19,0,35,4.22,netbanking,1.0,1
pay_03285,cust_1363,720.05,invalid_card,2,19,5,119,2.41,card,0.792,1
pay_03286,cust_1771,270.59,bank_timeout,1,16,6,520,4.97,netbanking,0.727,1
pay_03287,cust_0223,662.94,bank_timeout,3,14,7,324,0.5,upi,0.667,0
pay_03288,cust_1233,683.24,bank_timeout,3,19,7,740,3.98,netbanking,0.731,0
pay_03289,cust_1425,247.96,invalid_card,1,3,7,138,1.65,netbanking,0.3,0
pay_03290,cust_0465,2445.91,authentication_failed,2,9,6,480,1.16,upi,0.6,0
pay_03291,cust_0836,1939.46,insufficient_funds,0,13,6,641,1.67,netbanking,0.684,1
pay_03292,cust_1301,770.83,expired_card,0,20,1,985,2.52,card,0.952,1
pay_03293,cust_0366,337.45,insufficient_funds,1,14,3,575,1.19,netbanking,0.824,1
pay_03294,cust_0371,760.65,insufficient_funds,2,15,6,396,4.78,card,0.714,0
pay_03295,cust_1729,2138.9,expired_card,3,1,7,596,4.12,card,0.125,0
pay_03296,cust_0609,1841.87,bank_timeout,0,3,4,929,4.99,upi,0.429,1
pay_03297,cust_1299,828.78,bank_timeout,0,20,6,946,4.96,card,0.769,1
pay_03298,cust_1204,1158.39,invalid_card,1,16,5,130,3.18,card,0.762,0
pay_03299,cust_1385,2837.78,bank_timeout,3,9,6,293,1.69,card,0.6,0
pay_03300,cust_0957,2731.52,insufficient_funds,0,10,4,135,0.57,upi,0.714,1
pay_03301,cust_0874,2305.88,invalid_card,1,20,1,805,3.45,netbanking,0.952,0
pay_03302,cust_2034,6384.23,authentication_failed,2,14,6,84,0.65,netbanking,0.7,1
pay_03303,cust_2159,1212.85,expired_card,2,15,3,273,1.41,upi,0.833,0
pay_03304,cust_0913,826.54,invalid_card,3,1,1,710,2.19,netbanking,0.5,0
pay_03305,cust_1476,3535.45,expired_card,2,0,3,515,0.19,card,0.0,0
pay_03306,cust_0474,2113.46,insufficient_funds,2,5,0,365,3.65,netbanking,1.0,1
pay_03307,cust_1452,208.75,authentication_failed,3,4,6,437,2.58,upi,0.4,0
pay_03308,cust_1625,869.76,expired_card,3,20,1,122,3.02,card,0.952,0
pay_03309,cust_1104,9289.65,bank_timeout,3,16,0,552,4.89,netbanking,1.0,1
pay_03310,cust_0221,317.13,invalid_card,2,19,2,929,2.82,netbanking,0.905,1
pay_03311,cust_0657,5730.83,bank_timeout,0,6,8,901,1.79,upi,0.429,1
pay_03312,cust_1757,1920.53,insufficient_funds,2,5,7,698,3.57,card,0.417,0
pay_03313,cust_0773,1983.3,bank_timeout,2,4,0,653,1.34,card,1.0,1
pay_03314,cust_0143,3783.42,insufficient_funds,2,4,5,81,4.89,netbanking,0.444,0
pay_03315,cust_1349,567.83,insufficient_funds,2,11,8,533,2.52,netbanking,0.579,0
pay_03316,cust_2486,6419.46,authentication_failed,3,4,3,563,3.64,upi,0.571,0
pay_03317,cust_0408,839.83,insufficient_funds,2,3,1,705,4.45,card,0.75,1
pay_03318,cust_0302,603.53,expired_card,0,5,4,444,4.87,netbanking,0.556,0
pay_03319,cust_1143,485.4,bank_timeout,1,4,2,263,4.29,card,0.667,0
pay_03320,cust_0137,5251.96,insufficient_funds,2,6,1,284,2.45,netbanking,0.857,0
pay_03321,cust_2158,6633.74,authentication_failed,0,7,1,464,4.1,card,0.875,1
pay_03322,cust_2269,687.52,invalid_card,2,3,3,106,4.63,card,0.5,0
pay_03323,cust_2226,856.47,authentication_failed,1,14,4,695,2.24,card,0.778,1
pay_03324,cust_0948,2585.15,authentication_failed,3,5,4,892,1.89,upi,0.556,0
pay_03325,cust_1264,2763.78,bank_timeout,2,20,8,561,0.74,upi,0.714,0
pay_03326,cust_0838,474.17,authentication_failed,1,16,5,89,4.05,card,0.762,1
pay_03327,cust_0559,766.94,expired_card,3,11,3,505,0.44,netbanking,0.786,1
pay_03328,cust_1521,647.1,bank_timeout,0,14,0,420,2.11,netbanking,1.0,1
pay_03329,cust_2022,944.19,insufficient_funds,0,13,1,136,4.95,card,0.929,1
pay_03330,cust_2418,871.04,insufficient_funds,2,1,3,529,2.52,card,0.25,0
pay_03331,cust_0317,504.2,insufficient_funds,0,17,2,930,0.35,upi,0.895,1
pay_03332,cust_0060,958.85,insufficient_funds,1,8,7,739,1.56,upi,0.533,1
pay_03333,cust_1223,1955.89,insufficient_funds,2,4,0,373,3.61,upi,1.0,1
pay_03334,cust_0897,956.68,insufficient_funds,1,1,5,518,2.79,upi,0.167,0
pay_03335,cust_2480,205.81,authentication_failed,3,17,4,314,1.68,card,0.81,0
pay_03336,cust_1338,484.44,invalid_card,2,5,0,352,1.38,upi,1.0,1
pay_03337,cust_1481,2841.51,invalid_card,2,0,2,79,0.67,upi,0.0,0
pay_03338,cust_1613,898.65,insufficient_funds,0,7,4,914,3.18,card,0.636,1
pay_03339,cust_1242,3365.09,insufficient_funds,0,8,4,473,1.86,netbanking,0.667,1
pay_03340,cust_2127,276.21,insufficient_funds,3,8,5,287,3.15,upi,0.615,1
pay_03341,cust_1578,6747.89,expired_card,2,13,0,318,4.97,card,1.0,1
pay_03342,cust_2260,1563.76,invalid_card,0,2,3,573,0.29,upi,0.4,0
pay_03343,cust_1928,868.5,insufficient_funds,2,5,5,91,2.83,upi,0.5,1
pay_03344,cust_0482,1044.97,insufficient_funds,0,15,4,102,3.2,upi,0.789,0
pay_03345,cust_1125,9793.48,bank_timeout,0,7,2,747,1.31,card,0.778,1
pay_03346,cust_2392,5150.72,insufficient_funds,2,9,4,418,3.01,upi,0.692,1
pay_03347,cust_1159,973.23,expired_card,2,2,8,263,1.01,netbanking,0.2,0
pay_03348,cust_0276,927.23,expired_card,2,15,2,829,2.93,netbanking,0.882,1
pay_03349,cust_1330,2717.53,authentication_failed,2,0,0,618,3.34,netbanking,0.0,0
pay_03350,cust_1575,879.61,authentication_failed,2,17,8,536,2.84,card,0.68,0
pay_03351,cust_1953,7714.34,invalid_card,3,6,7,573,0.32,upi,0.462,0
pay_03352,cust_1017,3697.21,insufficient_funds,1,17,7,343,2.26,upi,0.708,1
pay_03353,cust_1875,328.76,authentication_failed,1,11,2,419,4.21,card,0.846,0
pay_03354,cust_0517,3792.45,authentication_failed,0,16,5,460,3.78,upi,0.762,1
pay_03355,cust_1833,8919.16,bank_timeout,3,15,0,707,1.58,netbanking,1.0,1
pay_03356,cust_1137,434.53,expired_card,2,14,7,997,4.63,card,0.667,0
pay_03357,cust_0553,2498.99,expired_card,2,19,4,66,3.24,upi,0.826,0
pay_03358,cust_2205,905.31,invalid_card,2,17,4,395,1.75,upi,0.81,0
pay_03359,cust_1380,8833.29,bank_timeout,2,8,2,33,3.57,card,0.8,0
pay_03360,cust_1368,206.92,invalid_card,3,15,2,570,3.16,card,0.882,1
pay_03361,cust_0586,9164.25,insufficient_funds,2,5,6,866,2.08,netbanking,0.455,1
pay_03362,cust_0962,711.41,invalid_card,2,8,8,206,3.24,upi,0.5,0
pay_03363,cust_2458,487.72,insufficient_funds,3,3,6,393,1.2,upi,0.333,0
pay_03364,cust_2031,3976.83,insufficient_funds,2,18,1,630,0.65,upi,0.947,1
pay_03365,cust_0791,8980.85,bank_timeout,1,11,0,131,2.0,upi,1.0,1
pay_03366,cust_0303,805.91,bank_timeout,3,1,0,566,0.41,card,1.0,0
pay_03367,cust_0884,874.02,bank_timeout,2,7,2,881,4.94,upi,0.778,1
pay_03368,cust_2352,457.14,authentication_failed,0,12,5,959,3.09,card,0.706,1
pay_03369,cust_0483,2144.15,insufficient_funds,0,3,8,189,2.81,card,0.273,0
pay_03370,cust_2456,470.7,insufficient_funds,1,0,3,876,1.23,netbanking,0.0,1
pay_03371,cust_0244,6025.12,authentication_failed,1,6,4,876,1.03,upi,0.6,0
pay_03372,cust_0852,2722.69,bank_timeout,2,12,3,515,3.63,netbanking,0.8,1
pay_03373,cust_0989,774.4,insufficient_funds,1,14,7,839,0.77,netbanking,0.667,1
pay_03374,cust_0325,2627.23,insufficient_funds,2,6,2,464,2.27,upi,0.75,1
pay_03375,cust_2484,930.1,invalid_card,3,17,7,810,3.57,card,0.708,0
pay_03376,cust_2414,2758.49,authentication_failed,1,16,6,483,0.91,card,0.727,1
pay_03377,cust_1998,343.04,insufficient_funds,0,14,6,751,4.37,upi,0.7,1
pay_03378,cust_0678,932.23,expired_card,2,15,3,106,3.36,card,0.833,1
pay_03379,cust_0206,241.22,invalid_card,0,4,4,285,3.95,card,0.5,0
pay_03380,cust_1018,335.92,expired_card,3,7,5,355,0.25,netbanking,0.583,1
pay_03381,cust_2386,261.85,expired_card,2,11,6,483,4.23,netbanking,0.647,0
pay_03382,cust_0376,442.78,invalid_card,1,2,7,398,2.13,upi,0.222,0
pay_03383,cust_0114,9605.1,bank_timeout,1,7,7,860,3.2,upi,0.5,1
pay_03384,cust_0182,1011.38,authentication_failed,3,5,1,876,4.01,card,0.833,0
pay_03385,cust_2260,2729.29,insufficient_funds,3,2,3,566,1.97,card,0.4,0
pay_03386,cust_1106,2852.15,insufficient_funds,1,10,8,769,0.3,upi,0.556,1
pay_03387,cust_1134,447.6,insufficient_funds,2,1,1,945,1.65,upi,0.5,0
pay_03388,cust_0993,5295.52,insufficient_funds,3,12,3,848,4.45,card,0.8,1
pay_03389,cust_1123,6392.66,invalid_card,2,8,8,892,4.47,card,0.5,1
pay_03390,cust_1541,735.63,expired_card,2,1,6,634,4.4,upi,0.143,0
pay_03391,cust_2049,2457.09,insufficient_funds,1,15,7,141,3.99,netbanking,0.682,1
pay_03392,cust_1230,367.53,insufficient_funds,3,10,5,962,2.5,netbanking,0.667,1
pay_03393,cust_2281,2096.26,insufficient_funds,2,9,1,953,1.57,upi,0.9,0
pay_03394,cust_1143,8359.51,invalid_card,0,16,8,92,3.53,netbanking,0.667,0
pay_03395,cust_0179,7682.9,bank_timeout,2,19,7,74,1.54,upi,0.731,1
pay_03396,cust_1044,862.08,insufficient_funds,3,17,1,479,3.3,upi,0.944,0
pay_03397,cust_0181,5981.12,bank_timeout,1,19,7,430,2.11,netbanking,0.731,1
pay_03398,cust_0430,403.95,expired_card,0,15,6,44,0.49,card,0.714,1
pay_03399,cust_1873,303.36,insufficient_funds,3,17,4,213,2.58,upi,0.81,0
pay_03400,cust_1507,5994.83,invalid_card,3,13,7,164,3.47,card,0.65,0
pay_03401,cust_2475,1353.58,authentication_failed,2,6,0,680,3.0,card,1.0,0
pay_03402,cust_0619,8216.51,authentication_failed,1,13,7,963,4.87,card,0.65,0
pay_03403,cust_0223,467.59,expired_card,2,9,7,673,4.4,netbanking,0.562,0
pay_03404,cust_1602,376.27,bank_timeout,1,10,6,846,0.73,netbanking,0.625,1
pay_03405,cust_2180,263.85,bank_timeout,3,1,1,900,2.08,upi,0.5,1
pay_03406,cust_0690,414.31,bank_timeout,2,19,5,936,4.43,upi,0.792,0
pay_03407,cust_0433,8272.19,invalid_card,3,11,8,910,2.04,card,0.579,0
pay_03408,cust_0790,5517.86,authentication_failed,1,4,0,663,0.83,upi,1.0,1
pay_03409,cust_1337,460.93,invalid_card,2,0,7,602,4.02,netbanking,0.0,0
pay_03410,cust_1897,9033.79,insufficient_funds,1,20,4,943,0.67,netbanking,0.833,1
pay_03411,cust_0230,1873.6,authentication_failed,1,18,3,57,3.81,upi,0.857,0
pay_03412,cust_1134,8854.95,insufficient_funds,3,1,6,312,2.87,netbanking,0.143,0
pay_03413,cust_1004,340.09,expired_card,1,1,4,511,0.17,netbanking,0.2,1
pay_03414,cust_2002,1319.45,expired_card,1,0,0,358,4.61,card,0.0,0
pay_03415,cust_0205,2245.74,invalid_card,2,15,3,954,2.76,upi,0.833,0
pay_03416,cust_0001,589.79,authentication_failed,0,14,2,382,1.64,upi,0.875,0
pay_03417,cust_0753,2923.15,expired_card,0,6,5,190,1.34,card,0.545,0
pay_03418,cust_0331,2019.78,insufficient_funds,2,3,3,916,3.15,netbanking,0.5,0
pay_03419,cust_0494,462.17,expired_card,1,0,0,534,1.37,card,0.0,1
pay_03420,cust_0171,866.75,bank_timeout,3,13,2,833,3.89,card,0.867,1
pay_03421,cust_2301,4582.66,authentication_failed,0,18,2,720,1.91,card,0.9,1
pay_03422,cust_0835,5889.02,insufficient_funds,0,4,4,879,4.08,upi,0.5,1
pay_03423,cust_0505,602.39,expired_card,0,18,3,945,2.21,netbanking,0.857,0
pay_03424,cust_2370,1594.66,bank_timeout,2,10,4,411,4.77,card,0.714,0
pay_03425,cust_2261,427.19,expired_card,1,20,1,576,2.29,upi,0.952,1
pay_03426,cust_2256,372.68,bank_timeout,0,8,2,859,4.14,card,0.8,1
pay_03427,cust_0986,442.88,authentication_failed,0,4,5,57,3.09,upi,0.444,0
pay_03428,cust_0629,5172.03,invalid_card,2,14,0,861,2.55,upi,1.0,1
pay_03429,cust_0626,6335.95,invalid_card,3,16,0,395,1.11,card,1.0,0
pay_03430,cust_1989,528.88,bank_timeout,0,18,7,60,0.56,card,0.72,0
pay_03431,cust_2379,7415.7,expired_card,3,4,1,33,2.86,card,0.8,0
pay_03432,cust_1696,701.48,authentication_failed,0,13,8,1000,2.91,netbanking,0.619,0
pay_03433,cust_0047,203.13,bank_timeout,0,9,2,408,0.94,upi,0.818,1
pay_03434,cust_1091,312.23,invalid_card,1,5,4,133,3.36,netbanking,0.556,1
pay_03435,cust_2498,434.85,authentication_failed,1,8,8,772,0.12,card,0.5,1
pay_03436,cust_2237,4801.62,authentication_failed,0,8,8,282,1.04,netbanking,0.5,0
pay_03437,cust_1706,658.84,invalid_card,1,3,3,101,3.38,card,0.5,0
pay_03438,cust_2066,1844.57,insufficient_funds,3,20,4,257,3.24,upi,0.833,0
pay_03439,cust_2176,777.34,expired_card,1,14,1,159,2.15,netbanking,0.933,0
pay_03440,cust_2155,2984.91,invalid_card,0,7,7,235,3.6,netbanking,0.5,0
pay_03441,cust_1163,1238.76,invalid_card,2,15,4,769,1.33,card,0.789,0
pay_03442,cust_0805,449.52,expired_card,3,13,6,168,0.26,netbanking,0.684,0
pay_03443,cust_1266,4919.42,expired_card,0,10,7,489,1.54,card,0.588,0
pay_03444,cust_1582,2395.24,invalid_card,1,10,5,709,4.28,upi,0.667,0
pay_03445,cust_0614,780.55,authentication_failed,0,14,2,168,4.92,netbanking,0.875,1
pay_03446,cust_1721,1866.48,expired_card,1,16,2,478,3.61,card,0.889,0
pay_03447,cust_0956,834.79,bank_timeout,3,4,2,396,3.27,netbanking,0.667,1
pay_03448,cust_1036,6940.41,insufficient_funds,1,11,6,411,2.54,card,0.647,1
pay_03449,cust_2272,214.54,expired_card,1,13,2,522,1.24,netbanking,0.867,1
pay_03450,cust_1498,3539.97,invalid_card,3,20,0,629,4.02,upi,1.0,1
pay_03451,cust_0310,284.42,insufficient_funds,0,13,6,394,4.19,netbanking,0.684,1
pay_03452,cust_2429,654.14,insufficient_funds,0,15,8,920,1.42,card,0.652,1
pay_03453,cust_1639,866.86,insufficient_funds,2,5,2,378,3.36,netbanking,0.714,1
pay_03454,cust_2253,966.03,insufficient_funds,1,5,1,451,4.96,upi,0.833,1
pay_03455,cust_1530,3741.81,insufficient_funds,3,2,1,863,2.52,netbanking,0.667,0
pay_03456,cust_0875,399.68,invalid_card,1,4,7,460,4.55,upi,0.364,0
pay_03457,cust_1054,8338.74,expired_card,3,11,0,897,1.67,card,1.0,0
pay_03458,cust_0789,284.33,invalid_card,1,16,5,747,2.91,card,0.762,0
pay_03459,cust_1444,6845.49,expired_card,3,10,2,90,1.38,upi,0.833,1
pay_03460,cust_0286,939.92,bank_timeout,0,12,4,776,1.23,card,0.75,1
pay_03461,cust_1009,2205.59,expired_card,2,7,3,824,3.62,netbanking,0.7,1
pay_03462,cust_0596,6676.58,expired_card,0,9,7,995,2.33,netbanking,0.562,0
pay_03463,cust_1073,9393.66,bank_timeout,1,9,1,606,4.0,netbanking,0.9,1
pay_03464,cust_1680,334.2,authentication_failed,3,17,4,328,4.92,netbanking,0.81,1
pay_03465,cust_2081,784.39,insufficient_funds,1,13,5,548,1.81,card,0.722,1
pay_03466,cust_2476,886.63,expired_card,0,0,5,688,1.88,netbanking,0.0,0
pay_03467,cust_2310,2533.27,bank_timeout,2,12,5,149,3.29,upi,0.706,0
pay_03468,cust_0914,8016.34,insufficient_funds,0,13,3,102,4.71,netbanking,0.812,1
pay_03469,cust_0981,5258.42,authentication_failed,2,10,0,790,2.42,netbanking,1.0,1
pay_03470,cust_0506,581.61,invalid_card,1,3,8,110,1.66,upi,0.273,0
pay_03471,cust_1076,4521.65,invalid_card,3,1,5,906,0.24,card,0.167,0
pay_03472,cust_0103,972.55,invalid_card,1,5,7,444,0.98,netbanking,0.417,0
pay_03473,cust_1046,4414.9,expired_card,1,0,7,650,2.67,upi,0.0,0
pay_03474,cust_1046,520.01,invalid_card,3,15,5,196,3.53,netbanking,0.75,0
pay_03475,cust_0782,385.09,authentication_failed,2,8,4,140,4.35,upi,0.667,0
pay_03476,cust_2402,612.04,authentication_failed,3,4,0,133,2.16,card,1.0,0
pay_03477,cust_1442,2154.0,invalid_card,3,3,5,688,1.72,netbanking,0.375,0
pay_03478,cust_0918,602.18,insufficient_funds,1,20,4,866,2.53,netbanking,0.833,0
pay_03479,cust_1569,3663.28,invalid_card,0,4,1,851,0.2,upi,0.8,0
pay_03480,cust_0084,2056.16,authentication_failed,3,1,0,389,0.69,netbanking,1.0,0
pay_03481,cust_0513,3373.8,bank_timeout,0,10,3,938,2.53,card,0.769,1
pay_03482,cust_1570,603.89,invalid_card,3,5,2,434,4.56,upi,0.714,1
pay_03483,cust_1949,2492.97,bank_timeout,3,4,0,485,1.69,netbanking,1.0,0
pay_03484,cust_2469,2721.37,insufficient_funds,3,8,5,724,2.92,netbanking,0.615,0
pay_03485,cust_1575,631.09,invalid_card,0,11,7,904,4.62,upi,0.611,0
pay_03486,cust_1696,357.38,authentication_failed,2,2,1,839,0.25,card,0.667,0
pay_03487,cust_0785,9979.52,expired_card,0,8,4,878,3.73,netbanking,0.667,1
pay_03488,cust_1697,8641.33,invalid_card,0,10,0,763,1.42,card,1.0,0
pay_03489,cust_1115,1002.02,expired_card,3,9,7,409,2.15,upi,0.562,0
pay_03490,cust_1618,3974.73,invalid_card,0,1,5,32,2.22,upi,0.167,0
pay_03491,cust_1329,895.34,insufficient_funds,2,13,2,150,1.62,netbanking,0.867,0
pay_03492,cust_1988,2674.88,bank_timeout,1,0,5,238,3.9,upi,0.0,0
pay_03493,cust_1214,248.47,invalid_card,1,1,6,144,1.82,card,0.143,0
pay_03494,cust_0231,5786.16,authentication_failed,1,13,7,89,1.73,card,0.65,0
pay_03495,cust_0241,7018.27,invalid_card,3,6,1,638,2.92,netbanking,0.857,0
pay_03496,cust_1168,322.72,authentication_failed,2,19,6,877,0.44,upi,0.76,0
pay_03497,cust_0610,3128.77,authentication_failed,2,15,7,899,2.86,netbanking,0.682,0
pay_03498,cust_2083,6186.43,authentication_failed,3,17,6,211,2.29,netbanking,0.739,0
pay_03499,cust_1039,475.18,authentication_failed,3,2,5,293,2.49,netbanking,0.286,0
pay_03500,cust_1364,677.11,invalid_card,1,2,1,885,1.7,upi,0.667,0
pay_03501,cust_1828,760.42,authentication_failed,2,12,4,990,3.08,card,0.75,0
pay_03502,cust_0488,1839.86,bank_timeout,1,3,5,958,2.89,netbanking,0.375,1
pay_03503,cust_0966,339.76,expired_card,0,7,6,856,2.94,card,0.538,0
pay_03504,cust_0096,2187.69,expired_card,2,1,5,728,4.05,netbanking,0.167,0
pay_03505,cust_0266,801.82,invalid_card,0,20,1,667,4.89,netbanking,0.952,1
pay_03506,cust_0658,3147.74,insufficient_funds,3,16,1,943,4.81,netbanking,0.941,1
pay_03507,cust_1194,5986.06,insufficient_funds,3,14,2,885,3.09,card,0.875,0
pay_03508,cust_0669,490.1,expired_card,2,17,2,316,4.99,netbanking,0.895,0
pay_03509,cust_0048,1968.57,invalid_card,2,0,0,266,0.39,card,0.0,0
pay_03510,cust_0343,5894.97,expired_card,3,5,2,732,1.62,netbanking,0.714,0
pay_03511,cust_1245,1527.67,authentication_failed,1,5,5,107,3.04,upi,0.5,0
pay_03512,cust_0156,568.01,expired_card,1,4,7,971,3.78,netbanking,0.364,0
pay_03513,cust_1940,7752.27,authentication_failed,1,19,5,789,1.92,card,0.792,0
pay_03514,cust_0814,407.24,insufficient_funds,2,20,5,518,2.09,card,0.8,0
pay_03515,cust_1133,835.43,authentication_failed,2,11,3,190,4.54,netbanking,0.786,0
pay_03516,cust_0839,506.95,insufficient_funds,2,5,5,183,3.44,upi,0.5,0
pay_03517,cust_0903,617.13,authentication_failed,3,18,6,363,4.72,upi,0.75,0
pay_03518,cust_0680,364.51,invalid_card,2,10,5,767,2.66,netbanking,0.667,0
pay_03519,cust_1249,585.17,authentication_failed,1,11,5,564,2.26,upi,0.688,0
pay_03520,cust_0737,3163.06,bank_timeout,2,16,7,771,1.17,netbanking,0.696,1
pay_03521,cust_0080,683.23,invalid_card,1,2,6,501,1.93,card,0.25,0
pay_03522,cust_0083,7450.74,insufficient_funds,2,3,4,989,4.72,card,0.429,0
pay_03523,cust_1953,6813.2,bank_timeout,3,2,3,480,4.94,netbanking,0.4,1
pay_03524,cust_2408,1062.02,bank_timeout,1,17,8,786,4.98,netbanking,0.68,0
pay_03525,cust_0721,9890.18,expired_card,2,6,7,841,3.82,upi,0.462,0
pay_03526,cust_1106,5293.52,bank_timeout,1,0,8,927,3.32,card,0.0,0
pay_03527,cust_1150,914.73,authentication_failed,3,3,3,560,0.38,netbanking,0.5,0
pay_03528,cust_0308,9409.88,authentication_failed,1,19,4,378,0.46,netbanking,0.826,1
pay_03529,cust_1575,764.11,insufficient_funds,1,18,8,778,1.95,upi,0.692,0
pay_03530,cust_1254,407.2,insufficient_funds,3,20,3,679,0.16,card,0.87,0
pay_03531,cust_1543,825.02,expired_card,0,18,6,658,1.57,netbanking,0.75,1
pay_03532,cust_0575,263.28,authentication_failed,3,0,8,100,0.55,netbanking,0.0,0
pay_03533,cust_0015,640.89,invalid_card,1,13,8,60,2.59,card,0.619,1
pay_03534,cust_1367,1572.12,bank_timeout,1,3,3,207,2.21,upi,0.5,1
pay_03535,cust_2025,925.99,insufficient_funds,0,16,0,850,1.59,netbanking,1.0,0
pay_03536,cust_2100,7138.32,authentication_failed,2,12,8,763,3.96,upi,0.6,0
pay_03537,cust_0724,3230.6,expired_card,1,19,1,760,4.77,upi,0.95,1
pay_03538,cust_0936,7333.2,expired_card,0,6,0,164,3.46,upi,1.0,1
pay_03539,cust_0438,238.88,expired_card,1,4,7,906,1.64,card,0.364,0
pay_03540,cust_2231,935.57,insufficient_funds,1,0,4,149,1.97,upi,0.0,0
pay_03541,cust_0534,458.65,insufficient_funds,2,7,1,986,0.31,netbanking,0.875,1
pay_03542,cust_0285,828.75,invalid_card,1,4,3,586,3.3,netbanking,0.571,0
pay_03543,cust_0308,263.6,authentication_failed,0,2,4,427,3.12,upi,0.333,1
pay_03544,cust_0338,9548.76,bank_timeout,1,1,4,403,0.34,upi,0.2,1
pay_03545,cust_2341,2470.91,bank_timeout,1,11,0,144,4.78,card,1.0,0
pay_03546,cust_0768,1136.4,invalid_card,3,7,0,929,4.48,card,1.0,1
pay_03547,cust_0306,972.86,insufficient_funds,3,14,3,86,4.34,netbanking,0.824,1
pay_03548,cust_2403,9827.27,expired_card,1,10,6,454,1.75,card,0.625,0
pay_03549,cust_0969,1767.4,invalid_card,1,7,1,632,1.67,upi,0.875,0
pay_03550,cust_2066,5088.81,bank_timeout,3,15,5,74,0.55,netbanking,0.75,0
pay_03551,cust_1271,328.16,insufficient_funds,2,20,5,918,4.23,card,0.8,0
pay_03552,cust_2093,2900.24,bank_timeout,0,16,1,811,3.26,card,0.941,1
pay_03553,cust_2449,1004.38,insufficient_funds,0,12,0,893,3.01,netbanking,1.0,1
pay_03554,cust_1994,516.14,invalid_card,3,20,5,851,0.2,upi,0.8,0
pay_03555,cust_1644,1318.82,bank_timeout,3,11,6,580,4.41,netbanking,0.647,0
pay_03556,cust_2286,818.85,insufficient_funds,3,2,0,878,1.21,upi,1.0,0
pay_03557,cust_1391,2503.41,bank_timeout,3,3,7,990,1.55,netbanking,0.3,0
pay_03558,cust_0893,218.33,insufficient_funds,0,13,5,342,2.41,card,0.722,0
pay_03559,cust_1291,957.78,authentication_failed,1,13,1,68,4.77,upi,0.929,0
pay_03560,cust_2500,206.44,expired_card,3,9,7,72,0.84,netbanking,0.562,0
pay_03561,cust_0812,3414.68,insufficient_funds,1,11,2,373,1.68,card,0.846,0
pay_03562,cust_0829,3653.05,bank_timeout,0,18,5,336,4.64,card,0.783,1
pay_03563,cust_2015,4731.02,authentication_failed,2,17,4,597,0.91,card,0.81,1
pay_03564,cust_0466,8933.92,authentication_failed,0,0,8,197,4.03,netbanking,0.0,0
pay_03565,cust_1734,394.52,invalid_card,3,8,6,886,4.72,upi,0.571,0
pay_03566,cust_1965,2632.37,insufficient_funds,2,11,0,792,3.43,netbanking,1.0,0
pay_03567,cust_1253,991.12,expired_card,0,18,2,556,2.22,upi,0.9,0
pay_03568,cust_0034,1669.56,bank_timeout,1,10,5,174,0.15,netbanking,0.667,1
pay_03569,cust_0761,2449.28,authentication_failed,0,18,8,66,3.92,card,0.692,1
pay_03570,cust_0761,358.03,expired_card,0,13,7,254,4.46,card,0.65,0
pay_03571,cust_2218,266.49,insufficient_funds,3,20,7,505,3.98,netbanking,0.741,0
pay_03572,cust_2427,241.7,insufficient_funds,0,15,1,622,2.35,upi,0.938,1
pay_03573,cust_2466,2942.14,expired_card,3,18,1,940,1.62,card,0.947,1
pay_03574,cust_2089,716.56,insufficient_funds,2,11,6,537,2.18,netbanking,0.647,0
pay_03575,cust_1289,5639.56,bank_timeout,3,6,2,300,4.74,card,0.75,1
pay_03576,cust_2004,425.81,expired_card,3,10,1,976,4.69,upi,0.909,1
pay_03577,cust_0258,653.79,bank_timeout,3,12,8,117,3.24,netbanking,0.6,1
pay_03578,cust_1768,209.02,invalid_card,1,8,2,916,1.26,card,0.8,0
pay_03579,cust_0985,331.43,insufficient_funds,0,16,4,227,1.51,card,0.8,0
pay_03580,cust_0772,836.31,invalid_card,0,3,4,502,1.97,card,0.429,0
pay_03581,cust_0699,602.28,expired_card,0,8,5,984,1.81,upi,0.615,0
pay_03582,cust_1711,460.25,invalid_card,2,18,2,444,2.07,netbanking,0.9,1
pay_03583,cust_1940,2090.33,bank_timeout,1,1,1,335,2.78,netbanking,0.5,1
pay_03584,cust_1499,5831.8,insufficient_funds,0,8,1,550,3.45,netbanking,0.889,1
pay_03585,cust_0155,834.83,authentication_failed,1,13,1,508,1.11,netbanking,0.929,1
pay_03586,cust_1547,4522.49,bank_timeout,2,18,3,736,0.56,card,0.857,1
pay_03587,cust_0350,954.54,authentication_failed,0,9,5,36,3.28,netbanking,0.643,1
pay_03588,cust_0014,431.87,insufficient_funds,2,15,6,291,2.95,upi,0.714,1
pay_03589,cust_1955,844.53,bank_timeout,3,20,2,939,3.52,netbanking,0.909,1
pay_03590,cust_1997,1206.43,bank_timeout,1,11,8,577,1.32,netbanking,0.579,1
pay_03591,cust_0717,698.37,bank_timeout,2,2,7,807,2.65,netbanking,0.222,0
pay_03592,cust_1654,9957.69,bank_timeout,2,16,8,102,0.12,upi,0.667,0
pay_03593,cust_0125,543.95,invalid_card,1,19,8,366,4.54,netbanking,0.704,1
pay_03594,cust_2324,877.66,bank_timeout,0,8,6,615,1.81,upi,0.571,0
pay_03595,cust_2432,912.94,bank_timeout,0,14,2,677,1.57,card,0.875,1
pay_03596,cust_2096,929.05,bank_timeout,3,15,8,60,0.42,card,0.652,0
pay_03597,cust_2360,282.83,bank_timeout,0,8,4,478,0.62,netbanking,0.667,1
pay_03598,cust_0650,3896.99,expired_card,2,12,2,249,4.1,netbanking,0.857,1
pay_03599,cust_2231,777.52,bank_timeout,3,13,0,750,2.14,upi,1.0,0
pay_03600,cust_0772,824.43,invalid_card,0,13,5,821,2.43,netbanking,0.722,1
pay_03601,cust_0305,4534.91,invalid_card,1,7,7,789,4.19,netbanking,0.5,0
pay_03602,cust_1522,542.73,expired_card,3,15,7,940,2.67,upi,0.682,0
pay_03603,cust_2306,6535.21,insufficient_funds,1,14,4,349,2.75,netbanking,0.778,0
pay_03604,cust_2317,470.19,expired_card,2,8,5,34,0.99,card,0.615,0
pay_03605,cust_1598,531.06,authentication_failed,0,12,1,770,0.12,upi,0.923,0
pay_03606,cust_0960,330.45,bank_timeout,0,9,3,532,1.35,netbanking,0.75,1
pay_03607,cust_0643,3067.24,expired_card,0,0,8,453,3.91,upi,0.0,0
pay_03608,cust_0417,3021.56,authentication_failed,1,2,3,160,3.15,card,0.4,0
pay_03609,cust_0133,1733.92,insufficient_funds,3,11,7,403,1.89,card,0.611,0
pay_03610,cust_1945,289.38,invalid_card,0,10,6,90,4.37,netbanking,0.625,0
pay_03611,cust_1382,2046.22,insufficient_funds,3,0,0,794,2.21,card,0.0,0
pay_03612,cust_1555,447.41,expired_card,0,14,6,445,0.2,card,0.7,0
pay_03613,cust_0674,286.98,authentication_failed,2,6,3,807,3.48,card,0.667,1
pay_03614,cust_1586,1655.95,expired_card,0,12,8,225,1.41,upi,0.6,1
pay_03615,cust_0740,685.99,expired_card,3,18,6,416,3.66,netbanking,0.75,0
pay_03616,cust_2240,7797.87,expired_card,0,9,1,326,3.23,netbanking,0.9,1
pay_03617,cust_0791,1611.31,insufficient_funds,3,3,3,917,2.31,card,0.5,0
pay_03618,cust_0232,458.78,authentication_failed,2,9,3,996,4.7,netbanking,0.75,0
pay_03619,cust_0669,2986.27,invalid_card,0,1,7,219,1.78,netbanking,0.125,0
pay_03620,cust_1587,925.45,insufficient_funds,1,13,5,487,4.33,upi,0.722,1
pay_03621,cust_0812,331.62,expired_card,1,12,7,496,2.47,card,0.632,0
pay_03622,cust_1556,802.5,bank_timeout,1,8,6,520,1.17,netbanking,0.571,1
pay_03623,cust_0326,375.81,bank_timeout,2,10,4,716,0.22,card,0.714,1
pay_03624,cust_0669,811.67,authentication_failed,1,12,7,443,2.9,netbanking,0.632,1
pay_03625,cust_0496,8364.96,authentication_failed,3,19,0,561,3.85,netbanking,1.0,1
pay_03626,cust_2123,326.16,authentication_failed,1,10,0,793,3.65,netbanking,1.0,1
pay_03627,cust_1169,2579.12,bank_timeout,0,14,2,400,1.57,upi,0.875,1
pay_03628,cust_1408,1823.52,expired_card,1,17,7,313,4.53,upi,0.708,0
pay_03629,cust_1870,2226.67,invalid_card,1,14,8,202,4.91,card,0.636,0
pay_03630,cust_0127,267.52,insufficient_funds,2,17,7,521,2.35,netbanking,0.708,0
pay_03631,cust_1924,553.05,authentication_failed,1,10,6,492,4.2,netbanking,0.625,0
pay_03632,cust_1959,651.94,insufficient_funds,3,2,8,442,0.99,upi,0.2,0
pay_03633,cust_1665,5877.72,bank_timeout,3,6,8,152,1.28,card,0.429,0
pay_03634,cust_0811,7793.19,expired_card,2,12,6,405,4.06,card,0.667,0
pay_03635,cust_1134,2554.69,expired_card,2,18,5,324,0.61,card,0.783,0
pay_03636,cust_0447,394.83,insufficient_funds,1,16,3,948,1.35,netbanking,0.842,1
pay_03637,cust_2080,504.57,insufficient_funds,1,12,5,56,1.52,upi,0.706,1
pay_03638,cust_1454,318.82,authentication_failed,1,6,1,834,4.54,card,0.857,0
pay_03639,cust_0545,1544.5,invalid_card,2,4,7,463,2.63,upi,0.364,0
pay_03640,cust_0382,587.1,bank_timeout,1,10,6,991,4.22,card,0.625,1
pay_03641,cust_1273,2102.27,invalid_card,3,2,6,919,4.15,upi,0.25,0
pay_03642,cust_0718,464.27,invalid_card,0,0,3,109,2.72,upi,0.0,0
pay_03643,cust_0259,968.0,invalid_card,1,6,4,679,5.0,upi,0.6,0
pay_03644,cust_1514,947.85,insufficient_funds,2,13,7,721,0.95,card,0.65,1
pay_03645,cust_1067,525.85,authentication_failed,0,9,3,877,1.74,netbanking,0.75,1
pay_03646,cust_0869,4260.99,bank_timeout,3,20,0,538,3.5,netbanking,1.0,1
pay_03647,cust_2094,2563.56,invalid_card,0,7,4,823,0.31,upi,0.636,0
pay_03648,cust_1120,750.99,expired_card,2,10,4,457,3.59,card,0.714,0
pay_03649,cust_0320,7390.71,insufficient_funds,2,18,7,253,3.23,card,0.72,0
pay_03650,cust_0638,1463.84,invalid_card,1,19,4,307,4.47,upi,0.826,1
pay_03651,cust_0524,843.29,bank_timeout,2,1,7,603,2.53,card,0.125,0
pay_03652,cust_0062,463.15,bank_timeout,1,5,2,931,2.0,upi,0.714,1
pay_03653,cust_0103,2537.18,invalid_card,2,19,7,410,1.98,card,0.731,0
pay_03654,cust_1414,720.84,authentication_failed,2,6,1,60,2.93,card,0.857,0
pay_03655,cust_1439,8332.25,authentication_failed,0,18,5,523,0.98,card,0.783,0
pay_03656,cust_2088,271.67,authentication_failed,3,11,8,329,2.08,netbanking,0.579,1
pay_03657,cust_0073,1682.6,invalid_card,3,0,3,964,0.87,netbanking,0.0,0
pay_03658,cust_0408,5496.41,expired_card,0,4,0,527,1.77,card,1.0,0
pay_03659,cust_0520,9377.56,expired_card,0,20,6,875,1.37,card,0.769,0
pay_03660,cust_2184,996.81,expired_card,2,8,0,728,2.44,netbanking,1.0,1
pay_03661,cust_0415,371.25,insufficient_funds,1,1,3,805,2.05,card,0.25,0
pay_03662,cust_0737,1143.96,bank_timeout,0,20,6,455,3.35,upi,0.769,1
pay_03663,cust_1125,1976.94,bank_timeout,2,13,5,168,4.94,upi,0.722,1
pay_03664,cust_0103,553.09,insufficient_funds,0,2,6,111,3.21,netbanking,0.25,0
pay_03665,cust_2150,265.36,insufficient_funds,2,2,6,927,1.95,upi,0.25,0
pay_03666,cust_1097,518.8,authentication_failed,1,3,6,532,0.79,netbanking,0.333,0
pay_03667,cust_0536,2672.72,invalid_card,0,12,0,839,2.03,card,1.0,1
pay_03668,cust_1762,821.3,insufficient_funds,0,17,1,70,0.39,upi,0.944,1
pay_03669,cust_0660,440.9,insufficient_funds,0,14,0,782,1.79,netbanking,1.0,1
pay_03670,cust_1601,2355.34,invalid_card,3,18,0,937,1.2,upi,1.0,1
pay_03671,cust_0922,2455.73,invalid_card,0,0,3,790,4.14,netbanking,0.0,0
pay_03672,cust_1979,769.43,insufficient_funds,0,9,5,889,1.15,netbanking,0.643,1
pay_03673,cust_1084,462.09,invalid_card,0,0,2,432,4.77,card,0.0,0
pay_03674,cust_1920,8686.26,expired_card,0,13,3,571,0.78,netbanking,0.812,0
pay_03675,cust_0331,926.03,insufficient_funds,2,16,2,121,2.43,card,0.889,1
pay_03676,cust_0718,493.55,expired_card,0,17,8,760,2.2,netbanking,0.68,1
pay_03677,cust_0324,885.11,insufficient_funds,2,14,7,159,0.55,upi,0.667,1
pay_03678,cust_0547,332.57,invalid_card,3,7,5,161,0.52,upi,0.583,0
pay_03679,cust_0624,478.63,insufficient_funds,0,12,8,450,2.68,upi,0.6,1
pay_03680,cust_1775,3705.85,bank_timeout,2,13,8,612,1.74,upi,0.619,0
pay_03681,cust_1912,6215.1,authentication_failed,3,15,3,726,4.17,netbanking,0.833,0
pay_03682,cust_1532,812.62,bank_timeout,3,0,1,301,3.41,netbanking,0.0,1
pay_03683,cust_0070,3432.36,insufficient_funds,0,19,6,775,3.37,upi,0.76,1
pay_03684,cust_0912,528.92,expired_card,3,2,1,400,3.23,netbanking,0.667,0
pay_03685,cust_2493,671.94,authentication_failed,0,12,2,976,3.81,upi,0.857,1
pay_03686,cust_2375,404.05,expired_card,3,12,0,707,4.16,netbanking,1.0,1
pay_03687,cust_0791,207.01,authentication_failed,2,6,4,865,2.88,card,0.6,1
pay_03688,cust_1669,9972.74,invalid_card,1,9,7,178,1.54,netbanking,0.562,0
pay_03689,cust_1068,3660.27,expired_card,0,19,6,322,2.55,card,0.76,0
pay_03690,cust_0535,1781.29,authentication_failed,0,19,2,627,4.26,upi,0.905,1
pay_03691,cust_0427,2418.4,expired_card,1,12,2,478,2.44,upi,0.857,1
pay_03692,cust_0843,929.91,authentication_failed,3,12,3,302,0.13,upi,0.8,0
pay_03693,cust_0428,4828.38,invalid_card,1,4,4,440,4.24,upi,0.5,0
pay_03694,cust_1643,665.21,insufficient_funds,2,2,7,136,1.31,upi,0.222,0
pay_03695,cust_0589,1520.84,insufficient_funds,0,11,7,296,3.45,netbanking,0.611,1
pay_03696,cust_2157,1838.59,insufficient_funds,1,3,2,497,2.23,card,0.6,0
pay_03697,cust_2030,617.2,bank_timeout,2,4,4,875,4.77,upi,0.5,0
pay_03698,cust_2217,1030.92,bank_timeout,0,15,6,746,4.17,upi,0.714,0
pay_03699,cust_1276,321.22,insufficient_funds,0,9,7,915,1.19,netbanking,0.562,0
pay_03700,cust_0326,2012.38,authentication_failed,2,17,0,720,0.59,upi,1.0,0
pay_03701,cust_1879,341.45,expired_card,2,6,0,883,2.99,upi,1.0,1
pay_03702,cust_1847,283.54,bank_timeout,1,5,0,912,2.07,card,1.0,1
pay_03703,cust_0397,380.51,bank_timeout,1,14,6,287,1.68,netbanking,0.7,1
pay_03704,cust_1704,776.99,bank_timeout,3,10,6,212,4.95,netbanking,0.625,0
pay_03705,cust_0180,495.26,authentication_failed,0,0,3,30,0.1,netbanking,0.0,0
pay_03706,cust_0800,9056.0,bank_timeout,1,1,3,40,2.33,netbanking,0.25,1
pay_03707,cust_0252,770.65,bank_timeout,3,12,6,201,0.65,card,0.667,0
pay_03708,cust_1103,219.73,invalid_card,1,14,2,664,3.35,card,0.875,1
pay_03709,cust_2435,909.93,expired_card,1,9,2,750,4.42,netbanking,0.818,1
pay_03710,cust_0821,2272.95,authentication_failed,2,19,1,84,3.09,upi,0.95,1
pay_03711,cust_0941,6528.56,bank_timeout,1,8,6,700,1.16,netbanking,0.571,1
pay_03712,cust_2113,443.81,expired_card,3,11,3,48,3.52,upi,0.786,0
pay_03713,cust_0613,375.11,authentication_failed,0,13,7,609,1.71,upi,0.65,0
pay_03714,cust_0643,394.62,expired_card,2,17,1,859,0.45,upi,0.944,1
pay_03715,cust_0496,1558.85,authentication_failed,3,8,4,73,4.22,netbanking,0.667,0
pay_03716,cust_2361,8458.25,expired_card,0,15,2,51,4.16,netbanking,0.882,0
pay_03717,cust_2284,3144.62,expired_card,2,14,5,732,0.82,card,0.737,0
pay_03718,cust_0528,8314.94,authentication_failed,2,13,0,31,0.61,card,1.0,1
pay_03719,cust_2303,889.42,expired_card,2,15,0,34,0.76,netbanking,1.0,1
pay_03720,cust_1413,845.62,expired_card,2,13,0,666,4.7,netbanking,1.0,0
pay_03721,cust_1938,6728.07,expired_card,3,7,0,996,3.46,upi,1.0,0
pay_03722,cust_0871,298.99,insufficient_funds,3,7,4,686,2.35,card,0.636,0
pay_03723,cust_0330,909.17,bank_timeout,0,10,7,926,1.79,card,0.588,0
pay_03724,cust_1021,887.8,authentication_failed,3,11,7,398,3.67,upi,0.611,1
pay_03725,cust_1422,2114.34,insufficient_funds,3,12,4,542,2.44,netbanking,0.75,1
pay_03726,cust_0688,654.63,insufficient_funds,0,5,5,390,1.38,card,0.5,0
pay_03727,cust_1086,1571.14,bank_timeout,2,20,8,323,1.51,netbanking,0.714,0
pay_03728,cust_0025,2397.6,invalid_card,1,15,0,467,3.06,card,1.0,1
pay_03729,cust_1372,393.63,bank_timeout,3,11,5,363,2.86,netbanking,0.688,0
pay_03730,cust_0670,761.72,expired_card,3,14,1,112,2.65,card,0.933,0
pay_03731,cust_0443,688.34,invalid_card,2,17,0,916,3.01,card,1.0,1
pay_03732,cust_1360,4563.24,authentication_failed,3,8,3,681,1.6,upi,0.727,0
pay_03733,cust_1966,4485.43,insufficient_funds,0,16,7,854,2.35,upi,0.696,1
pay_03734,cust_1258,657.88,insufficient_funds,3,20,5,196,3.66,netbanking,0.8,0
pay_03735,cust_1832,2279.75,bank_timeout,0,4,6,50,1.92,netbanking,0.4,0
pay_03736,cust_2008,2255.81,expired_card,2,17,7,463,2.91,netbanking,0.708,1
pay_03737,cust_1534,368.58,bank_timeout,3,16,3,491,4.35,card,0.842,1
pay_03738,cust_0448,1483.3,insufficient_funds,1,8,5,626,3.61,card,0.615,0
pay_03739,cust_0827,684.52,expired_card,2,15,1,969,0.6,upi,0.938,0
pay_03740,cust_1570,1929.99,insufficient_funds,1,16,6,235,0.76,upi,0.727,1
pay_03741,cust_0225,245.16,bank_timeout,0,1,6,32,3.93,netbanking,0.143,0
pay_03742,cust_1985,4453.19,insufficient_funds,3,6,3,771,1.9,card,0.667,0
pay_03743,cust_1138,8632.04,insufficient_funds,2,4,1,398,3.63,card,0.8,1
pay_03744,cust_0362,279.7,invalid_card,1,12,8,404,0.31,card,0.6,1
pay_03745,cust_1278,584.57,bank_timeout,2,20,7,187,4.4,upi,0.741,1
pay_03746,cust_1051,659.46,insufficient_funds,0,3,3,657,0.18,upi,0.5,1
pay_03747,cust_1091,764.88,bank_timeout,0,16,7,66,3.78,upi,0.696,1
pay_03748,cust_1716,2984.29,expired_card,3,7,8,409,2.99,upi,0.467,0
pay_03749,cust_0260,4469.06,expired_card,3,18,8,73,0.31,netbanking,0.692,0
pay_03750,cust_1415,743.68,authentication_failed,3,19,2,445,3.19,card,0.905,0
pay_03751,cust_0004,1607.66,insufficient_funds,3,10,0,371,2.12,card,1.0,1
pay_03752,cust_1605,303.1,invalid_card,3,18,7,916,3.97,upi,0.72,0
pay_03753,cust_0546,248.14,insufficient_funds,1,2,1,918,0.28,upi,0.667,0
pay_03754,cust_1760,734.2,invalid_card,2,18,1,810,3.39,card,0.947,0
pay_03755,cust_0373,990.04,authentication_failed,0,4,2,251,0.87,upi,0.667,1
pay_03756,cust_1685,957.17,expired_card,2,4,2,297,3.72,upi,0.667,0
pay_03757,cust_0640,250.24,insufficient_funds,0,6,2,488,2.68,card,0.75,0
pay_03758,cust_2473,1322.07,insufficient_funds,3,18,1,761,4.67,netbanking,0.947,1
pay_03759,cust_1375,5664.05,invalid_card,2,16,4,447,3.7,card,0.8,1
pay_03760,cust_1540,9764.62,invalid_card,2,6,6,100,4.54,netbanking,0.5,0
pay_03761,cust_0015,7181.31,bank_timeout,3,1,2,526,4.75,card,0.333,0
pay_03762,cust_0500,8067.51,insufficient_funds,1,13,2,631,0.81,upi,0.867,1
pay_03763,cust_1316,7953.15,bank_timeout,1,9,3,999,2.56,netbanking,0.75,1
pay_03764,cust_0263,582.92,authentication_failed,1,16,1,231,2.55,card,0.941,1
pay_03765,cust_1333,9959.75,bank_timeout,0,18,4,971,4.94,upi,0.818,1
pay_03766,cust_0174,843.03,expired_card,1,5,2,287,4.07,upi,0.714,0
pay_03767,cust_1589,513.12,authentication_failed,1,20,5,65,1.47,netbanking,0.8,1
pay_03768,cust_0641,7498.42,expired_card,2,6,5,596,4.11,card,0.545,0
pay_03769,cust_0960,2016.42,authentication_failed,0,10,3,810,0.26,card,0.769,1
pay_03770,cust_1098,740.63,expired_card,1,7,2,788,3.52,upi,0.778,1
pay_03771,cust_0783,203.2,authentication_failed,2,16,4,433,3.44,upi,0.8,1
pay_03772,cust_1168,338.91,expired_card,1,11,6,920,1.88,netbanking,0.647,0
pay_03773,cust_2278,8867.82,insufficient_funds,1,10,2,723,3.45,netbanking,0.833,1
pay_03774,cust_1083,1221.03,expired_card,3,5,4,103,0.8,netbanking,0.556,1
pay_03775,cust_1672,2014.29,insufficient_funds,2,18,6,339,2.47,netbanking,0.75,1
pay_03776,cust_1018,1340.88,bank_timeout,1,0,6,357,1.43,netbanking,0.0,0
pay_03777,cust_0922,1134.24,insufficient_funds,1,15,1,383,0.83,netbanking,0.938,1
pay_03778,cust_1092,5345.71,authentication_failed,0,19,5,276,3.66,card,0.792,1
pay_03779,cust_0320,4143.87,expired_card,3,9,7,592,2.37,netbanking,0.562,0
pay_03780,cust_1782,4972.39,bank_timeout,3,0,7,566,0.49,card,0.0,0
pay_03781,cust_0163,1218.16,authentication_failed,2,12,4,995,0.73,card,0.75,0
pay_03782,cust_0461,420.67,expired_card,0,1,0,479,0.93,upi,1.0,0
pay_03783,cust_0788,865.25,insufficient_funds,1,0,6,326,0.38,upi,0.0,0
pay_03784,cust_1086,1916.38,bank_timeout,0,11,5,834,0.15,card,0.688,1
pay_03785,cust_0362,5215.17,invalid_card,3,14,5,693,0.67,card,0.737,0
pay_03786,cust_0476,278.46,authentication_failed,0,8,2,983,2.34,upi,0.8,1
pay_03787,cust_0212,404.59,insufficient_funds,0,3,1,958,3.58,upi,0.75,1
pay_03788,cust_0714,1192.33,authentication_failed,2,3,0,432,0.61,card,1.0,0
pay_03789,cust_1728,7881.89,bank_timeout,2,6,1,899,3.52,upi,0.857,1
pay_03790,cust_2035,947.45,expired_card,0,17,4,358,4.09,netbanking,0.81,0
pay_03791,cust_0725,289.19,authentication_failed,1,10,3,862,1.25,upi,0.769,1
pay_03792,cust_0160,507.45,insufficient_funds,0,8,0,56,4.08,netbanking,1.0,1
pay_03793,cust_2069,233.28,authentication_failed,1,16,8,488,4.3,card,0.667,1
pay_03794,cust_1253,667.38,expired_card,1,9,5,870,0.32,upi,0.643,1
pay_03795,cust_1660,6727.29,authentication_failed,3,8,8,94,4.41,upi,0.5,0
pay_03796,cust_0154,975.15,invalid_card,2,6,0,783,2.19,card,1.0,0
pay_03797,cust_1929,348.31,insufficient_funds,0,16,2,287,4.81,upi,0.889,1
pay_03798,cust_2062,611.32,bank_timeout,0,11,7,620,0.97,netbanking,0.611,1
pay_03799,cust_2302,3587.19,bank_timeout,0,14,2,633,4.08,card,0.875,1
pay_03800,cust_1333,8897.75,insufficient_funds,3,18,6,824,0.64,netbanking,0.75,1
pay_03801,cust_0359,454.26,authentication_failed,3,12,7,251,3.81,card,0.632,0
pay_03802,cust_0085,2775.08,insufficient_funds,3,12,7,468,0.14,upi,0.632,1
pay_03803,cust_1395,305.27,authentication_failed,1,1,6,670,3.15,card,0.143,0
pay_03804,cust_1478,2522.5,expired_card,2,9,1,629,2.91,upi,0.9,1
pay_03805,cust_1180,5924.04,insufficient_funds,0,5,0,480,2.05,upi,1.0,1
pay_03806,cust_2381,1219.01,authentication_failed,1,13,7,564,1.39,netbanking,0.65,0
pay_03807,cust_0059,270.1,insufficient_funds,3,14,5,410,0.21,upi,0.737,1
pay_03808,cust_0167,282.72,expired_card,2,20,2,944,0.97,upi,0.909,0
pay_03809,cust_1320,768.65,authentication_failed,1,13,7,328,2.82,card,0.65,0
pay_03810,cust_1811,940.36,expired_card,2,7,4,707,3.52,card,0.636,0
pay_03811,cust_2023,284.34,bank_timeout,3,17,0,810,4.15,card,1.0,0
pay_03812,cust_0106,769.35,bank_timeout,1,7,4,958,0.57,card,0.636,1
pay_03813,cust_1659,6247.8,authentication_failed,2,3,6,438,0.51,netbanking,0.333,0
pay_03814,cust_0076,348.6,expired_card,2,12,1,474,4.8,card,0.923,1
pay_03815,cust_0579,8879.61,bank_timeout,0,0,5,305,3.92,upi,0.0,0
pay_03816,cust_0155,2490.59,invalid_card,2,18,2,954,0.55,upi,0.9,0
pay_03817,cust_2173,2013.78,authentication_failed,1,6,7,311,1.83,netbanking,0.462,1
pay_03818,cust_2485,6787.13,invalid_card,2,9,4,259,3.69,card,0.692,0
pay_03819,cust_0920,399.89,authentication_failed,2,14,5,258,3.91,card,0.737,0
pay_03820,cust_1917,720.95,expired_card,0,0,2,322,4.67,card,0.0,0
pay_03821,cust_0680,768.07,expired_card,0,10,1,838,4.88,upi,0.909,0
pay_03822,cust_0654,8145.31,insufficient_funds,0,12,6,924,1.65,card,0.667,1
pay_03823,cust_1826,8144.6,expired_card,1,18,3,600,4.11,netbanking,0.857,1
pay_03824,cust_1027,2255.28,expired_card,1,18,8,438,1.05,card,0.692,0
pay_03825,cust_0814,422.95,authentication_failed,2,9,8,430,4.98,card,0.529,0
pay_03826,cust_0563,701.81,insufficient_funds,1,0,7,47,2.38,upi,0.0,1
pay_03827,cust_2462,5040.12,authentication_failed,0,2,5,93,2.63,upi,0.286,0
pay_03828,cust_0926,472.61,bank_timeout,1,19,4,385,1.44,netbanking,0.826,1
pay_03829,cust_0357,1991.85,invalid_card,2,4,5,54,2.34,netbanking,0.444,0
pay_03830,cust_1264,1091.6,insufficient_funds,0,14,8,468,2.29,netbanking,0.636,0
pay_03831,cust_1364,1641.38,invalid_card,3,1,3,431,4.31,netbanking,0.25,0
pay_03832,cust_0856,9803.71,expired_card,2,2,6,782,1.2,card,0.25,0
pay_03833,cust_1295,853.68,expired_card,1,13,4,588,1.78,netbanking,0.765,0
pay_03834,cust_1818,8211.32,bank_timeout,3,2,4,921,4.57,card,0.333,0
pay_03835,cust_0121,2531.01,insufficient_funds,0,1,2,365,2.12,netbanking,0.333,0
pay_03836,cust_2093,9489.6,bank_timeout,1,20,8,515,2.44,upi,0.714,1
pay_03837,cust_1567,9571.35,insufficient_funds,2,3,3,492,1.44,upi,0.5,0
pay_03838,cust_0027,2562.89,invalid_card,1,18,3,965,3.37,upi,0.857,0
pay_03839,cust_1961,1739.3,insufficient_funds,2,18,8,804,4.94,card,0.692,1
pay_03840,cust_2345,5304.32,expired_card,1,5,0,906,2.93,netbanking,1.0,1
pay_03841,cust_1795,1519.67,authentication_failed,1,19,0,99,4.73,netbanking,1.0,1
pay_03842,cust_1919,314.53,expired_card,2,4,8,491,0.41,card,0.333,0
pay_03843,cust_1447,1542.57,bank_timeout,1,18,7,950,3.61,card,0.72,1
pay_03844,cust_2250,294.38,bank_timeout,2,17,0,338,3.52,netbanking,1.0,1
pay_03845,cust_2112,356.55,authentication_failed,3,12,3,939,4.5,netbanking,0.8,0
pay_03846,cust_1045,6073.93,insufficient_funds,2,14,8,497,1.05,card,0.636,0
pay_03847,cust_2200,943.73,insufficient_funds,3,6,6,984,2.42,netbanking,0.5,1
pay_03848,cust_0352,269.36,bank_timeout,0,12,6,455,4.35,card,0.667,1
pay_03849,cust_0493,5779.4,invalid_card,1,2,8,171,0.98,upi,0.2,1
pay_03850,cust_1903,4803.18,authentication_failed,3,1,7,134,2.02,upi,0.125,0
pay_03851,cust_1816,633.57,expired_card,2,5,3,353,4.98,upi,0.625,0
pay_03852,cust_2448,1051.76,insufficient_funds,3,7,4,379,1.42,card,0.636,0
pay_03853,cust_1172,2511.47,expired_card,1,5,1,600,0.66,netbanking,0.833,1
pay_03854,cust_2318,9774.67,insufficient_funds,3,15,6,713,3.07,upi,0.714,0
pay_03855,cust_0480,1782.0,bank_timeout,1,6,6,941,1.55,netbanking,0.5,1
pay_03856,cust_1429,504.05,bank_timeout,0,1,1,194,1.75,netbanking,0.5,1
pay_03857,cust_1229,2537.76,authentication_failed,2,18,7,512,0.31,netbanking,0.72,0
pay_03858,cust_0391,739.56,expired_card,1,5,0,98,4.5,netbanking,1.0,1
pay_03859,cust_0887,9048.76,invalid_card,1,13,8,473,1.25,netbanking,0.619,0
pay_03860,cust_1231,493.89,insufficient_funds,3,6,2,832,2.12,netbanking,0.75,0
pay_03861,cust_1837,427.41,expired_card,2,4,2,804,0.47,card,0.667,1
pay_03862,cust_0717,1424.74,insufficient_funds,3,17,2,91,2.92,upi,0.895,1
pay_03863,cust_0849,349.79,bank_timeout,1,18,8,226,2.98,netbanking,0.692,0
pay_03864,cust_2441,1209.6,authentication_failed,2,15,6,110,2.23,upi,0.714,1
pay_03865,cust_0250,415.93,expired_card,0,0,5,728,4.92,netbanking,0.0,0
pay_03866,cust_1107,759.88,insufficient_funds,1,7,6,30,4.59,upi,0.538,0
pay_03867,cust_2022,2470.0,expired_card,2,19,2,621,0.5,netbanking,0.905,1
pay_03868,cust_1942,377.57,authentication_failed,1,12,4,97,2.5,card,0.75,0
pay_03869,cust_1706,1257.54,authentication_failed,1,12,0,952,2.89,upi,1.0,0
pay_03870,cust_0112,465.96,insufficient_funds,1,13,0,669,1.99,upi,1.0,1
pay_03871,cust_0862,2688.42,authentication_failed,1,4,0,33,4.27,upi,1.0,0
pay_03872,cust_1696,209.01,expired_card,1,11,6,792,0.95,card,0.647,0
pay_03873,cust_1263,402.15,expired_card,3,1,4,451,1.45,netbanking,0.2,0
pay_03874,cust_1354,989.81,bank_timeout,2,1,5,943,3.85,netbanking,0.167,0
pay_03875,cust_1846,835.44,expired_card,0,20,0,270,2.61,card,1.0,1
pay_03876,cust_2373,221.08,authentication_failed,2,4,1,549,4.58,netbanking,0.8,0
pay_03877,cust_1361,401.94,expired_card,1,19,4,177,2.99,netbanking,0.826,0
pay_03878,cust_0134,756.87,expired_card,2,15,8,839,1.08,netbanking,0.652,1
pay_03879,cust_2230,212.53,bank_timeout,2,17,8,449,2.88,card,0.68,1
pay_03880,cust_1253,4763.81,authentication_failed,1,8,0,770,3.0,card,1.0,1
pay_03881,cust_0482,476.26,bank_timeout,3,2,7,929,0.26,netbanking,0.222,0
pay_03882,cust_0153,489.5,bank_timeout,1,8,8,977,0.61,netbanking,0.5,0
pay_03883,cust_2387,9187.72,bank_timeout,2,13,1,308,1.42,upi,0.929,1
pay_03884,cust_0637,8134.08,insufficient_funds,0,19,3,707,0.73,card,0.864,1
pay_03885,cust_1366,242.69,insufficient_funds,1,5,4,798,3.55,upi,0.556,1
pay_03886,cust_2454,9519.01,insufficient_funds,0,12,6,761,2.86,card,0.667,1
pay_03887,cust_2115,225.41,bank_timeout,1,7,0,155,2.16,netbanking,1.0,1
pay_03888,cust_2375,9907.65,bank_timeout,1,17,3,427,2.57,card,0.85,1
pay_03889,cust_0408,287.03,invalid_card,0,10,3,554,3.4,upi,0.769,0
pay_03890,cust_2341,2459.51,bank_timeout,0,13,8,266,2.05,netbanking,0.619,1
pay_03891,cust_1358,7900.32,bank_timeout,2,3,0,882,4.7,upi,1.0,1
pay_03892,cust_2388,222.87,expired_card,2,2,8,349,3.01,upi,0.2,0
pay_03893,cust_1508,711.66,insufficient_funds,1,4,8,342,0.79,upi,0.333,0
pay_03894,cust_2149,820.91,insufficient_funds,0,20,7,206,1.98,card,0.741,1
pay_03895,cust_0436,1525.13,invalid_card,0,7,1,327,1.88,netbanking,0.875,1
pay_03896,cust_1556,686.07,expired_card,1,0,0,148,0.65,card,0.0,0
pay_03897,cust_0270,650.88,invalid_card,3,16,0,898,1.92,netbanking,1.0,0
pay_03898,cust_0566,944.89,invalid_card,2,18,7,439,3.15,card,0.72,1
pay_03899,cust_1938,867.28,expired_card,3,20,4,109,0.41,upi,0.833,0
pay_03900,cust_1425,5029.41,invalid_card,3,12,3,252,2.87,card,0.8,0
pay_03901,cust_2073,1226.25,invalid_card,0,11,2,161,0.32,upi,0.846,1
pay_03902,cust_0271,242.21,expired_card,1,11,3,271,3.28,card,0.786,1
pay_03903,cust_0567,262.07,invalid_card,3,12,7,344,3.42,card,0.632,0
pay_03904,cust_1693,1228.84,insufficient_funds,0,11,7,588,4.52,card,0.611,1
pay_03905,cust_0526,1394.31,authentication_failed,0,5,6,338,0.74,upi,0.455,0
pay_03906,cust_1652,1604.37,invalid_card,1,14,1,861,1.48,netbanking,0.933,0
pay_03907,cust_2259,3161.41,insufficient_funds,3,16,4,677,1.6,card,0.8,0
pay_03908,cust_0202,2649.77,bank_timeout,2,7,7,652,4.15,upi,0.5,0
pay_03909,cust_1664,6770.59,invalid_card,0,17,8,107,2.09,card,0.68,0
pay_03910,cust_2155,4541.6,invalid_card,3,14,8,788,1.53,upi,0.636,0
pay_03911,cust_0514,337.84,authentication_failed,0,10,6,537,1.7,netbanking,0.625,1
pay_03912,cust_1167,1669.91,expired_card,3,19,7,682,4.06,netbanking,0.731,0
pay_03913,cust_1886,379.34,expired_card,2,10,3,57,4.96,netbanking,0.769,1
pay_03914,cust_0292,3730.2,bank_timeout,1,3,2,618,3.17,upi,0.6,1
pay_03915,cust_1464,1516.41,bank_timeout,0,15,7,325,3.21,upi,0.682,1
pay_03916,cust_1455,577.85,expired_card,3,9,2,547,3.75,card,0.818,1
pay_03917,cust_0631,1550.13,authentication_failed,0,14,2,415,1.77,upi,0.875,1
pay_03918,cust_0253,4949.88,invalid_card,3,14,3,479,0.93,card,0.824,0
pay_03919,cust_0138,1321.43,invalid_card,1,5,0,413,3.69,netbanking,1.0,0
pay_03920,cust_1731,417.49,expired_card,2,8,5,159,1.17,netbanking,0.615,0
pay_03921,cust_1025,373.11,bank_timeout,3,15,6,794,0.27,card,0.714,1
pay_03922,cust_0240,1489.66,insufficient_funds,3,10,1,646,1.94,netbanking,0.909,1
pay_03923,cust_2418,5360.93,expired_card,0,8,3,306,4.5,card,0.727,0
pay_03924,cust_0736,208.84,invalid_card,1,5,2,604,2.39,upi,0.714,0
pay_03925,cust_2448,8136.37,expired_card,3,1,1,527,3.89,card,0.5,0
pay_03926,cust_1930,399.3,insufficient_funds,0,6,0,698,1.82,card,1.0,0
pay_03927,cust_2378,603.73,bank_timeout,3,15,5,75,1.42,card,0.75,0
pay_03928,cust_2148,1484.07,authentication_failed,3,17,4,449,0.27,netbanking,0.81,0
pay_03929,cust_0450,1835.82,expired_card,2,4,7,629,1.31,netbanking,0.364,0
pay_03930,cust_2409,9186.07,insufficient_funds,3,19,0,349,2.42,netbanking,1.0,0
pay_03931,cust_1557,2220.82,expired_card,0,18,0,805,4.0,upi,1.0,1
pay_03932,cust_0813,7620.98,insufficient_funds,0,6,5,453,3.91,upi,0.545,1
pay_03933,cust_0690,8270.31,expired_card,3,0,4,580,3.82,upi,0.0,0
pay_03934,cust_1464,2185.73,invalid_card,1,5,2,719,2.08,netbanking,0.714,1
pay_03935,cust_2479,220.38,bank_timeout,1,14,2,845,4.84,upi,0.875,1
pay_03936,cust_0317,645.29,expired_card,2,2,8,483,1.72,card,0.2,0
pay_03937,cust_1960,5620.19,bank_timeout,2,11,8,949,4.11,card,0.579,0
pay_03938,cust_0965,2170.03,insufficient_funds,1,6,7,553,1.17,netbanking,0.462,0
pay_03939,cust_0461,5723.04,invalid_card,0,17,0,522,2.99,netbanking,1.0,1
pay_03940,cust_1709,8680.15,expired_card,1,13,0,317,2.4,card,1.0,1
pay_03941,cust_0024,384.64,expired_card,0,6,7,325,2.3,card,0.462,0
pay_03942,cust_0724,7415.39,authentication_failed,2,18,5,296,0.87,netbanking,0.783,0
pay_03943,cust_1707,562.85,invalid_card,1,4,4,60,3.43,netbanking,0.5,0
pay_03944,cust_0713,2563.18,authentication_failed,0,20,6,972,0.47,netbanking,0.769,0
pay_03945,cust_2053,206.64,expired_card,1,7,6,770,0.97,card,0.538,0
pay_03946,cust_0601,3889.04,expired_card,2,4,6,530,1.24,netbanking,0.4,0
pay_03947,cust_0549,854.73,insufficient_funds,2,7,2,357,0.35,upi,0.778,1
pay_03948,cust_0395,9115.41,expired_card,0,2,6,376,4.09,upi,0.25,0
pay_03949,cust_0281,1346.81,insufficient_funds,1,18,6,466,4.09,card,0.75,1
pay_03950,cust_0020,974.24,authentication_failed,3,9,7,97,4.88,upi,0.562,0
pay_03951,cust_0383,7607.83,bank_timeout,0,18,1,580,1.39,card,0.947,1
pay_03952,cust_1637,682.11,invalid_card,2,2,6,499,4.42,netbanking,0.25,0
pay_03953,cust_1723,393.64,authentication_failed,3,18,7,445,0.4,upi,0.72,0
pay_03954,cust_0753,2965.9,insufficient_funds,1,14,0,785,1.42,upi,1.0,1
pay_03955,cust_1032,5926.22,bank_timeout,3,14,7,812,1.43,card,0.667,1
pay_03956,cust_1120,572.42,insufficient_funds,3,6,8,124,3.37,netbanking,0.429,1
pay_03957,cust_2361,1887.07,insufficient_funds,1,18,5,583,1.26,card,0.783,1
pay_03958,cust_2292,297.08,insufficient_funds,2,6,5,119,4.83,upi,0.545,0
pay_03959,cust_1302,865.2,insufficient_funds,3,2,1,945,5.0,netbanking,0.667,0
pay_03960,cust_0944,477.93,expired_card,1,7,8,997,4.51,upi,0.467,0
pay_03961,cust_1326,741.9,bank_timeout,3,17,2,613,4.74,card,0.895,1
pay_03962,cust_2425,627.1,authentication_failed,2,14,1,720,2.83,upi,0.933,0
pay_03963,cust_2347,485.25,invalid_card,1,11,4,641,3.06,netbanking,0.733,1
pay_03964,cust_0438,660.8,bank_timeout,3,3,3,454,2.38,netbanking,0.5,0
pay_03965,cust_1192,1200.83,expired_card,1,14,0,525,3.79,card,1.0,1
pay_03966,cust_0971,313.77,invalid_card,2,7,1,208,0.63,netbanking,0.875,1
pay_03967,cust_2166,7640.66,authentication_failed,1,19,6,487,4.93,upi,0.76,1
pay_03968,cust_0216,280.86,invalid_card,3,10,8,424,3.48,upi,0.556,1
pay_03969,cust_2013,507.12,expired_card,1,3,7,372,1.7,upi,0.3,0
pay_03970,cust_0005,918.13,authentication_failed,2,1,3,647,4.38,netbanking,0.25,0
pay_03971,cust_0515,452.62,authentication_failed,0,8,2,394,4.68,upi,0.8,0
pay_03972,cust_0254,695.77,authentication_failed,2,5,8,803,2.66,upi,0.385,1
pay_03973,cust_0778,9941.01,authentication_failed,2,6,5,578,3.53,card,0.545,0
pay_03974,cust_1495,9173.41,invalid_card,2,16,6,750,4.02,card,0.727,0
pay_03975,cust_2358,666.72,invalid_card,3,6,6,444,0.97,netbanking,0.5,0
pay_03976,cust_2038,1231.63,bank_timeout,2,19,5,385,4.89,netbanking,0.792,1
pay_03977,cust_2481,1095.27,authentication_failed,1,19,4,581,2.12,netbanking,0.826,0
pay_03978,cust_0251,2407.05,expired_card,3,18,3,747,4.18,card,0.857,1
pay_03979,cust_1226,2793.29,bank_timeout,2,8,4,769,4.38,card,0.667,1
pay_03980,cust_0136,730.84,authentication_failed,3,8,0,346,0.21,upi,1.0,0
pay_03981,cust_1516,246.67,bank_timeout,2,14,6,419,4.68,upi,0.7,1
pay_03982,cust_0949,9169.79,expired_card,0,18,0,434,3.55,card,1.0,0
pay_03983,cust_1449,428.97,invalid_card,1,8,6,135,1.88,card,0.571,0
pay_03984,cust_0172,855.36,authentication_failed,1,1,2,872,1.66,card,0.333,0
pay_03985,cust_0863,384.46,insufficient_funds,3,8,7,210,3.12,upi,0.533,0
pay_03986,cust_0225,998.61,authentication_failed,2,19,7,383,2.45,card,0.731,0
pay_03987,cust_1200,3954.68,bank_timeout,1,7,8,587,4.47,card,0.467,0
pay_03988,cust_1698,784.8,insufficient_funds,1,9,1,243,0.3,netbanking,0.9,1
pay_03989,cust_1730,2541.14,authentication_failed,1,11,3,925,4.98,card,0.786,0
pay_03990,cust_0487,840.74,bank_timeout,1,20,0,806,3.55,upi,1.0,1
pay_03991,cust_1860,859.14,insufficient_funds,0,13,3,612,0.91,upi,0.812,0
pay_03992,cust_0901,219.11,insufficient_funds,0,17,0,187,4.63,netbanking,1.0,1
pay_03993,cust_0965,9979.58,insufficient_funds,1,11,7,652,4.43,netbanking,0.611,1
pay_03994,cust_0983,433.7,authentication_failed,1,11,4,961,3.92,netbanking,0.733,0
pay_03995,cust_0758,624.26,expired_card,1,7,8,749,1.39,card,0.467,0
pay_03996,cust_0590,2266.72,expired_card,0,19,0,700,1.04,card,1.0,0
pay_03997,cust_1496,2789.07,bank_timeout,0,0,6,900,3.62,netbanking,0.0,1
pay_03998,cust_0928,1368.44,bank_timeout,0,5,4,620,2.01,upi,0.556,1
pay_03999,cust_2135,1470.7,expired_card,1,0,1,31,3.43,netbanking,0.0,0
pay_04000,cust_0459,2806.04,expired_card,2,17,4,533,3.01,upi,0.81,0
pay_04001,cust_0017,8093.98,insufficient_funds,1,5,1,769,3.29,card,0.833,1
pay_04002,cust_1869,805.54,authentication_failed,0,6,2,36,3.49,card,0.75,1
pay_04003,cust_0434,415.93,insufficient_funds,3,5,5,867,4.18,card,0.5,0
pay_04004,cust_1339,6018.8,insufficient_funds,0,15,6,818,4.64,netbanking,0.714,0
pay_04005,cust_0867,5442.31,invalid_card,3,17,2,150,4.54,upi,0.895,0
pay_04006,cust_2004,2705.71,authentication_failed,2,17,2,684,3.15,netbanking,0.895,0
pay_04007,cust_1506,967.43,authentication_failed,2,19,0,627,4.49,netbanking,1.0,0
pay_04008,cust_2322,648.2,invalid_card,1,14,8,958,3.58,upi,0.636,0
pay_04009,cust_0719,6555.85,expired_card,3,13,5,950,3.35,upi,0.722,1
pay_04010,cust_2035,1235.11,insufficient_funds,3,19,6,975,1.47,upi,0.76,0
pay_04011,cust_1381,686.65,expired_card,3,0,4,923,0.91,upi,0.0,0
pay_04012,cust_1075,312.37,expired_card,3,13,0,739,4.76,netbanking,1.0,1
pay_04013,cust_1597,2636.99,insufficient_funds,2,3,6,175,3.84,netbanking,0.333,0
pay_04014,cust_1353,898.51,bank_timeout,1,3,2,814,3.9,upi,0.6,0
pay_04015,cust_0919,2633.22,invalid_card,3,12,3,361,4.79,card,0.8,0
pay_04016,cust_0393,7130.19,insufficient_funds,0,4,5,312,1.91,upi,0.444,0
pay_04017,cust_2296,864.33,expired_card,2,18,1,473,2.99,netbanking,0.947,1
pay_04018,cust_0913,2289.61,bank_timeout,3,20,5,111,0.74,card,0.8,0
pay_04019,cust_0029,2095.87,authentication_failed,1,2,1,111,1.51,upi,0.667,1
pay_04020,cust_2488,325.98,insufficient_funds,0,9,5,649,3.78,upi,0.643,1
pay_04021,cust_0418,384.54,expired_card,3,11,8,242,1.38,netbanking,0.579,0
pay_04022,cust_1192,1335.89,bank_timeout,2,2,8,221,2.77,card,0.2,1
pay_04023,cust_1668,784.57,expired_card,0,11,4,152,1.74,upi,0.733,1
pay_04024,cust_0495,8843.56,insufficient_funds,3,0,6,124,4.55,upi,0.0,0
pay_04025,cust_1736,556.26,authentication_failed,1,12,5,825,3.95,upi,0.706,0
pay_04026,cust_2409,447.93,invalid_card,1,4,6,643,4.21,netbanking,0.4,0
pay_04027,cust_0453,445.19,invalid_card,1,15,6,157,0.2,card,0.714,0
pay_04028,cust_0696,1153.84,expired_card,3,18,1,372,4.76,netbanking,0.947,0
pay_04029,cust_1923,1522.45,invalid_card,1,15,5,610,4.35,card,0.75,0
pay_04030,cust_1101,8147.56,insufficient_funds,0,20,1,152,3.63,card,0.952,1
pay_04031,cust_0958,804.44,bank_timeout,2,7,2,312,0.5,card,0.778,0
pay_04032,cust_1812,3687.9,authentication_failed,3,7,3,793,2.6,upi,0.7,0
pay_04033,cust_0168,861.6,insufficient_funds,1,5,0,342,1.48,netbanking,1.0,1
pay_04034,cust_1204,3785.4,authentication_failed,0,13,4,630,1.83,netbanking,0.765,1
pay_04035,cust_0457,1581.53,authentication_failed,0,0,2,553,1.54,netbanking,0.0,0
pay_04036,cust_0546,548.65,insufficient_funds,3,15,4,244,1.36,card,0.789,0
pay_04037,cust_0919,8171.28,authentication_failed,2,20,1,539,1.19,card,0.952,1
pay_04038,cust_1008,759.76,insufficient_funds,2,4,7,661,2.15,card,0.364,0
pay_04039,cust_1508,5697.24,insufficient_funds,0,13,2,74,2.62,netbanking,0.867,1
pay_04040,cust_0434,8424.51,invalid_card,2,6,6,186,4.16,upi,0.5,0
pay_04041,cust_0524,233.88,insufficient_funds,2,8,6,584,4.6,card,0.571,0
pay_04042,cust_2376,2638.88,authentication_failed,2,11,4,714,4.57,netbanking,0.733,0
pay_04043,cust_2392,796.31,insufficient_funds,3,8,4,158,3.43,upi,0.667,0
pay_04044,cust_1835,2137.45,invalid_card,0,9,4,294,1.6,upi,0.692,1
pay_04045,cust_1488,757.89,expired_card,3,9,6,355,4.34,card,0.6,0
pay_04046,cust_2295,9867.43,authentication_failed,1,2,3,991,3.02,upi,0.4,0
pay_04047,cust_0917,2234.29,authentication_failed,1,15,7,525,4.49,card,0.682,0
pay_04048,cust_0543,2474.89,bank_timeout,2,3,2,354,4.86,card,0.6,0
pay_04049,cust_0007,413.97,bank_timeout,3,4,2,265,4.88,upi,0.667,1
pay_04050,cust_1865,3481.8,expired_card,3,1,0,906,2.21,card,1.0,0
pay_04051,cust_0661,7647.63,invalid_card,1,11,2,129,4.96,card,0.846,0
pay_04052,cust_2175,2934.36,authentication_failed,3,7,2,1000,0.53,card,0.778,1
pay_04053,cust_2473,283.34,authentication_failed,2,16,8,757,3.37,netbanking,0.667,1
pay_04054,cust_2162,549.76,authentication_failed,3,17,3,322,0.76,card,0.85,1
pay_04055,cust_0009,2315.39,expired_card,2,6,3,320,2.86,card,0.667,0
pay_04056,cust_1859,1889.18,insufficient_funds,1,5,4,181,1.46,netbanking,0.556,0
pay_04057,cust_0803,447.39,authentication_failed,0,14,3,144,1.94,netbanking,0.824,1
pay_04058,cust_0908,6609.88,bank_timeout,2,15,8,274,4.21,upi,0.652,0
pay_04059,cust_0117,559.3,expired_card,3,19,1,81,0.82,upi,0.95,1
pay_04060,cust_0457,751.06,expired_card,2,5,0,481,1.98,upi,1.0,1
pay_04061,cust_2388,538.47,insufficient_funds,3,15,8,620,1.85,card,0.652,0
pay_04062,cust_1746,320.71,insufficient_funds,2,9,0,799,0.81,upi,1.0,1
pay_04063,cust_1793,4555.68,bank_timeout,3,11,1,55,4.92,upi,0.917,0
pay_04064,cust_0080,2500.05,bank_timeout,3,20,3,591,1.42,netbanking,0.87,1
pay_04065,cust_1848,1182.07,expired_card,0,12,3,911,0.33,netbanking,0.8,1
pay_04066,cust_0723,4112.4,bank_timeout,1,10,1,125,0.78,upi,0.909,1
pay_04067,cust_2136,479.27,insufficient_funds,3,4,3,481,0.22,card,0.571,0
pay_04068,cust_0152,726.73,expired_card,1,18,2,363,1.48,card,0.9,1
pay_04069,cust_1612,4949.71,bank_timeout,3,19,1,334,1.92,card,0.95,1
pay_04070,cust_2438,1769.37,bank_timeout,3,5,4,477,2.18,card,0.556,0
pay_04071,cust_1573,7885.01,insufficient_funds,2,20,7,632,0.16,upi,0.741,0
pay_04072,cust_1457,667.33,insufficient_funds,3,8,2,405,1.52,upi,0.8,1
pay_04073,cust_1843,3581.66,insufficient_funds,1,9,8,667,2.48,netbanking,0.529,1
pay_04074,cust_0910,1245.6,bank_timeout,2,5,1,128,3.88,netbanking,0.833,1
pay_04075,cust_1303,1009.66,bank_timeout,3,19,0,750,2.67,netbanking,1.0,1
pay_04076,cust_2245,1481.68,expired_card,1,13,4,358,1.39,netbanking,0.765,1
pay_04077,cust_2302,6955.52,expired_card,2,9,2,677,2.95,card,0.818,0
pay_04078,cust_0237,6710.85,expired_card,2,18,7,937,3.39,upi,0.72,0
pay_04079,cust_1343,6656.95,invalid_card,2,7,0,807,2.61,card,1.0,0
pay_04080,cust_1367,1807.7,expired_card,0,19,3,725,4.54,card,0.864,0
pay_04081,cust_0651,705.95,invalid_card,1,6,7,951,0.62,upi,0.462,0
pay_04082,cust_0035,8543.12,bank_timeout,0,17,7,389,2.32,upi,0.708,1
pay_04083,cust_1501,260.17,bank_timeout,0,2,4,349,4.05,netbanking,0.333,0
pay_04084,cust_1121,2914.63,insufficient_funds,0,6,6,534,1.71,netbanking,0.5,1
pay_04085,cust_0059,1444.05,insufficient_funds,0,14,1,882,1.03,card,0.933,0
pay_04086,cust_0139,424.13,authentication_failed,3,14,0,595,2.38,upi,1.0,1
pay_04087,cust_0959,984.58,invalid_card,1,15,4,453,4.64,upi,0.789,1
pay_04088,cust_0346,9383.81,invalid_card,0,0,7,86,0.41,upi,0.0,0
pay_04089,cust_0883,238.68,authentication_failed,3,3,0,569,4.56,card,1.0,1
pay_04090,cust_0999,442.23,insufficient_funds,1,4,1,203,3.54,card,0.8,1
pay_04091,cust_2293,447.63,insufficient_funds,0,17,1,781,1.96,card,0.944,1
pay_04092,cust_0803,8479.51,invalid_card,3,2,0,888,4.91,netbanking,1.0,0
pay_04093,cust_1154,9580.02,bank_timeout,1,4,5,144,2.88,card,0.444,0
pay_04094,cust_1054,9557.33,insufficient_funds,3,4,1,94,4.5,upi,0.8,0
pay_04095,cust_1986,2624.67,authentication_failed,2,10,0,190,3.56,upi,1.0,1
pay_04096,cust_0642,541.73,expired_card,0,10,7,1000,1.79,upi,0.588,0
pay_04097,cust_1347,939.19,invalid_card,1,11,2,262,0.67,card,0.846,1
pay_04098,cust_1897,643.45,bank_timeout,1,0,6,122,3.48,card,0.0,1
pay_04099,cust_0534,6146.84,expired_card,1,5,8,793,2.5,upi,0.385,1
pay_04100,cust_0045,1123.5,authentication_failed,1,1,6,457,2.02,upi,0.143,0
pay_04101,cust_1840,718.06,authentication_failed,2,19,1,958,4.91,upi,0.95,1
pay_04102,cust_0171,1245.89,expired_card,2,9,6,382,2.39,upi,0.6,0
pay_04103,cust_0484,906.8,expired_card,3,16,3,680,4.23,card,0.842,0
pay_04104,cust_2135,731.67,invalid_card,3,10,4,804,3.69,upi,0.714,0
pay_04105,cust_1186,2536.19,invalid_card,2,10,4,693,0.39,netbanking,0.714,0
pay_04106,cust_0124,5101.46,invalid_card,2,11,3,597,4.95,upi,0.786,1
pay_04107,cust_0706,2959.46,bank_timeout,2,12,6,557,4.06,card,0.667,0
pay_04108,cust_0543,2925.57,invalid_card,2,9,2,710,0.13,netbanking,0.818,0
pay_04109,cust_0906,4412.64,invalid_card,0,11,7,523,4.86,card,0.611,0
pay_04110,cust_0407,473.27,invalid_card,1,2,5,279,3.09,card,0.286,0
pay_04111,cust_0658,9126.26,expired_card,0,12,3,949,3.04,card,0.8,1
pay_04112,cust_1493,942.6,insufficient_funds,0,1,8,879,0.55,upi,0.111,0
pay_04113,cust_0125,926.62,invalid_card,1,4,0,723,1.94,upi,1.0,0
pay_04114,cust_1627,368.76,authentication_failed,3,6,2,922,2.03,card,0.75,0
pay_04115,cust_1824,612.94,insufficient_funds,0,14,5,264,4.31,netbanking,0.737,0
pay_04116,cust_2061,458.38,expired_card,3,9,2,636,1.18,card,0.818,0
pay_04117,cust_1542,2460.34,bank_timeout,1,16,1,452,2.54,netbanking,0.941,1
pay_04118,cust_0551,406.16,expired_card,2,15,4,282,2.83,netbanking,0.789,0
pay_04119,cust_2392,6557.59,bank_timeout,2,10,7,964,2.86,netbanking,0.588,0
pay_04120,cust_2416,2594.42,insufficient_funds,2,4,1,51,0.15,netbanking,0.8,0
pay_04121,cust_1230,8326.71,invalid_card,2,8,5,243,2.87,netbanking,0.615,0
pay_04122,cust_0129,719.65,invalid_card,1,6,3,610,1.76,netbanking,0.667,0
pay_04123,cust_0989,864.76,expired_card,2,6,5,911,3.33,netbanking,0.545,0
pay_04124,cust_1513,602.87,insufficient_funds,2,5,4,400,2.7,card,0.556,0
pay_04125,cust_2005,441.01,insufficient_funds,2,3,7,273,3.37,upi,0.3,0
pay_04126,cust_1495,705.22,insufficient_funds,0,10,6,623,1.61,upi,0.625,0
pay_04127,cust_0903,364.96,bank_timeout,1,11,8,727,2.96,upi,0.579,1
pay_04128,cust_0232,890.95,expired_card,1,15,3,655,2.18,upi,0.833,0
pay_04129,cust_1150,888.59,insufficient_funds,1,17,6,706,2.71,netbanking,0.739,0
pay_04130,cust_1949,366.51,expired_card,3,14,2,78,3.5,card,0.875,1
pay_04131,cust_1801,8787.38,authentication_failed,0,20,2,780,2.78,netbanking,0.909,0
pay_04132,cust_1622,1550.31,authentication_failed,1,3,1,119,1.67,card,0.75,0
pay_04133,cust_2220,981.19,insufficient_funds,0,12,0,762,1.3,netbanking,1.0,0
pay_04134,cust_1675,1738.28,bank_timeout,0,13,5,438,0.56,card,0.722,1
pay_04135,cust_0254,7340.22,insufficient_funds,2,16,4,727,1.67,netbanking,0.8,1
pay_04136,cust_1110,1059.28,expired_card,3,15,7,972,1.53,netbanking,0.682,0
pay_04137,cust_1203,468.61,authentication_failed,0,12,3,235,3.81,card,0.8,1
pay_04138,cust_1503,891.85,insufficient_funds,3,11,7,734,2.58,upi,0.611,0
pay_04139,cust_1556,2998.25,insufficient_funds,3,13,6,75,4.69,upi,0.684,0
pay_04140,cust_2358,678.2,invalid_card,0,13,8,661,2.11,card,0.619,0
pay_04141,cust_1418,1271.75,invalid_card,0,20,4,95,0.99,upi,0.833,1
pay_04142,cust_1115,1519.73,authentication_failed,2,18,6,81,0.13,card,0.75,1
pay_04143,cust_0276,364.65,invalid_card,1,16,8,154,3.0,netbanking,0.667,0
pay_04144,cust_2383,572.4,authentication_failed,3,19,2,128,2.13,card,0.905,0
pay_04145,cust_0012,8158.41,invalid_card,0,3,8,62,4.83,netbanking,0.273,0
pay_04146,cust_1766,3875.74,bank_timeout,0,10,2,732,2.64,upi,0.833,1
pay_04147,cust_0921,8835.86,expired_card,0,15,7,235,0.48,netbanking,0.682,1
pay_04148,cust_0342,883.11,insufficient_funds,2,4,7,722,4.76,card,0.364,1
pay_04149,cust_0747,9666.21,expired_card,0,16,2,358,2.24,card,0.889,0
pay_04150,cust_1737,7172.37,bank_timeout,0,10,4,577,3.5,upi,0.714,0
pay_04151,cust_1694,2475.39,insufficient_funds,2,0,3,236,1.49,card,0.0,0
pay_04152,cust_0051,8918.05,expired_card,2,20,4,468,3.53,upi,0.833,0
pay_04153,cust_1248,8930.57,bank_timeout,1,3,2,945,1.72,netbanking,0.6,1
pay_04154,cust_1336,352.03,expired_card,1,2,5,97,1.12,card,0.286,1
pay_04155,cust_1554,5262.19,authentication_failed,3,7,8,532,3.97,netbanking,0.467,0
pay_04156,cust_1201,1456.72,bank_timeout,1,8,1,56,2.18,netbanking,0.889,0
pay_04157,cust_1879,9841.32,invalid_card,2,13,2,760,3.89,upi,0.867,1
pay_04158,cust_1725,815.25,bank_timeout,3,15,7,292,1.63,upi,0.682,0
pay_04159,cust_0389,866.94,authentication_failed,0,3,8,220,4.93,upi,0.273,1
pay_04160,cust_0226,608.7,expired_card,1,15,1,971,4.43,netbanking,0.938,0
pay_04161,cust_0812,959.54,insufficient_funds,0,13,6,434,1.48,netbanking,0.684,1
pay_04162,cust_1785,9523.73,authentication_failed,3,20,7,568,2.79,netbanking,0.741,0
pay_04163,cust_1248,2408.38,invalid_card,3,2,1,329,4.38,netbanking,0.667,0
pay_04164,cust_0355,336.43,invalid_card,1,7,5,128,0.2,netbanking,0.583,0
pay_04165,cust_0837,9734.15,authentication_failed,2,4,0,51,1.22,upi,1.0,1
pay_04166,cust_1579,2282.31,bank_timeout,0,3,4,803,0.93,upi,0.429,1
pay_04167,cust_1815,686.59,expired_card,2,19,5,517,2.24,card,0.792,1
pay_04168,cust_1019,412.6,insufficient_funds,2,20,2,803,3.62,netbanking,0.909,1
pay_04169,cust_1958,9697.43,invalid_card,1,18,7,451,2.51,card,0.72,0
pay_04170,cust_0624,2713.92,invalid_card,2,7,1,382,3.73,card,0.875,0
pay_04171,cust_2098,1608.04,bank_timeout,1,1,0,562,3.85,card,1.0,1
pay_04172,cust_2364,655.59,expired_card,3,1,3,444,3.61,card,0.25,0
pay_04173,cust_0751,898.31,expired_card,1,9,1,329,4.43,netbanking,0.9,1
pay_04174,cust_1802,9096.98,bank_timeout,3,15,4,775,0.79,card,0.789,1
pay_04175,cust_2498,1207.13,authentication_failed,0,10,1,954,2.45,card,0.909,1
pay_04176,cust_1381,865.29,insufficient_funds,1,8,0,708,4.35,card,1.0,1
pay_04177,cust_1125,2244.01,insufficient_funds,3,12,2,522,0.55,netbanking,0.857,1
pay_04178,cust_1438,7830.14,authentication_failed,1,6,7,553,1.92,upi,0.462,0
pay_04179,cust_1838,337.75,authentication_failed,1,20,1,534,1.96,netbanking,0.952,1
pay_04180,cust_1960,199.31,bank_timeout,3,18,6,823,0.89,card,0.75,1
pay_04181,cust_1134,591.34,insufficient_funds,0,7,8,538,2.55,netbanking,0.467,0
pay_04182,cust_0164,1573.4,authentication_failed,0,17,6,585,3.26,upi,0.739,0
pay_04183,cust_1246,755.09,bank_timeout,1,18,2,200,1.95,card,0.9,1
pay_04184,cust_1650,2369.41,invalid_card,2,9,5,525,3.56,netbanking,0.643,0
pay_04185,cust_1584,4824.37,expired_card,0,16,1,257,0.73,card,0.941,1
pay_04186,cust_0710,729.79,invalid_card,2,7,5,778,3.83,upi,0.583,0
pay_04187,cust_2343,8173.05,bank_timeout,2,18,2,705,4.79,card,0.9,1
pay_04188,cust_1729,252.19,bank_timeout,1,16,0,522,4.81,netbanking,1.0,1
pay_04189,cust_0250,8917.35,expired_card,3,20,3,642,3.05,card,0.87,0
pay_04190,cust_1594,800.92,authentication_failed,1,16,3,771,1.06,card,0.842,1
pay_04191,cust_1828,8037.33,authentication_failed,1,11,8,155,4.8,netbanking,0.579,0
pay_04192,cust_0862,3717.37,expired_card,1,7,5,68,2.51,card,0.583,1
pay_04193,cust_2471,6803.4,bank_timeout,2,4,1,623,3.06,netbanking,0.8,0
pay_04194,cust_0103,312.07,bank_timeout,2,5,5,88,2.75,card,0.5,1
pay_04195,cust_1900,859.09,authentication_failed,0,14,6,480,2.34,card,0.7,1
pay_04196,cust_1820,768.61,authentication_failed,0,17,1,653,0.32,upi,0.944,1
pay_04197,cust_2361,952.78,bank_timeout,2,6,7,317,0.31,card,0.462,0
pay_04198,cust_1739,627.89,bank_timeout,2,17,7,540,1.02,card,0.708,1
pay_04199,cust_1435,3777.1,invalid_card,1,4,4,51,2.06,card,0.5,0
pay_04200,cust_1493,1933.75,invalid_card,3,16,5,65,0.16,card,0.762,0
pay_04201,cust_0573,1597.82,authentication_failed,0,18,8,469,2.23,card,0.692,1
pay_04202,cust_2329,1535.22,insufficient_funds,0,8,0,347,2.57,upi,1.0,1
pay_04203,cust_1914,672.03,expired_card,1,12,4,663,2.87,upi,0.75,0
pay_04204,cust_0411,7016.53,invalid_card,1,5,2,744,2.2,card,0.714,0
pay_04205,cust_1552,542.2,insufficient_funds,1,15,0,169,2.36,card,1.0,0
pay_04206,cust_1489,5935.9,invalid_card,1,17,0,948,1.66,netbanking,1.0,0
pay_04207,cust_1033,306.5,insufficient_funds,0,4,0,539,1.78,upi,1.0,1
pay_04208,cust_0027,215.4,expired_card,2,18,3,917,2.97,upi,0.857,1
pay_04209,cust_0643,5491.1,expired_card,1,5,2,128,1.59,card,0.714,1
pay_04210,cust_2196,2532.81,insufficient_funds,3,18,3,243,4.7,upi,0.857,0
pay_04211,cust_0977,364.49,invalid_card,2,13,5,755,0.42,card,0.722,0
pay_04212,cust_1767,445.67,bank_timeout,3,9,0,751,4.05,netbanking,1.0,1
pay_04213,cust_0464,912.89,authentication_failed,0,8,5,165,2.77,card,0.615,1
pay_04214,cust_2128,878.1,insufficient_funds,1,17,4,87,1.87,netbanking,0.81,1
pay_04215,cust_0307,523.62,insufficient_funds,0,4,6,84,1.39,netbanking,0.4,0
pay_04216,cust_2238,305.17,authentication_failed,2,0,3,586,4.72,upi,0.0,0
pay_04217,cust_1753,8394.61,insufficient_funds,2,8,8,498,1.6,netbanking,0.5,0
pay_04218,cust_1934,210.08,expired_card,0,18,4,308,3.17,upi,0.818,1
pay_04219,cust_0443,928.67,expired_card,3,12,5,910,1.94,card,0.706,1
pay_04220,cust_0227,452.93,authentication_failed,2,14,6,367,2.48,upi,0.7,0
pay_04221,cust_2354,262.83,authentication_failed,3,8,3,502,0.84,upi,0.727,0
pay_04222,cust_2323,452.0,authentication_failed,3,0,1,57,0.78,netbanking,0.0,1
pay_04223,cust_1731,1142.42,bank_timeout,1,5,1,133,0.46,upi,0.833,1
pay_04224,cust_2380,717.99,invalid_card,1,20,8,141,3.94,upi,0.714,0
pay_04225,cust_1022,2073.95,expired_card,1,15,8,973,3.86,card,0.652,0
pay_04226,cust_0054,692.55,authentication_failed,2,20,2,852,1.89,upi,0.909,0
pay_04227,cust_1311,320.02,expired_card,0,1,0,762,1.87,netbanking,1.0,0
pay_04228,cust_2279,371.73,expired_card,2,1,1,903,1.64,upi,0.5,0
pay_04229,cust_0905,9803.42,authentication_failed,0,15,7,665,4.84,card,0.682,1
pay_04230,cust_1122,384.77,expired_card,0,9,4,467,2.09,netbanking,0.692,0
pay_04231,cust_2444,396.34,invalid_card,3,4,6,430,2.2,upi,0.4,0
pay_04232,cust_2267,5327.38,bank_timeout,3,13,6,399,3.06,upi,0.684,1
pay_04233,cust_1443,522.73,bank_timeout,0,13,2,218,1.97,netbanking,0.867,1
pay_04234,cust_1104,6684.92,insufficient_funds,3,5,8,559,1.25,upi,0.385,0
pay_04235,cust_0893,768.21,bank_timeout,2,2,3,109,3.42,card,0.4,1
pay_04236,cust_0807,302.65,bank_timeout,2,15,3,334,1.6,upi,0.833,1
pay_04237,cust_2367,435.62,invalid_card,0,19,6,600,0.89,upi,0.76,0
pay_04238,cust_0697,2331.89,bank_timeout,1,20,5,742,3.44,card,0.8,1
pay_04239,cust_2030,4916.81,bank_timeout,3,4,6,136,3.75,netbanking,0.4,0
pay_04240,cust_1423,321.2,invalid_card,1,9,4,182,1.71,card,0.692,0
pay_04241,cust_0354,798.06,expired_card,2,4,8,472,1.26,card,0.333,0
pay_04242,cust_2242,8412.36,insufficient_funds,3,8,1,341,1.6,netbanking,0.889,0
pay_04243,cust_0870,498.8,insufficient_funds,3,19,1,312,2.23,upi,0.95,1
pay_04244,cust_0448,5454.57,bank_timeout,3,13,8,306,0.14,card,0.619,1
pay_04245,cust_0364,259.48,invalid_card,2,15,1,702,4.79,card,0.938,1
pay_04246,cust_1413,1197.18,expired_card,1,17,7,908,1.14,netbanking,0.708,1
pay_04247,cust_2249,209.88,authentication_failed,2,7,8,561,4.44,card,0.467,0
pay_04248,cust_1568,655.16,bank_timeout,0,19,0,496,4.65,netbanking,1.0,1
pay_04249,cust_1277,416.04,insufficient_funds,0,8,5,760,3.65,upi,0.615,1
pay_04250,cust_2500,755.3,insufficient_funds,1,15,6,274,3.6,card,0.714,1
pay_04251,cust_0569,728.03,invalid_card,2,1,4,881,1.12,netbanking,0.2,0
pay_04252,cust_1581,1096.1,bank_timeout,1,5,6,805,4.14,upi,0.455,0
pay_04253,cust_1500,2929.7,bank_timeout,3,6,4,893,1.91,netbanking,0.6,0
pay_04254,cust_0798,673.01,invalid_card,3,1,0,654,2.85,card,1.0,0
pay_04255,cust_1878,1022.13,bank_timeout,3,9,1,840,0.44,card,0.9,0
pay_04256,cust_0365,716.67,expired_card,1,13,0,73,2.12,upi,1.0,0
pay_04257,cust_2212,1366.12,bank_timeout,3,19,3,580,3.27,upi,0.864,1
pay_04258,cust_1308,650.01,bank_timeout,0,20,7,315,4.35,upi,0.741,1
pay_04259,cust_1320,1889.95,expired_card,1,16,8,719,4.45,card,0.667,0
pay_04260,cust_1365,6432.68,expired_card,0,6,1,782,0.12,upi,0.857,0
pay_04261,cust_0687,8320.39,expired_card,2,5,1,338,1.51,card,0.833,1
pay_04262,cust_2095,1576.76,invalid_card,1,19,6,936,2.65,upi,0.76,0
pay_04263,cust_0821,563.47,insufficient_funds,1,10,3,984,3.8,netbanking,0.769,1
pay_04264,cust_0709,1979.88,invalid_card,0,13,8,771,2.91,upi,0.619,0
pay_04265,cust_2315,8241.02,insufficient_funds,3,10,6,942,0.62,upi,0.625,0
pay_04266,cust_2235,212.93,bank_timeout,0,4,3,626,1.76,card,0.571,0
pay_04267,cust_1489,548.17,bank_timeout,1,17,5,963,1.37,card,0.773,0
pay_04268,cust_1073,966.8,invalid_card,1,3,4,300,1.67,netbanking,0.429,0
pay_04269,cust_1945,3872.33,invalid_card,3,15,8,542,4.07,netbanking,0.652,0
pay_04270,cust_0322,818.79,invalid_card,2,5,3,958,0.96,netbanking,0.625,0
pay_04271,cust_1611,256.05,bank_timeout,3,18,3,118,0.27,card,0.857,0
pay_04272,cust_1398,332.33,expired_card,2,10,2,494,4.84,upi,0.833,1
pay_04273,cust_2291,417.87,bank_timeout,2,13,4,52,4.94,card,0.765,1
pay_04274,cust_2390,268.82,authentication_failed,2,0,7,742,2.85,netbanking,0.0,0
pay_04275,cust_2030,994.61,authentication_failed,0,20,4,605,4.85,card,0.833,0
pay_04276,cust_1885,280.86,insufficient_funds,2,2,5,374,0.65,card,0.286,1
pay_04277,cust_1339,9453.19,bank_timeout,1,6,2,930,2.42,upi,0.75,1
pay_04278,cust_0535,5858.4,authentication_failed,2,17,4,247,0.44,upi,0.81,1
pay_04279,cust_1578,2424.07,insufficient_funds,2,14,3,835,3.11,upi,0.824,1
pay_04280,cust_1649,419.22,expired_card,3,15,1,708,0.32,upi,0.938,0
pay_04281,cust_0840,6226.18,insufficient_funds,2,17,6,654,2.31,netbanking,0.739,0
pay_04282,cust_0775,932.96,bank_timeout,2,18,4,817,1.73,card,0.818,1
pay_04283,cust_0416,249.65,invalid_card,0,19,8,140,2.8,card,0.704,0
pay_04284,cust_1117,213.33,expired_card,2,3,4,32,1.86,card,0.429,0
pay_04285,cust_0245,1158.31,invalid_card,2,5,6,960,1.17,netbanking,0.455,0
pay_04286,cust_1699,5883.11,bank_timeout,2,7,2,322,1.77,upi,0.778,1
pay_04287,cust_2457,477.46,authentication_failed,3,9,4,171,1.9,card,0.692,0
pay_04288,cust_0972,8635.21,authentication_failed,2,20,2,493,3.99,netbanking,0.909,1
pay_04289,cust_1772,349.93,bank_timeout,2,12,6,155,4.69,card,0.667,0
pay_04290,cust_0654,767.91,insufficient_funds,3,18,0,651,2.23,netbanking,1.0,1
pay_04291,cust_1012,306.38,insufficient_funds,2,20,3,271,0.67,upi,0.87,1
pay_04292,cust_0225,4674.47,insufficient_funds,3,1,4,949,3.27,netbanking,0.2,0
pay_04293,cust_1916,2100.13,bank_timeout,0,15,2,66,3.45,upi,0.882,1
pay_04294,cust_1325,613.35,expired_card,3,8,7,811,1.33,upi,0.533,0
pay_04295,cust_0276,256.25,authentication_failed,1,19,4,582,3.78,upi,0.826,1
pay_04296,cust_1234,1864.28,bank_timeout,0,6,4,738,2.89,card,0.6,1
pay_04297,cust_1011,4371.7,invalid_card,0,6,6,343,2.15,upi,0.5,0
pay_04298,cust_0802,872.7,bank_timeout,2,6,4,553,3.33,card,0.6,1
pay_04299,cust_0766,2523.73,authentication_failed,2,14,7,352,2.79,upi,0.667,0
pay_04300,cust_0907,3000.86,expired_card,3,9,1,177,1.06,card,0.9,0
pay_04301,cust_0313,520.41,insufficient_funds,2,0,1,439,1.06,upi,0.0,0
pay_04302,cust_2038,2300.83,insufficient_funds,2,4,6,649,3.18,card,0.4,0
pay_04303,cust_0824,706.29,insufficient_funds,3,8,5,993,1.5,card,0.615,0
pay_04304,cust_1588,6366.95,invalid_card,2,12,7,674,4.29,netbanking,0.632,1
pay_04305,cust_0762,314.92,bank_timeout,1,4,7,659,3.9,card,0.364,0
pay_04306,cust_2254,3008.17,invalid_card,3,2,4,907,3.05,card,0.333,0
pay_04307,cust_0386,6217.16,insufficient_funds,0,6,8,319,2.96,upi,0.429,1
pay_04308,cust_1337,574.97,bank_timeout,3,18,5,757,2.08,netbanking,0.783,1
pay_04309,cust_1257,432.6,expired_card,1,19,3,191,3.69,netbanking,0.864,0
pay_04310,cust_1851,357.35,invalid_card,0,6,0,863,3.55,netbanking,1.0,1
pay_04311,cust_0912,284.68,insufficient_funds,0,4,7,247,0.22,card,0.364,0
pay_04312,cust_0570,2250.03,insufficient_funds,1,18,2,66,2.38,netbanking,0.9,1
pay_04313,cust_0603,893.91,bank_timeout,2,2,1,745,0.69,card,0.667,1
pay_04314,cust_0988,8340.93,bank_timeout,3,19,2,479,2.8,netbanking,0.905,1
pay_04315,cust_1917,4094.45,insufficient_funds,2,5,2,637,3.87,netbanking,0.714,1
pay_04316,cust_1672,8572.93,expired_card,2,6,0,949,2.07,upi,1.0,0
pay_04317,cust_0096,2351.2,authentication_failed,0,18,8,749,2.25,netbanking,0.692,0
pay_04318,cust_0207,250.95,authentication_failed,1,20,3,629,0.69,upi,0.87,0
pay_04319,cust_1187,468.53,invalid_card,3,7,3,51,3.17,netbanking,0.7,0
pay_04320,cust_0006,498.6,expired_card,1,5,7,129,4.15,upi,0.417,0
pay_04321,cust_2420,2299.53,expired_card,3,2,6,636,1.14,card,0.25,0
pay_04322,cust_1674,1116.38,insufficient_funds,3,7,2,276,2.58,netbanking,0.778,0
pay_04323,cust_0803,2471.55,insufficient_funds,1,15,6,979,0.88,card,0.714,1
pay_04324,cust_1698,666.97,expired_card,1,16,5,115,4.03,netbanking,0.762,0
pay_04325,cust_0960,2985.62,expired_card,3,13,8,311,4.05,netbanking,0.619,0
pay_04326,cust_0436,445.93,insufficient_funds,0,10,8,820,4.31,card,0.556,0
pay_04327,cust_1397,404.54,insufficient_funds,2,12,0,164,1.04,card,1.0,1
pay_04328,cust_1519,668.59,authentication_failed,0,3,4,79,2.74,netbanking,0.429,0
pay_04329,cust_0576,3570.98,invalid_card,0,4,7,127,2.05,upi,0.364,0
pay_04330,cust_2389,6891.41,authentication_failed,3,2,8,108,4.28,netbanking,0.2,0
pay_04331,cust_0815,7685.79,insufficient_funds,0,0,4,515,1.24,upi,0.0,0
pay_04332,cust_0007,495.96,bank_timeout,0,9,8,206,1.62,card,0.529,0
pay_04333,cust_0379,1467.89,expired_card,3,17,4,180,4.0,upi,0.81,0
pay_04334,cust_2305,322.81,insufficient_funds,3,13,8,767,3.68,netbanking,0.619,1
pay_04335,cust_0927,1122.3,insufficient_funds,0,6,0,249,0.23,netbanking,1.0,1
pay_04336,cust_1594,456.68,invalid_card,3,17,4,905,2.13,netbanking,0.81,0
pay_04337,cust_2206,3216.67,bank_timeout,2,16,1,554,0.62,netbanking,0.941,1
pay_04338,cust_1595,1452.42,insufficient_funds,2,14,2,901,4.63,upi,0.875,0
pay_04339,cust_2042,8462.88,bank_timeout,3,4,0,754,4.86,netbanking,1.0,0
pay_04340,cust_0305,2936.14,insufficient_funds,1,6,1,945,3.16,upi,0.857,1
pay_04341,cust_0257,9919.6,bank_timeout,1,3,8,842,1.88,upi,0.273,1
pay_04342,cust_2273,371.79,expired_card,0,11,7,120,4.15,upi,0.611,1
pay_04343,cust_0651,2921.87,insufficient_funds,3,10,6,429,2.16,netbanking,0.625,0
pay_04344,cust_0390,299.55,bank_timeout,3,0,1,564,3.47,card,0.0,0
pay_04345,cust_0073,2535.29,authentication_failed,3,20,2,853,4.75,upi,0.909,0
pay_04346,cust_1677,5416.02,insufficient_funds,0,7,3,385,4.37,upi,0.7,0
pay_04347,cust_2488,3330.15,insufficient_funds,3,20,8,788,4.79,netbanking,0.714,0
pay_04348,cust_0042,4127.2,authentication_failed,1,4,1,737,3.48,upi,0.8,0
pay_04349,cust_0265,609.28,insufficient_funds,0,8,0,78,1.31,netbanking,1.0,1
pay_04350,cust_1722,302.41,insufficient_funds,0,10,6,370,3.71,upi,0.625,0
pay_04351,cust_0607,449.23,authentication_failed,0,4,7,783,3.05,upi,0.364,0
pay_04352,cust_0029,280.37,authentication_failed,3,8,8,802,2.75,card,0.5,0
pay_04353,cust_1559,792.79,invalid_card,3,2,7,969,3.58,upi,0.222,0
pay_04354,cust_1304,2844.95,bank_timeout,3,19,1,396,4.29,netbanking,0.95,1
pay_04355,cust_2213,2079.2,insufficient_funds,1,8,5,882,0.9,netbanking,0.615,0
pay_04356,cust_1822,8547.33,expired_card,0,10,6,196,1.4,upi,0.625,0
pay_04357,cust_2189,8220.31,invalid_card,2,0,1,261,4.45,netbanking,0.0,0
pay_04358,cust_0463,1922.14,insufficient_funds,1,0,1,276,1.45,upi,0.0,1
pay_04359,cust_2204,456.54,expired_card,2,12,2,349,2.43,card,0.857,0
pay_04360,cust_1792,597.81,bank_timeout,1,15,3,268,0.33,upi,0.833,1
pay_04361,cust_2337,2552.36,bank_timeout,0,1,5,333,4.8,card,0.167,1
pay_04362,cust_1586,550.76,insufficient_funds,0,18,1,741,4.36,upi,0.947,1
pay_04363,cust_2340,2265.73,invalid_card,3,2,7,49,3.02,upi,0.222,0
pay_04364,cust_1525,8878.89,bank_timeout,3,12,2,100,0.38,upi,0.857,1
pay_04365,cust_2438,1692.55,expired_card,0,1,4,334,1.44,card,0.2,0
pay_04366,cust_1411,326.93,expired_card,3,5,7,411,2.23,netbanking,0.417,0
pay_04367,cust_0768,556.69,authentication_failed,0,10,3,500,0.24,netbanking,0.769,1
pay_04368,cust_0930,3202.07,bank_timeout,1,4,4,561,4.9,card,0.5,1
pay_04369,cust_0792,9237.28,expired_card,3,15,4,987,1.94,upi,0.789,0
pay_04370,cust_2234,1554.29,authentication_failed,1,13,8,648,2.59,upi,0.619,1
pay_04371,cust_2255,1882.17,invalid_card,2,14,8,410,2.03,upi,0.636,0
pay_04372,cust_1226,4938.99,authentication_failed,2,12,8,727,0.72,card,0.6,1
pay_04373,cust_2292,4284.94,bank_timeout,0,2,8,508,2.45,upi,0.2,0
pay_04374,cust_1611,4992.26,invalid_card,2,14,6,826,1.06,upi,0.7,0
pay_04375,cust_1826,396.68,authentication_failed,3,5,7,528,4.38,netbanking,0.417,0
pay_04376,cust_1713,6538.11,invalid_card,2,5,0,368,3.46,netbanking,1.0,0
pay_04377,cust_0125,9774.37,bank_timeout,0,12,3,298,3.88,card,0.8,1
pay_04378,cust_1354,2714.26,bank_timeout,1,2,4,943,0.45,card,0.333,0
pay_04379,cust_0957,7490.82,authentication_failed,3,16,6,352,3.96,card,0.727,0
pay_04380,cust_1039,8519.96,insufficient_funds,2,18,3,658,2.13,netbanking,0.857,1
pay_04381,cust_0152,947.8,bank_timeout,2,2,2,299,4.97,upi,0.5,0
pay_04382,cust_1533,7207.07,authentication_failed,1,10,1,418,2.76,upi,0.909,1
pay_04383,cust_0572,200.71,insufficient_funds,0,16,0,91,0.8,card,1.0,0
pay_04384,cust_1139,2438.91,invalid_card,2,10,5,487,3.45,netbanking,0.667,0
pay_04385,cust_1011,286.03,bank_timeout,0,17,3,455,2.01,card,0.85,1
pay_04386,cust_1076,2174.66,invalid_card,3,6,2,621,4.9,netbanking,0.75,0
pay_04387,cust_1857,5988.51,insufficient_funds,1,14,0,670,0.8,netbanking,1.0,1
pay_04388,cust_1225,316.71,authentication_failed,3,12,0,617,1.55,card,1.0,0
pay_04389,cust_2149,9452.5,expired_card,2,16,8,974,2.87,upi,0.667,0
pay_04390,cust_2267,991.99,insufficient_funds,2,4,0,623,4.74,card,1.0,1
pay_04391,cust_1879,290.71,insufficient_funds,1,1,2,799,0.46,card,0.333,1
pay_04392,cust_0395,3547.78,authentication_failed,0,10,4,890,0.63,upi,0.714,0
pay_04393,cust_1589,3054.95,invalid_card,2,2,0,798,0.33,upi,1.0,0
pay_04394,cust_0721,4693.2,authentication_failed,2,7,2,466,2.39,netbanking,0.778,0
pay_04395,cust_1051,463.2,insufficient_funds,1,6,3,587,4.67,card,0.667,0
pay_04396,cust_1450,9708.93,bank_timeout,2,17,5,580,0.95,card,0.773,0
pay_04397,cust_1732,9717.39,authentication_failed,1,8,3,125,4.57,card,0.727,1
pay_04398,cust_0328,975.37,authentication_failed,1,0,7,586,0.69,card,0.0,0
pay_04399,cust_0455,3145.14,invalid_card,3,15,2,891,4.22,card,0.882,0
pay_04400,cust_1039,8779.23,expired_card,3,2,1,266,4.21,netbanking,0.667,0
pay_04401,cust_1532,6684.47,bank_timeout,0,4,4,191,2.0,card,0.5,0
pay_04402,cust_1212,1858.08,invalid_card,2,11,8,248,3.57,netbanking,0.579,0
pay_04403,cust_0052,2712.93,authentication_failed,3,4,6,224,3.44,netbanking,0.4,0
pay_04404,cust_1940,918.38,invalid_card,1,3,0,207,1.25,upi,1.0,0
pay_04405,cust_1798,443.23,invalid_card,3,13,4,612,4.83,card,0.765,0
pay_04406,cust_0172,312.63,insufficient_funds,3,20,4,255,3.75,netbanking,0.833,0
pay_04407,cust_0982,571.63,insufficient_funds,0,16,7,35,3.46,card,0.696,1
pay_04408,cust_0017,1357.38,bank_timeout,1,1,8,630,1.25,card,0.111,1
pay_04409,cust_1472,2057.75,invalid_card,0,14,1,885,4.26,upi,0.933,1
pay_04410,cust_0378,1362.52,authentication_failed,0,3,7,226,2.88,netbanking,0.3,0
pay_04411,cust_1607,1805.38,invalid_card,3,1,2,506,4.75,netbanking,0.333,0
pay_04412,cust_0807,509.93,expired_card,0,12,3,159,3.74,upi,0.8,0
pay_04413,cust_0250,1698.59,insufficient_funds,3,19,4,826,3.86,netbanking,0.826,0
pay_04414,cust_1286,5651.9,expired_card,0,8,2,761,2.57,upi,0.8,1
pay_04415,cust_0035,204.2,bank_timeout,2,6,7,552,1.43,upi,0.462,0
pay_04416,cust_0400,736.88,bank_timeout,1,7,7,467,3.92,upi,0.5,1
pay_04417,cust_0674,2991.97,expired_card,0,10,4,151,2.41,card,0.714,0
pay_04418,cust_1659,309.72,insufficient_funds,0,1,0,938,1.82,netbanking,1.0,1
pay_04419,cust_0354,2793.53,invalid_card,1,19,3,670,4.78,netbanking,0.864,0
pay_04420,cust_1235,3898.63,bank_timeout,2,11,5,722,2.68,card,0.688,1
pay_04421,cust_0078,350.01,bank_timeout,1,17,2,990,1.04,card,0.895,1
pay_04422,cust_0223,1548.96,insufficient_funds,1,20,8,119,1.3,card,0.714,1
pay_04423,cust_1503,1596.37,bank_timeout,1,5,6,787,1.47,netbanking,0.455,1
pay_04424,cust_1324,9713.82,bank_timeout,3,1,1,78,2.17,card,0.5,0
pay_04425,cust_0789,8782.74,insufficient_funds,3,18,3,110,3.17,card,0.857,0
pay_04426,cust_2188,2293.92,invalid_card,0,13,0,337,0.67,netbanking,1.0,1
pay_04427,cust_1777,5515.58,insufficient_funds,1,17,2,914,0.53,card,0.895,1
pay_04428,cust_0072,656.29,insufficient_funds,3,10,3,232,3.49,netbanking,0.769,1
pay_04429,cust_0812,9609.57,authentication_failed,3,3,7,357,3.27,card,0.3,0
pay_04430,cust_2235,4923.75,expired_card,1,5,0,456,4.07,netbanking,1.0,0
pay_04431,cust_2326,786.12,insufficient_funds,1,11,8,90,3.35,card,0.579,1
pay_04432,cust_2261,2252.16,expired_card,0,1,8,560,1.81,netbanking,0.111,0
pay_04433,cust_0953,778.2,invalid_card,1,14,7,548,3.94,netbanking,0.667,1
pay_04434,cust_1182,790.89,authentication_failed,0,12,7,118,4.5,card,0.632,1
pay_04435,cust_2012,546.8,insufficient_funds,1,13,1,540,1.62,upi,0.929,1
pay_04436,cust_1864,1946.98,authentication_failed,0,1,0,799,0.18,card,1.0,1
pay_04437,cust_0370,267.3,expired_card,0,8,0,111,0.56,netbanking,1.0,0
pay_04438,cust_1013,449.4,authentication_failed,3,15,2,302,1.51,card,0.882,1
pay_04439,cust_1837,1644.28,invalid_card,0,11,8,792,4.16,netbanking,0.579,0
pay_04440,cust_0846,6101.46,insufficient_funds,0,9,8,502,3.74,netbanking,0.529,0
pay_04441,cust_0487,847.97,bank_timeout,1,12,5,462,0.69,netbanking,0.706,1
pay_04442,cust_1926,359.41,bank_timeout,3,13,1,424,3.68,upi,0.929,0
pay_04443,cust_2352,9845.62,insufficient_funds,3,12,5,496,4.61,netbanking,0.706,1
pay_04444,cust_1215,7179.39,expired_card,3,15,6,523,1.15,netbanking,0.714,0
pay_04445,cust_2077,8125.83,authentication_failed,1,20,3,829,2.43,card,0.87,0
pay_04446,cust_0918,639.24,invalid_card,3,10,7,83,2.29,upi,0.588,0
pay_04447,cust_2231,2679.39,bank_timeout,3,6,2,98,1.32,card,0.75,1
pay_04448,cust_0013,756.46,authentication_failed,0,5,2,632,3.32,netbanking,0.714,1
pay_04449,cust_1420,875.17,insufficient_funds,1,15,0,479,3.03,netbanking,1.0,1
pay_04450,cust_2385,416.68,invalid_card,1,20,1,384,3.73,card,0.952,1
pay_04451,cust_0921,1157.39,invalid_card,2,17,6,529,0.71,card,0.739,1
pay_04452,cust_1802,7418.05,bank_timeout,1,13,5,880,3.96,upi,0.722,0
pay_04453,cust_0193,3988.79,invalid_card,2,0,8,651,1.96,card,0.0,0
pay_04454,cust_2293,398.42,expired_card,3,14,0,94,3.42,upi,1.0,1
pay_04455,cust_0314,1222.29,authentication_failed,1,1,7,859,0.48,netbanking,0.125,0
pay_04456,cust_2113,774.61,insufficient_funds,0,17,6,63,1.63,card,0.739,1
pay_04457,cust_0782,7437.31,bank_timeout,0,15,4,963,0.53,upi,0.789,0
pay_04458,cust_1670,672.38,bank_timeout,2,11,1,454,3.99,card,0.917,1
pay_04459,cust_1236,422.8,bank_timeout,1,7,8,451,3.6,upi,0.467,0
pay_04460,cust_2085,509.52,expired_card,2,20,0,95,4.91,card,1.0,1
pay_04461,cust_0359,3137.74,invalid_card,3,20,7,527,2.59,netbanking,0.741,1
pay_04462,cust_0406,603.77,expired_card,3,8,1,731,4.12,upi,0.889,0
pay_04463,cust_0886,1034.6,insufficient_funds,2,1,6,990,1.12,netbanking,0.143,0
pay_04464,cust_0629,628.49,bank_timeout,0,1,0,336,3.13,upi,1.0,1
pay_04465,cust_2388,2531.08,bank_timeout,2,15,0,780,3.09,netbanking,1.0,1
pay_04466,cust_0402,371.76,invalid_card,1,18,2,704,1.29,card,0.9,1
pay_04467,cust_1602,9097.43,expired_card,0,3,2,755,1.54,upi,0.6,0
pay_04468,cust_2351,569.86,insufficient_funds,3,5,3,806,2.71,card,0.625,1
pay_04469,cust_2099,2310.63,insufficient_funds,3,18,1,535,2.31,upi,0.947,1
pay_04470,cust_0502,403.6,insufficient_funds,1,19,2,272,1.22,upi,0.905,0
pay_04471,cust_1337,1418.92,bank_timeout,3,5,8,908,2.36,upi,0.385,1
pay_04472,cust_0563,2395.41,insufficient_funds,2,3,4,842,2.29,netbanking,0.429,0
pay_04473,cust_2034,915.48,insufficient_funds,1,9,4,425,2.78,netbanking,0.692,1
pay_04474,cust_0397,3027.36,expired_card,3,7,2,763,0.9,netbanking,0.778,1
pay_04475,cust_0570,625.85,invalid_card,0,5,5,287,0.61,netbanking,0.5,0
pay_04476,cust_1403,2554.93,invalid_card,0,8,4,506,1.49,upi,0.667,0
pay_04477,cust_0370,1545.9,invalid_card,2,1,6,737,1.68,netbanking,0.143,0
pay_04478,cust_1433,2263.49,authentication_failed,2,11,1,620,4.76,card,0.917,1
pay_04479,cust_1512,7880.87,invalid_card,2,15,2,764,2.76,upi,0.882,0
pay_04480,cust_0496,833.73,expired_card,0,3,6,991,0.95,netbanking,0.333,0
pay_04481,cust_0108,1896.74,authentication_failed,3,5,4,560,1.33,upi,0.556,1
pay_04482,cust_0530,673.9,insufficient_funds,3,17,2,775,0.35,upi,0.895,1
pay_04483,cust_2293,455.6,authentication_failed,1,5,0,624,4.15,netbanking,1.0,1
pay_04484,cust_1460,2292.84,bank_timeout,2,8,7,608,0.5,card,0.533,1
pay_04485,cust_0204,417.93,bank_timeout,0,0,0,844,3.4,upi,0.0,0
pay_04486,cust_0688,2848.06,invalid_card,1,10,4,980,1.14,netbanking,0.714,0
pay_04487,cust_1767,435.96,invalid_card,0,0,3,522,3.88,upi,0.0,0
pay_04488,cust_0427,1098.4,bank_timeout,3,0,8,552,4.46,upi,0.0,0
pay_04489,cust_2303,437.86,authentication_failed,0,11,1,829,1.02,upi,0.917,1
pay_04490,cust_2090,9745.09,expired_card,2,3,1,827,2.27,netbanking,0.75,0
pay_04491,cust_1529,5069.58,bank_timeout,1,11,0,802,0.62,upi,1.0,1
pay_04492,cust_1295,1558.29,bank_timeout,1,18,7,583,4.61,netbanking,0.72,1
pay_04493,cust_1747,537.13,authentication_failed,2,19,5,852,2.48,netbanking,0.792,0
pay_04494,cust_2382,3361.24,insufficient_funds,0,20,0,267,1.9,netbanking,1.0,1
pay_04495,cust_0897,4039.68,bank_timeout,2,0,5,801,3.19,card,0.0,0
pay_04496,cust_1528,7519.4,invalid_card,0,20,4,712,1.18,card,0.833,0
pay_04497,cust_1910,215.94,insufficient_funds,2,19,4,641,3.58,netbanking,0.826,1
pay_04498,cust_0470,1772.43,insufficient_funds,1,7,6,699,2.01,upi,0.538,1
pay_04499,cust_1252,1176.3,insufficient_funds,0,2,8,89,4.46,netbanking,0.2,0
pay_04500,cust_0441,2109.91,bank_timeout,3,11,4,971,2.89,card,0.733,1
pay_04501,cust_1288,6507.15,authentication_failed,2,10,1,490,3.03,netbanking,0.909,0
pay_04502,cust_1419,284.5,bank_timeout,2,19,4,576,4.78,upi,0.826,1
pay_04503,cust_0840,207.59,authentication_failed,0,0,6,630,1.7,card,0.0,1
pay_04504,cust_2216,767.36,insufficient_funds,3,18,2,428,4.02,upi,0.9,1
pay_04505,cust_1180,7952.6,expired_card,2,18,0,701,4.74,card,1.0,0
pay_04506,cust_1140,205.17,invalid_card,3,11,1,48,4.04,netbanking,0.917,0
pay_04507,cust_1336,914.0,invalid_card,2,11,5,759,2.71,upi,0.688,1
pay_04508,cust_2433,8114.94,expired_card,1,8,7,552,0.62,upi,0.533,0
pay_04509,cust_0606,429.69,invalid_card,3,20,3,210,0.39,netbanking,0.87,1
pay_04510,cust_2451,338.31,invalid_card,3,4,3,765,0.95,netbanking,0.571,0
pay_04511,cust_1374,474.32,bank_timeout,3,14,6,130,4.43,netbanking,0.7,1
pay_04512,cust_0391,724.47,expired_card,3,13,0,92,1.34,upi,1.0,1
pay_04513,cust_0570,5878.64,insufficient_funds,2,8,4,925,1.82,card,0.667,1
pay_04514,cust_1235,438.23,authentication_failed,0,8,0,895,0.43,upi,1.0,1
pay_04515,cust_1084,2912.73,expired_card,3,5,5,178,4.16,netbanking,0.5,0
pay_04516,cust_1725,775.28,authentication_failed,0,14,6,429,3.74,netbanking,0.7,0
pay_04517,cust_1991,305.99,bank_timeout,2,15,7,39,2.08,card,0.682,1
pay_04518,cust_1422,434.08,invalid_card,1,13,3,365,0.31,upi,0.812,0
pay_04519,cust_1727,524.36,invalid_card,3,13,2,241,4.3,card,0.867,0
pay_04520,cust_2488,3008.56,invalid_card,3,10,5,547,0.43,card,0.667,0
pay_04521,cust_0836,1197.08,bank_timeout,0,2,8,161,1.15,upi,0.2,0
pay_04522,cust_0544,952.64,insufficient_funds,3,15,4,47,3.93,upi,0.789,1
pay_04523,cust_0385,884.74,insufficient_funds,2,12,4,743,2.58,card,0.75,0
pay_04524,cust_1327,8168.05,expired_card,0,16,4,585,4.67,card,0.8,0
pay_04525,cust_0970,5412.01,expired_card,3,2,6,423,1.05,upi,0.25,0
pay_04526,cust_0858,414.6,invalid_card,0,16,2,920,4.97,card,0.889,1
pay_04527,cust_1370,631.17,expired_card,1,3,8,589,1.03,card,0.273,0
pay_04528,cust_0799,286.11,authentication_failed,2,10,5,933,2.42,upi,0.667,0
pay_04529,cust_1790,2509.66,bank_timeout,3,3,1,527,0.7,upi,0.75,0
pay_04530,cust_0559,1733.21,insufficient_funds,3,10,6,382,4.9,netbanking,0.625,0
pay_04531,cust_0708,502.9,bank_timeout,3,2,6,424,1.62,card,0.25,0
pay_04532,cust_0890,2598.06,insufficient_funds,3,20,2,969,0.42,netbanking,0.909,1
pay_04533,cust_0282,294.02,authentication_failed,1,1,6,861,2.41,netbanking,0.143,1
pay_04534,cust_1052,236.7,invalid_card,1,2,0,109,0.3,netbanking,1.0,0
pay_04535,cust_0470,1524.56,bank_timeout,0,9,5,877,2.0,netbanking,0.643,0
pay_04536,cust_1711,1692.45,bank_timeout,1,4,7,821,3.56,upi,0.364,1
pay_04537,cust_2169,786.28,expired_card,1,9,4,571,2.76,card,0.692,0
pay_04538,cust_0092,8075.03,expired_card,3,12,5,349,1.15,upi,0.706,0
pay_04539,cust_1444,3699.99,bank_timeout,1,20,4,380,3.45,card,0.833,0
pay_04540,cust_1062,335.07,insufficient_funds,0,16,4,725,4.05,upi,0.8,1
pay_04541,cust_2229,1316.11,expired_card,2,8,7,837,4.04,netbanking,0.533,0
pay_04542,cust_1238,2569.54,expired_card,0,8,2,150,3.18,upi,0.8,0
pay_04543,cust_1899,241.13,invalid_card,1,6,1,306,1.25,card,0.857,0
pay_04544,cust_2192,701.21,bank_timeout,2,10,4,405,3.72,netbanking,0.714,1
pay_04545,cust_0604,8850.92,bank_timeout,3,14,7,683,4.32,card,0.667,1
pay_04546,cust_0892,809.48,authentication_failed,1,8,6,602,2.04,netbanking,0.571,0
pay_04547,cust_0209,413.33,authentication_failed,1,17,2,559,4.68,card,0.895,0
pay_04548,cust_2312,2441.74,insufficient_funds,1,19,8,340,2.71,upi,0.704,1
pay_04549,cust_1319,300.92,insufficient_funds,3,4,7,544,1.73,upi,0.364,0
pay_04550,cust_1667,734.27,invalid_card,1,9,3,867,2.58,netbanking,0.75,0
pay_04551,cust_0505,2742.62,insufficient_funds,2,18,7,381,1.1,netbanking,0.72,0
pay_04552,cust_0144,2498.43,expired_card,2,10,0,121,0.71,upi,1.0,1
pay_04553,cust_0583,2947.25,authentication_failed,1,2,2,84,4.8,card,0.5,0
pay_04554,cust_2485,272.51,authentication_failed,1,20,2,185,3.59,netbanking,0.909,1
pay_04555,cust_0676,8665.08,invalid_card,3,1,6,921,2.7,netbanking,0.143,0
pay_04556,cust_2243,246.67,insufficient_funds,0,19,7,529,1.18,netbanking,0.731,1
pay_04557,cust_1203,1730.33,authentication_failed,0,4,1,252,1.88,card,0.8,0
pay_04558,cust_0774,580.74,invalid_card,2,12,6,625,1.19,netbanking,0.667,1
pay_04559,cust_0253,326.86,bank_timeout,0,8,8,209,1.0,netbanking,0.5,0
pay_04560,cust_0304,9666.41,bank_timeout,2,11,5,262,0.9,card,0.688,1
pay_04561,cust_1625,2473.75,expired_card,0,4,6,873,4.63,upi,0.4,1
pay_04562,cust_1168,8713.96,insufficient_funds,1,4,8,544,1.48,upi,0.333,0
pay_04563,cust_2369,8552.43,invalid_card,0,3,0,439,3.2,netbanking,1.0,1
pay_04564,cust_1395,2446.86,expired_card,1,1,5,208,3.34,netbanking,0.167,0
pay_04565,cust_1742,627.04,invalid_card,3,20,2,538,4.57,card,0.909,0
pay_04566,cust_0571,2957.32,insufficient_funds,2,0,7,613,3.11,card,0.0,0
pay_04567,cust_0929,379.63,insufficient_funds,2,18,1,990,1.81,upi,0.947,1
pay_04568,cust_2448,1530.21,authentication_failed,2,20,0,345,0.61,upi,1.0,1
pay_04569,cust_1259,6585.12,invalid_card,2,2,5,744,4.71,netbanking,0.286,0
pay_04570,cust_2499,580.14,invalid_card,0,20,1,437,2.82,netbanking,0.952,0
pay_04571,cust_1155,653.77,bank_timeout,2,15,1,342,0.6,card,0.938,0
pay_04572,cust_1288,1371.76,bank_timeout,3,15,7,314,0.6,upi,0.682,0
pay_04573,cust_1377,8144.16,authentication_failed,3,6,7,133,1.95,upi,0.462,1
pay_04574,cust_0969,3660.65,authentication_failed,2,4,4,102,4.54,upi,0.5,0
pay_04575,cust_0482,4147.4,bank_timeout,1,5,5,119,0.15,upi,0.5,0
pay_04576,cust_0336,828.35,insufficient_funds,0,8,1,84,0.52,upi,0.889,1
pay_04577,cust_0530,1906.27,authentication_failed,2,15,6,128,4.97,card,0.714,0
pay_04578,cust_1123,464.84,bank_timeout,2,17,2,298,4.29,upi,0.895,1
pay_04579,cust_1958,753.95,invalid_card,2,14,4,779,1.05,netbanking,0.778,0
pay_04580,cust_1181,248.08,bank_timeout,0,20,5,873,3.99,upi,0.8,1
pay_04581,cust_1197,318.55,invalid_card,1,18,7,182,0.74,netbanking,0.72,0
pay_04582,cust_0965,409.24,authentication_failed,1,6,4,803,3.69,upi,0.6,0
pay_04583,cust_1436,719.29,authentication_failed,0,6,8,766,4.99,netbanking,0.429,1
pay_04584,cust_1595,1091.78,expired_card,1,14,8,234,2.16,card,0.636,0
pay_04585,cust_0541,2814.36,insufficient_funds,2,14,0,300,1.5,netbanking,1.0,1
pay_04586,cust_1337,7238.55,insufficient_funds,0,17,2,285,3.45,upi,0.895,1
pay_04587,cust_0601,7454.76,authentication_failed,3,20,7,778,3.98,card,0.741,0
pay_04588,cust_0570,710.54,bank_timeout,1,3,2,556,2.78,card,0.6,0
pay_04589,cust_1634,602.19,bank_timeout,1,7,2,536,0.8,netbanking,0.778,1
pay_04590,cust_1250,276.71,authentication_failed,0,8,8,628,3.28,card,0.5,1
pay_04591,cust_1111,834.01,bank_timeout,2,13,6,152,3.05,card,0.684,1
pay_04592,cust_2323,8361.83,bank_timeout,0,7,3,486,4.69,card,0.7,0
pay_04593,cust_1303,1356.97,expired_card,2,14,2,188,2.44,upi,0.875,1
pay_04594,cust_0211,9427.79,expired_card,1,5,5,658,3.45,upi,0.5,1
pay_04595,cust_1854,1505.88,insufficient_funds,1,14,4,896,1.19,netbanking,0.778,0
pay_04596,cust_0207,424.53,authentication_failed,0,20,7,529,1.29,card,0.741,0
pay_04597,cust_1781,2520.15,authentication_failed,3,15,1,774,3.69,netbanking,0.938,1
pay_04598,cust_1300,616.95,invalid_card,0,5,3,576,3.64,netbanking,0.625,1
pay_04599,cust_2426,2349.13,invalid_card,0,19,2,504,4.7,upi,0.905,0
pay_04600,cust_2149,6229.46,bank_timeout,0,18,5,192,0.88,upi,0.783,1
pay_04601,cust_0545,663.53,invalid_card,0,2,7,901,3.66,card,0.222,0
pay_04602,cust_0094,5330.27,invalid_card,2,15,3,407,0.65,upi,0.833,0
pay_04603,cust_1715,334.99,invalid_card,3,15,7,561,4.49,card,0.682,0
pay_04604,cust_2111,509.06,bank_timeout,0,0,8,249,1.2,netbanking,0.0,0
pay_04605,cust_0495,2946.23,insufficient_funds,1,1,3,551,4.72,card,0.25,1
pay_04606,cust_0041,684.22,invalid_card,1,3,2,984,3.58,netbanking,0.6,1
pay_04607,cust_1513,437.8,authentication_failed,3,11,7,263,0.78,netbanking,0.611,1
pay_04608,cust_0727,566.45,authentication_failed,3,6,1,674,0.29,card,0.857,0
pay_04609,cust_0732,974.68,insufficient_funds,0,12,1,965,2.9,card,0.923,1
pay_04610,cust_1055,5658.38,expired_card,2,18,1,152,2.77,upi,0.947,1
pay_04611,cust_0336,671.18,expired_card,3,7,0,784,0.6,upi,1.0,0
pay_04612,cust_2065,762.19,bank_timeout,1,5,7,979,4.88,card,0.417,1
pay_04613,cust_0737,1744.29,bank_timeout,1,7,1,916,0.69,upi,0.875,1
pay_04614,cust_1092,533.83,authentication_failed,3,14,7,805,1.89,card,0.667,0
pay_04615,cust_2387,1931.85,invalid_card,2,6,4,433,4.6,card,0.6,0
pay_04616,cust_1358,8262.08,authentication_failed,2,20,8,477,3.93,card,0.714,0
pay_04617,cust_2440,8295.72,bank_timeout,1,18,1,811,2.54,netbanking,0.947,1
pay_04618,cust_0791,315.88,authentication_failed,0,0,0,62,2.46,card,0.0,0
pay_04619,cust_1929,985.38,invalid_card,3,20,4,102,2.98,card,0.833,0
pay_04620,cust_1986,402.66,authentication_failed,1,7,2,194,2.43,card,0.778,0
pay_04621,cust_1058,1529.92,expired_card,1,14,8,965,2.52,upi,0.636,1
pay_04622,cust_2457,8714.31,insufficient_funds,2,0,6,977,2.02,upi,0.0,0
pay_04623,cust_1588,333.81,invalid_card,1,15,6,653,4.87,card,0.714,0
pay_04624,cust_0678,687.54,insufficient_funds,3,16,7,607,0.24,netbanking,0.696,1
pay_04625,cust_0287,990.4,invalid_card,2,17,1,404,2.23,card,0.944,1
pay_04626,cust_0308,1777.16,insufficient_funds,1,6,5,459,0.74,netbanking,0.545,1
pay_04627,cust_2079,645.01,authentication_failed,0,3,2,393,4.44,upi,0.6,0
pay_04628,cust_0544,216.51,authentication_failed,0,4,4,523,4.58,card,0.5,0
pay_04629,cust_1628,715.09,insufficient_funds,0,15,2,641,3.75,card,0.882,1
pay_04630,cust_0206,607.81,invalid_card,2,16,1,340,3.71,upi,0.941,1
pay_04631,cust_0417,412.9,authentication_failed,2,2,2,32,2.59,upi,0.5,0
pay_04632,cust_1114,1700.2,insufficient_funds,2,1,5,988,2.08,netbanking,0.167,0
pay_04633,cust_1188,673.15,expired_card,0,1,7,402,4.34,card,0.125,0
pay_04634,cust_2248,906.16,expired_card,2,1,2,961,0.96,upi,0.333,1
pay_04635,cust_1018,905.07,invalid_card,2,8,4,723,3.92,card,0.667,0
pay_04636,cust_1499,1494.3,authentication_failed,2,8,6,510,4.84,card,0.571,0
pay_04637,cust_0609,270.32,invalid_card,0,13,3,586,0.12,upi,0.812,0
pay_04638,cust_1746,253.31,invalid_card,3,4,2,662,4.82,card,0.667,0
pay_04639,cust_0457,1030.02,expired_card,2,0,2,639,0.49,upi,0.0,0
pay_04640,cust_1484,2656.69,authentication_failed,0,20,4,614,0.98,upi,0.833,1
pay_04641,cust_0520,917.7,bank_timeout,1,11,1,113,3.35,netbanking,0.917,1
pay_04642,cust_1230,994.98,authentication_failed,0,11,8,289,2.02,netbanking,0.579,1
pay_04643,cust_0137,2587.18,insufficient_funds,2,19,3,112,2.24,upi,0.864,0
pay_04644,cust_1729,2935.89,expired_card,1,20,1,803,4.43,upi,0.952,1
pay_04645,cust_1831,1207.87,insufficient_funds,3,11,5,547,4.09,netbanking,0.688,0
pay_04646,cust_0797,465.31,invalid_card,3,16,0,668,2.08,netbanking,1.0,0
pay_04647,cust_0320,6551.13,expired_card,2,15,3,840,0.99,netbanking,0.833,1
pay_04648,cust_1945,5053.32,expired_card,3,0,6,70,2.65,upi,0.0,0
pay_04649,cust_1401,2014.53,invalid_card,1,5,7,752,1.89,upi,0.417,0
pay_04650,cust_0338,535.39,invalid_card,0,2,5,866,4.73,upi,0.286,0
pay_04651,cust_1569,247.56,authentication_failed,2,4,7,857,2.98,card,0.364,0
pay_04652,cust_0109,8714.17,expired_card,3,1,6,732,2.07,netbanking,0.143,0
pay_04653,cust_1266,1321.15,authentication_failed,1,7,3,699,0.54,card,0.7,1
pay_04654,cust_2382,577.18,authentication_failed,1,0,6,469,2.23,netbanking,0.0,0
pay_04655,cust_0851,276.61,authentication_failed,0,4,8,985,0.5,card,0.333,1
pay_04656,cust_0161,204.88,invalid_card,0,16,8,874,2.09,netbanking,0.667,0
pay_04657,cust_1052,9248.73,bank_timeout,3,13,5,33,0.82,upi,0.722,0
pay_04658,cust_2495,427.95,bank_timeout,0,11,3,407,1.09,card,0.786,1
pay_04659,cust_1343,6367.56,invalid_card,3,3,6,201,1.51,netbanking,0.333,0
pay_04660,cust_2483,424.7,invalid_card,0,3,7,502,3.8,netbanking,0.3,0
pay_04661,cust_1203,9933.23,expired_card,0,15,5,39,2.33,netbanking,0.75,1
pay_04662,cust_0829,1409.67,bank_timeout,3,12,2,135,4.2,upi,0.857,1
pay_04663,cust_1175,7460.66,expired_card,2,3,6,316,2.85,card,0.333,0
pay_04664,cust_1673,763.6,authentication_failed,3,6,2,485,2.69,netbanking,0.75,1
pay_04665,cust_0132,9571.13,bank_timeout,2,11,0,99,0.79,upi,1.0,1
pay_04666,cust_2459,1161.81,bank_timeout,1,10,5,272,4.72,upi,0.667,0
pay_04667,cust_0344,431.12,expired_card,2,8,5,724,3.35,netbanking,0.615,1
pay_04668,cust_2325,656.21,insufficient_funds,1,16,8,712,2.43,netbanking,0.667,1
pay_04669,cust_1852,2269.69,bank_timeout,1,3,0,64,1.5,card,1.0,0
pay_04670,cust_2218,344.54,authentication_failed,3,10,4,209,1.8,upi,0.714,0
pay_04671,cust_1357,969.56,bank_timeout,0,20,5,856,1.4,netbanking,0.8,1
pay_04672,cust_0388,508.83,authentication_failed,1,19,3,744,4.35,netbanking,0.864,1
pay_04673,cust_1686,3064.46,expired_card,3,4,3,372,3.82,netbanking,0.571,0
pay_04674,cust_0770,2150.99,insufficient_funds,2,20,2,85,1.59,upi,0.909,1
pay_04675,cust_1979,3051.0,invalid_card,3,7,2,400,1.78,card,0.778,1
pay_04676,cust_2238,920.45,invalid_card,1,10,0,465,4.37,card,1.0,1
pay_04677,cust_0853,605.24,bank_timeout,0,8,6,292,2.18,card,0.571,1
pay_04678,cust_1489,1497.68,expired_card,2,5,0,247,2.97,card,1.0,0
pay_04679,cust_0431,1241.72,expired_card,1,1,5,811,0.31,card,0.167,0
pay_04680,cust_2210,2789.07,insufficient_funds,3,0,0,776,2.69,netbanking,0.0,0
pay_04681,cust_1970,1583.17,expired_card,2,4,2,389,1.01,netbanking,0.667,0
pay_04682,cust_1903,5563.12,expired_card,1,18,2,536,2.52,upi,0.9,0
pay_04683,cust_0095,3913.32,invalid_card,2,4,2,811,4.25,upi,0.667,1
pay_04684,cust_0370,528.95,authentication_failed,2,19,8,490,0.47,card,0.704,0
pay_04685,cust_1179,2830.23,invalid_card,3,19,3,153,0.97,upi,0.864,0
pay_04686,cust_0208,9756.22,bank_timeout,0,15,5,684,1.82,card,0.75,1
pay_04687,cust_0894,6381.37,invalid_card,0,13,5,579,1.84,card,0.722,0
pay_04688,cust_0586,5099.86,authentication_failed,0,11,8,613,2.5,netbanking,0.579,1
pay_04689,cust_0117,391.08,expired_card,2,20,2,997,2.88,netbanking,0.909,1
pay_04690,cust_0817,1228.8,insufficient_funds,3,2,1,982,3.61,upi,0.667,0
pay_04691,cust_1447,308.14,authentication_failed,3,19,6,936,0.61,netbanking,0.76,0
pay_04692,cust_1525,3503.29,bank_timeout,3,0,1,776,1.01,netbanking,0.0,0
pay_04693,cust_1699,1711.89,bank_timeout,3,1,5,684,4.39,card,0.167,0
pay_04694,cust_0284,432.41,expired_card,1,10,2,904,2.09,upi,0.833,0
pay_04695,cust_2260,2550.17,invalid_card,0,4,3,207,2.53,card,0.571,0
pay_04696,cust_0432,1947.22,invalid_card,1,3,2,275,4.08,upi,0.6,0
pay_04697,cust_0831,457.18,expired_card,2,6,1,483,0.77,upi,0.857,1
pay_04698,cust_0323,822.37,insufficient_funds,3,14,0,697,0.43,card,1.0,0
pay_04699,cust_2202,1418.27,expired_card,2,19,3,141,2.78,upi,0.864,1
pay_04700,cust_0911,6102.22,bank_timeout,0,7,5,696,4.25,upi,0.583,0
pay_04701,cust_0088,9288.02,expired_card,0,20,8,886,3.44,upi,0.714,1
pay_04702,cust_0533,634.74,insufficient_funds,2,7,4,596,3.29,upi,0.636,0
pay_04703,cust_1920,2636.08,expired_card,2,10,8,338,0.37,netbanking,0.556,0
pay_04704,cust_0542,859.17,insufficient_funds,0,13,6,925,2.48,netbanking,0.684,1
pay_04705,cust_1376,2501.55,expired_card,2,3,0,445,2.26,upi,1.0,0
pay_04706,cust_1218,532.6,insufficient_funds,1,8,4,234,4.19,upi,0.667,1
pay_04707,cust_2007,4169.38,expired_card,1,7,7,274,1.75,upi,0.5,1
pay_04708,cust_1058,9899.06,authentication_failed,1,5,2,949,1.73,netbanking,0.714,0
pay_04709,cust_0906,6130.53,expired_card,3,20,0,227,1.23,netbanking,1.0,0
pay_04710,cust_1044,2854.69,authentication_failed,3,10,2,196,0.99,upi,0.833,1
pay_04711,cust_0338,453.78,insufficient_funds,2,0,2,249,3.34,netbanking,0.0,0
pay_04712,cust_1152,4582.43,bank_timeout,2,11,3,397,4.19,netbanking,0.786,1
pay_04713,cust_0223,656.62,invalid_card,3,18,4,685,3.8,upi,0.818,0
pay_04714,cust_1668,460.43,authentication_failed,3,17,5,902,3.5,netbanking,0.773,0
pay_04715,cust_0901,1587.22,bank_timeout,1,19,6,539,2.54,netbanking,0.76,1
pay_04716,cust_2014,790.19,insufficient_funds,3,3,6,458,2.06,netbanking,0.333,1
pay_04717,cust_0999,443.06,insufficient_funds,2,3,6,552,0.94,upi,0.333,0
pay_04718,cust_2481,2511.59,authentication_failed,0,8,0,996,4.37,card,1.0,1
pay_04719,cust_1521,992.74,invalid_card,2,19,0,499,1.85,upi,1.0,0
pay_04720,cust_0925,9551.26,bank_timeout,1,7,4,712,3.04,netbanking,0.636,0
pay_04721,cust_1729,554.19,insufficient_funds,2,15,6,67,1.78,netbanking,0.714,1
pay_04722,cust_1749,7689.31,insufficient_funds,2,18,8,729,1.17,card,0.692,0
pay_04723,cust_1223,7059.48,authentication_failed,1,16,2,410,3.39,netbanking,0.889,0
pay_04724,cust_0414,820.66,expired_card,1,19,0,561,4.68,netbanking,1.0,1
pay_04725,cust_0345,7614.47,invalid_card,2,8,7,566,4.94,netbanking,0.533,0
pay_04726,cust_2154,474.05,insufficient_funds,2,8,1,709,2.79,upi,0.889,1
pay_04727,cust_0587,7684.18,insufficient_funds,0,10,3,767,2.9,netbanking,0.769,0
pay_04728,cust_1894,279.44,authentication_failed,2,19,8,678,1.66,netbanking,0.704,0
pay_04729,cust_0498,1577.03,bank_timeout,3,9,0,333,1.85,card,1.0,1
pay_04730,cust_0688,761.4,invalid_card,0,1,3,383,2.32,card,0.25,0
pay_04731,cust_1131,266.13,expired_card,1,8,6,67,4.19,netbanking,0.571,0
pay_04732,cust_0494,5511.03,bank_timeout,1,3,5,83,2.61,upi,0.375,1
pay_04733,cust_0033,718.29,authentication_failed,3,19,0,248,1.68,upi,1.0,0
pay_04734,cust_0189,693.29,bank_timeout,2,17,8,962,2.48,upi,0.68,0
pay_04735,cust_0323,1564.87,insufficient_funds,0,4,3,318,2.89,card,0.571,0
pay_04736,cust_0144,6497.79,bank_timeout,1,7,5,172,2.02,upi,0.583,1
pay_04737,cust_0860,9903.81,insufficient_funds,2,15,1,946,4.24,netbanking,0.938,0
pay_04738,cust_0663,1994.49,authentication_failed,0,1,6,291,2.12,upi,0.143,0
pay_04739,cust_1094,2028.41,invalid_card,0,3,6,855,2.17,netbanking,0.333,1
pay_04740,cust_1387,1908.59,bank_timeout,1,9,7,814,1.75,netbanking,0.562,1
pay_04741,cust_0883,520.56,bank_timeout,0,7,8,977,4.65,upi,0.467,1
pay_04742,cust_1627,2442.06,bank_timeout,1,12,8,234,2.3,netbanking,0.6,1
pay_04743,cust_2149,3509.38,expired_card,0,14,4,442,3.94,netbanking,0.778,0
pay_04744,cust_0601,1675.36,invalid_card,1,12,3,430,1.06,upi,0.8,0
pay_04745,cust_2261,556.57,bank_timeout,0,9,2,129,0.38,card,0.818,1
pay_04746,cust_2016,377.34,expired_card,3,18,3,540,3.64,netbanking,0.857,0
pay_04747,cust_0379,600.24,invalid_card,3,11,0,112,0.98,netbanking,1.0,0
pay_04748,cust_0532,375.9,insufficient_funds,1,14,0,792,1.5,card,1.0,1
pay_04749,cust_1943,463.7,invalid_card,2,19,1,977,4.85,netbanking,0.95,0
pay_04750,cust_0926,9879.94,expired_card,1,17,2,821,2.22,netbanking,0.895,0
pay_04751,cust_0919,773.86,bank_timeout,1,7,6,797,2.33,netbanking,0.538,1
pay_04752,cust_0814,1598.05,invalid_card,3,2,4,936,1.89,netbanking,0.333,0
pay_04753,cust_1723,225.17,insufficient_funds,3,19,4,707,4.5,card,0.826,1
pay_04754,cust_2370,1126.92,authentication_failed,1,20,2,72,0.41,netbanking,0.909,0
pay_04755,cust_0159,497.71,invalid_card,1,4,2,699,4.48,card,0.667,0
pay_04756,cust_2039,289.0,authentication_failed,2,3,0,551,4.74,upi,1.0,0
pay_04757,cust_0834,5374.69,expired_card,2,19,4,124,4.06,card,0.826,0
pay_04758,cust_2053,631.2,authentication_failed,1,2,0,647,0.42,card,1.0,1
pay_04759,cust_1799,797.99,authentication_failed,1,7,4,951,0.54,upi,0.636,0
pay_04760,cust_0625,5253.86,bank_timeout,0,12,2,463,4.21,card,0.857,1
pay_04761,cust_1202,8552.14,invalid_card,3,2,7,978,2.2,netbanking,0.222,0
pay_04762,cust_2185,330.38,expired_card,3,11,8,673,0.53,card,0.579,0
pay_04763,cust_0383,944.43,expired_card,1,6,0,426,1.79,netbanking,1.0,1
pay_04764,cust_0475,342.63,expired_card,0,1,4,653,4.56,card,0.2,0
pay_04765,cust_0101,446.26,authentication_failed,2,2,7,796,4.59,upi,0.222,0
pay_04766,cust_1062,236.73,authentication_failed,3,10,2,425,1.2,upi,0.833,1
pay_04767,cust_0678,760.58,bank_timeout,0,5,1,91,1.16,upi,0.833,1
pay_04768,cust_1953,570.84,bank_timeout,0,13,2,509,1.62,upi,0.867,1
pay_04769,cust_0339,915.41,bank_timeout,3,1,4,128,1.96,netbanking,0.2,0
pay_04770,cust_1277,266.43,authentication_failed,1,9,5,710,1.65,netbanking,0.643,0
pay_04771,cust_1173,812.47,insufficient_funds,0,6,0,712,3.36,upi,1.0,1
pay_04772,cust_1389,1236.47,bank_timeout,0,13,2,646,0.84,upi,0.867,1
pay_04773,cust_2193,398.07,authentication_failed,2,7,7,987,1.06,netbanking,0.5,0
pay_04774,cust_0876,9101.33,expired_card,3,17,5,918,3.32,upi,0.773,0
pay_04775,cust_0641,2062.24,invalid_card,1,14,5,96,1.14,netbanking,0.737,0
pay_04776,cust_0755,870.77,expired_card,0,8,6,146,3.18,netbanking,0.571,0
pay_04777,cust_0183,632.42,expired_card,0,14,7,837,0.47,card,0.667,0
pay_04778,cust_1726,549.9,insufficient_funds,1,9,6,237,0.96,upi,0.6,0
pay_04779,cust_1508,7316.01,expired_card,0,15,5,164,4.1,card,0.75,1
pay_04780,cust_2238,311.69,insufficient_funds,1,10,3,535,4.21,card,0.769,0
pay_04781,cust_1369,455.97,bank_timeout,3,8,0,717,2.7,card,1.0,1
pay_04782,cust_2012,2964.4,bank_timeout,2,2,8,989,3.4,card,0.2,0
pay_04783,cust_0656,655.09,authentication_failed,2,2,6,769,1.24,netbanking,0.25,0
pay_04784,cust_1141,9508.85,authentication_failed,1,19,2,35,1.8,upi,0.905,1
pay_04785,cust_0330,2480.87,expired_card,1,7,0,326,1.17,netbanking,1.0,1
pay_04786,cust_1116,680.47,invalid_card,3,9,4,255,1.27,netbanking,0.692,0
pay_04787,cust_2018,470.96,bank_timeout,0,7,0,81,2.77,netbanking,1.0,1
pay_04788,cust_0031,5097.36,expired_card,3,17,6,202,0.45,upi,0.739,0
pay_04789,cust_1706,1611.01,bank_timeout,2,6,4,978,1.38,card,0.6,1
pay_04790,cust_1962,945.35,authentication_failed,0,12,1,268,4.74,card,0.923,0
pay_04791,cust_0350,373.37,invalid_card,1,15,1,344,1.97,card,0.938,1
pay_04792,cust_1429,8702.4,bank_timeout,3,5,0,244,4.79,netbanking,1.0,0
pay_04793,cust_0684,258.82,expired_card,2,7,2,518,4.84,netbanking,0.778,0
pay_04794,cust_1199,689.5,expired_card,0,5,3,768,3.66,upi,0.625,1
pay_04795,cust_0495,207.74,expired_card,0,8,3,705,2.63,netbanking,0.727,1
pay_04796,cust_0721,341.12,authentication_failed,2,8,7,123,2.72,netbanking,0.533,1
pay_04797,cust_0271,8316.7,bank_timeout,2,13,1,267,1.16,card,0.929,1
pay_04798,cust_1068,1494.25,expired_card,3,6,4,675,2.79,upi,0.6,0
pay_04799,cust_1087,233.37,authentication_failed,3,8,2,177,3.78,card,0.8,0
pay_04800,cust_0773,1720.91,insufficient_funds,2,3,0,554,3.81,netbanking,1.0,0
pay_04801,cust_0740,1633.89,invalid_card,1,11,0,529,2.2,upi,1.0,1
pay_04802,cust_0780,2378.56,bank_timeout,1,15,1,215,0.58,upi,0.938,1
pay_04803,cust_1615,2297.08,authentication_failed,0,8,2,819,3.78,card,0.8,1
pay_04804,cust_2209,695.88,invalid_card,2,15,4,518,1.39,upi,0.789,1
pay_04805,cust_1193,697.51,insufficient_funds,0,16,3,335,0.33,upi,0.842,1
pay_04806,cust_2080,901.56,expired_card,3,8,7,854,3.97,netbanking,0.533,0
pay_04807,cust_0805,5351.42,bank_timeout,2,9,2,751,4.03,card,0.818,0
pay_04808,cust_0547,726.83,invalid_card,3,1,1,243,2.21,netbanking,0.5,0
pay_04809,cust_2389,226.68,invalid_card,3,11,4,860,0.43,netbanking,0.733,1
pay_04810,cust_1087,867.78,bank_timeout,3,18,7,642,0.6,upi,0.72,0
pay_04811,cust_1783,4912.32,insufficient_funds,1,1,0,506,2.99,upi,1.0,0
pay_04812,cust_0709,261.34,invalid_card,3,6,5,914,2.15,netbanking,0.545,0
pay_04813,cust_0759,221.28,invalid_card,3,20,8,518,2.25,card,0.714,0
pay_04814,cust_1345,8913.09,bank_timeout,2,13,8,381,4.05,upi,0.619,1
pay_04815,cust_0009,646.79,authentication_failed,3,20,1,427,4.29,card,0.952,1
pay_04816,cust_0632,3283.97,authentication_failed,3,17,6,267,3.27,card,0.739,0
pay_04817,cust_1749,4614.46,invalid_card,2,4,7,274,2.07,card,0.364,0
pay_04818,cust_0076,1735.2,insufficient_funds,1,16,3,829,2.55,netbanking,0.842,0
pay_04819,cust_0209,729.26,insufficient_funds,3,19,0,539,2.47,netbanking,1.0,0
pay_04820,cust_2379,862.44,expired_card,0,13,6,297,0.3,upi,0.684,1
pay_04821,cust_0701,501.83,bank_timeout,2,9,6,473,0.51,card,0.6,1
pay_04822,cust_1693,6930.1,invalid_card,3,11,7,863,0.36,card,0.611,0
pay_04823,cust_0895,764.43,authentication_failed,0,19,1,221,3.89,upi,0.95,1
pay_04824,cust_2453,6904.15,invalid_card,1,14,3,888,1.64,upi,0.824,1
pay_04825,cust_2265,7760.83,insufficient_funds,2,9,7,188,0.34,netbanking,0.562,0
pay_04826,cust_0547,923.2,authentication_failed,3,19,4,953,2.41,upi,0.826,0
pay_04827,cust_2053,380.26,invalid_card,0,1,0,976,0.49,card,1.0,1
pay_04828,cust_1835,369.72,bank_timeout,0,0,3,735,3.53,card,0.0,1
pay_04829,cust_1262,1333.34,bank_timeout,0,19,4,133,0.91,card,0.826,1
pay_04830,cust_1065,490.54,bank_timeout,0,5,5,294,5.0,netbanking,0.5,1
pay_04831,cust_0108,6983.76,expired_card,2,5,5,741,1.63,upi,0.5,0
pay_04832,cust_1822,6922.93,expired_card,2,0,2,447,0.82,netbanking,0.0,0
pay_04833,cust_1975,985.39,insufficient_funds,1,0,6,133,1.57,upi,0.0,0
pay_04834,cust_0727,2881.37,invalid_card,0,13,8,146,2.8,card,0.619,0
pay_04835,cust_0527,265.91,invalid_card,0,7,6,289,2.18,card,0.538,0
pay_04836,cust_0222,2064.52,authentication_failed,1,19,1,175,3.26,card,0.95,1
pay_04837,cust_1887,5354.08,expired_card,2,6,4,214,4.95,card,0.6,1
pay_04838,cust_2366,8206.89,invalid_card,1,16,0,917,0.25,card,1.0,1
pay_04839,cust_0371,7569.98,authentication_failed,2,3,0,872,1.39,upi,1.0,1
pay_04840,cust_0547,3234.87,expired_card,3,5,3,991,1.19,netbanking,0.625,0
pay_04841,cust_2302,344.75,insufficient_funds,3,20,4,436,2.4,upi,0.833,1
pay_04842,cust_1993,264.84,expired_card,0,14,3,915,0.52,upi,0.824,1
pay_04843,cust_1147,557.79,expired_card,3,3,7,310,0.34,upi,0.3,0
pay_04844,cust_1342,8381.93,authentication_failed,0,14,2,531,1.13,upi,0.875,1
pay_04845,cust_0229,316.3,bank_timeout,3,6,0,964,4.28,card,1.0,0
pay_04846,cust_0422,915.84,bank_timeout,1,1,2,178,0.47,netbanking,0.333,1
pay_04847,cust_0920,261.06,bank_timeout,3,0,7,198,3.14,netbanking,0.0,0
pay_04848,cust_0795,1914.48,insufficient_funds,2,3,7,720,3.45,card,0.3,0
pay_04849,cust_0598,667.62,insufficient_funds,0,20,2,514,2.61,upi,0.909,1
pay_04850,cust_0804,6087.6,expired_card,3,3,2,572,4.22,netbanking,0.6,0
pay_04851,cust_1673,945.89,insufficient_funds,0,19,5,247,0.49,card,0.792,1
pay_04852,cust_0451,1943.41,authentication_failed,0,6,4,104,0.66,upi,0.6,1
pay_04853,cust_0535,381.27,expired_card,1,17,5,671,0.99,card,0.773,0
pay_04854,cust_1848,2667.26,insufficient_funds,2,10,4,583,2.64,netbanking,0.714,1
pay_04855,cust_1376,379.19,invalid_card,0,9,3,623,3.94,netbanking,0.75,1
pay_04856,cust_1946,2211.53,expired_card,3,1,2,837,2.0,card,0.333,0
pay_04857,cust_0144,682.53,insufficient_funds,0,5,0,844,3.88,netbanking,1.0,1
pay_04858,cust_1905,348.63,expired_card,0,5,3,241,1.09,card,0.625,0
pay_04859,cust_1587,3987.49,authentication_failed,2,7,8,344,0.6,card,0.467,0
pay_04860,cust_0591,847.38,bank_timeout,1,7,2,749,1.85,upi,0.778,1
pay_04861,cust_2297,351.78,expired_card,3,5,7,311,0.97,card,0.417,0
pay_04862,cust_0399,1176.54,expired_card,2,9,8,800,1.82,netbanking,0.529,0
pay_04863,cust_0597,402.18,invalid_card,0,0,7,134,1.31,netbanking,0.0,0
pay_04864,cust_1975,2486.8,insufficient_funds,2,20,6,40,2.29,netbanking,0.769,0
pay_04865,cust_2022,1486.42,insufficient_funds,2,0,1,192,0.47,upi,0.0,1
pay_04866,cust_2277,711.95,expired_card,3,2,4,375,1.89,card,0.333,0
pay_04867,cust_0134,799.44,authentication_failed,3,13,7,479,1.79,upi,0.65,0
pay_04868,cust_1203,804.51,invalid_card,1,4,0,612,1.48,card,1.0,0
pay_04869,cust_0388,320.93,authentication_failed,0,2,4,419,0.65,upi,0.333,1
pay_04870,cust_2111,7937.62,bank_timeout,1,8,6,502,2.74,netbanking,0.571,1
pay_04871,cust_0948,2564.92,insufficient_funds,1,7,2,822,1.4,netbanking,0.778,0
pay_04872,cust_0813,1863.28,invalid_card,3,6,2,285,2.51,netbanking,0.75,0
pay_04873,cust_1048,458.48,bank_timeout,1,9,0,978,2.03,card,1.0,1
pay_04874,cust_2118,3140.62,authentication_failed,3,8,5,57,4.63,card,0.615,0
pay_04875,cust_1666,3584.18,authentication_failed,1,8,3,673,3.82,card,0.727,0
pay_04876,cust_0290,4297.65,bank_timeout,3,8,7,476,0.33,card,0.533,0
pay_04877,cust_1217,4025.11,expired_card,1,13,1,921,2.04,upi,0.929,0
pay_04878,cust_1051,622.89,expired_card,3,12,0,969,1.85,upi,1.0,0
pay_04879,cust_0893,608.67,invalid_card,3,12,6,842,3.64,upi,0.667,1
pay_04880,cust_0919,863.2,expired_card,3,16,4,831,3.49,card,0.8,0
pay_04881,cust_0722,452.97,bank_timeout,1,13,1,193,1.47,netbanking,0.929,1
pay_04882,cust_2389,1922.67,authentication_failed,2,1,6,753,2.8,card,0.143,1
pay_04883,cust_0728,2926.53,insufficient_funds,3,15,3,176,1.69,netbanking,0.833,0
pay_04884,cust_2135,3501.99,bank_timeout,3,2,6,385,4.59,upi,0.25,0
pay_04885,cust_0796,6747.72,expired_card,1,0,5,299,0.64,card,0.0,0
pay_04886,cust_0528,2001.84,invalid_card,0,3,6,998,2.95,upi,0.333,0
pay_04887,cust_0568,4675.55,bank_timeout,0,12,5,816,1.3,upi,0.706,1
pay_04888,cust_2293,5317.03,bank_timeout,2,9,3,404,3.28,card,0.75,0
pay_04889,cust_0278,6814.09,bank_timeout,2,19,5,171,1.52,netbanking,0.792,0
pay_04890,cust_0197,300.86,insufficient_funds,3,20,6,812,2.1,netbanking,0.769,1
pay_04891,cust_1530,1631.12,bank_timeout,0,10,8,671,2.61,netbanking,0.556,0
pay_04892,cust_0668,245.58,invalid_card,3,12,0,194,4.11,netbanking,1.0,1
pay_04893,cust_2496,2048.8,authentication_failed,3,11,6,910,3.32,netbanking,0.647,0
pay_04894,cust_0388,1220.67,expired_card,1,12,1,788,3.93,netbanking,0.923,1
pay_04895,cust_1295,2896.12,expired_card,1,9,7,747,1.48,netbanking,0.562,0
pay_04896,cust_0215,1860.0,expired_card,3,2,1,815,1.71,upi,0.667,0
pay_04897,cust_1435,9439.25,expired_card,0,11,7,553,2.52,netbanking,0.611,0
pay_04898,cust_1753,880.45,authentication_failed,0,9,7,262,0.18,upi,0.562,0
pay_04899,cust_1198,858.99,invalid_card,0,3,6,669,3.97,card,0.333,0
pay_04900,cust_2395,290.43,invalid_card,2,20,6,351,2.82,upi,0.769,0
pay_04901,cust_2237,2105.41,bank_timeout,0,12,8,310,0.62,netbanking,0.6,0
pay_04902,cust_1244,5430.49,bank_timeout,0,10,6,764,2.31,netbanking,0.625,0
pay_04903,cust_2440,5406.05,insufficient_funds,0,4,3,907,0.89,card,0.571,1
pay_04904,cust_1971,2189.07,authentication_failed,1,18,7,432,2.66,upi,0.72,0
pay_04905,cust_1571,308.94,authentication_failed,3,11,3,302,0.29,card,0.786,0
pay_04906,cust_1771,2808.86,insufficient_funds,3,10,6,253,4.13,card,0.625,0
pay_04907,cust_1160,445.31,invalid_card,3,19,6,665,4.81,card,0.76,0
pay_04908,cust_1968,887.04,bank_timeout,1,12,3,533,1.08,card,0.8,1
pay_04909,cust_2313,322.91,bank_timeout,0,13,7,599,3.47,card,0.65,0
pay_04910,cust_1839,246.39,expired_card,3,0,1,191,3.13,netbanking,0.0,0
pay_04911,cust_2225,2173.46,expired_card,3,8,6,57,2.49,card,0.571,0
pay_04912,cust_0441,2279.18,bank_timeout,2,6,0,62,1.38,netbanking,1.0,1
pay_04913,cust_1534,2767.26,authentication_failed,1,4,2,916,3.72,card,0.667,0
pay_04914,cust_0215,8046.61,invalid_card,0,9,4,168,3.23,upi,0.692,1
pay_04915,cust_0340,969.3,insufficient_funds,3,17,7,898,4.62,netbanking,0.708,0
pay_04916,cust_0278,6002.96,insufficient_funds,0,15,6,175,0.71,netbanking,0.714,1
pay_04917,cust_1777,1081.4,authentication_failed,3,11,8,32,3.76,card,0.579,0
pay_04918,cust_0394,707.15,invalid_card,1,5,2,910,4.2,upi,0.714,1
pay_04919,cust_2225,311.85,expired_card,3,7,4,526,2.8,card,0.636,0
pay_04920,cust_1207,535.84,expired_card,3,9,0,788,2.4,netbanking,1.0,0
pay_04921,cust_1240,3790.19,expired_card,3,12,1,881,4.81,upi,0.923,1
pay_04922,cust_1632,611.04,authentication_failed,0,3,7,859,1.98,upi,0.3,0
pay_04923,cust_0164,428.21,authentication_failed,1,12,7,724,0.27,upi,0.632,1
pay_04924,cust_1360,863.97,insufficient_funds,0,8,5,671,2.6,netbanking,0.615,0
pay_04925,cust_1617,734.59,insufficient_funds,1,1,1,604,1.89,upi,0.5,0
pay_04926,cust_0252,3547.37,invalid_card,3,15,2,220,1.45,upi,0.882,1
pay_04927,cust_0642,2454.4,insufficient_funds,0,18,5,854,4.41,card,0.783,0
pay_04928,cust_2476,1362.43,expired_card,0,12,6,978,4.53,upi,0.667,0
pay_04929,cust_0352,454.62,authentication_failed,3,8,8,425,0.42,upi,0.5,0
pay_04930,cust_0771,423.61,expired_card,1,2,1,755,2.46,card,0.667,1
pay_04931,cust_1145,867.25,insufficient_funds,0,17,6,146,4.06,netbanking,0.739,1
pay_04932,cust_1851,1988.36,bank_timeout,2,14,3,183,4.92,netbanking,0.824,0
pay_04933,cust_0635,470.86,bank_timeout,2,18,5,624,1.02,upi,0.783,1
pay_04934,cust_1959,863.14,authentication_failed,2,13,8,804,4.43,card,0.619,1
pay_04935,cust_0295,468.01,bank_timeout,0,5,6,771,0.45,upi,0.455,1
pay_04936,cust_2004,226.71,bank_timeout,2,2,0,834,0.91,card,1.0,0
pay_04937,cust_0664,766.72,insufficient_funds,0,9,3,682,0.7,netbanking,0.75,1
pay_04938,cust_2365,2795.89,bank_timeout,0,16,2,265,0.36,card,0.889,1
pay_04939,cust_0948,6786.21,bank_timeout,3,14,1,245,4.58,netbanking,0.933,0
pay_04940,cust_0168,289.79,authentication_failed,0,15,7,661,2.19,card,0.682,1
pay_04941,cust_0645,7243.64,authentication_failed,1,11,3,892,4.84,upi,0.786,1
pay_04942,cust_2405,2829.81,insufficient_funds,0,14,4,286,2.73,card,0.778,1
pay_04943,cust_1373,560.6,bank_timeout,2,8,0,209,1.93,card,1.0,0
pay_04944,cust_2280,394.77,authentication_failed,1,20,1,484,0.57,netbanking,0.952,1
pay_04945,cust_0006,466.62,expired_card,3,9,6,744,0.15,netbanking,0.6,0
pay_04946,cust_1838,6495.43,invalid_card,1,16,8,151,3.75,upi,0.667,0
pay_04947,cust_1782,360.07,insufficient_funds,0,13,2,146,4.88,card,0.867,1
pay_04948,cust_2131,9986.8,authentication_failed,0,13,8,739,0.54,card,0.619,0
pay_04949,cust_1413,402.36,invalid_card,2,8,5,148,3.04,card,0.615,0
pay_04950,cust_1544,8246.78,invalid_card,0,3,7,698,1.43,card,0.3,0
pay_04951,cust_2121,932.6,expired_card,3,3,3,93,1.98,upi,0.5,1
pay_04952,cust_1215,7059.65,expired_card,2,17,8,238,0.89,card,0.68,0
pay_04953,cust_1120,2204.33,insufficient_funds,1,7,1,954,3.61,card,0.875,1
pay_04954,cust_1674,685.98,expired_card,1,11,5,156,2.15,upi,0.688,0
pay_04955,cust_2033,6476.97,invalid_card,0,9,3,976,2.86,card,0.75,1
pay_04956,cust_2039,4910.67,insufficient_funds,3,19,6,353,2.14,netbanking,0.76,0
pay_04957,cust_1456,2197.62,insufficient_funds,2,15,6,987,3.03,card,0.714,1
pay_04958,cust_1228,5143.23,invalid_card,2,4,5,251,0.89,netbanking,0.444,0
pay_04959,cust_0774,318.07,insufficient_funds,3,5,1,696,1.03,card,0.833,0
pay_04960,cust_2227,417.08,expired_card,2,14,2,711,1.09,upi,0.875,0
pay_04961,cust_1757,6814.97,insufficient_funds,0,7,6,723,1.43,netbanking,0.538,1
pay_04962,cust_0243,2890.57,insufficient_funds,2,1,4,689,2.52,netbanking,0.2,0
pay_04963,cust_1999,2614.15,authentication_failed,2,2,6,259,0.99,upi,0.25,0
pay_04964,cust_2157,702.79,invalid_card,0,5,3,373,0.82,upi,0.625,0
pay_04965,cust_0380,348.35,authentication_failed,0,7,0,862,3.53,card,1.0,0
pay_04966,cust_0304,205.08,expired_card,3,1,5,416,0.79,upi,0.167,0
pay_04967,cust_0889,9389.96,invalid_card,2,8,3,297,3.98,netbanking,0.727,0
pay_04968,cust_1579,1649.38,expired_card,1,15,3,284,1.18,upi,0.833,1
pay_04969,cust_0041,3693.56,bank_timeout,2,20,2,404,1.31,card,0.909,1
pay_04970,cust_0192,493.53,authentication_failed,0,0,1,121,0.77,upi,0.0,0
pay_04971,cust_1409,3714.67,expired_card,2,12,5,456,4.15,card,0.706,0
pay_04972,cust_0969,746.3,invalid_card,3,11,1,291,1.26,card,0.917,1
pay_04973,cust_0981,675.41,bank_timeout,2,14,6,426,0.27,netbanking,0.7,1
pay_04974,cust_1995,291.06,bank_timeout,0,19,3,412,2.82,upi,0.864,1
pay_04975,cust_1511,2571.67,insufficient_funds,2,16,6,373,2.23,card,0.727,1
pay_04976,cust_2262,1541.41,invalid_card,3,14,5,407,2.2,netbanking,0.737,0
pay_04977,cust_0273,1090.75,bank_timeout,0,9,0,674,0.54,card,1.0,1
pay_04978,cust_0105,343.82,insufficient_funds,0,14,2,825,1.01,card,0.875,1
pay_04979,cust_2426,627.62,expired_card,2,14,7,774,2.61,card,0.667,0
pay_04980,cust_0865,834.05,insufficient_funds,3,7,5,534,0.59,netbanking,0.583,0
pay_04981,cust_0869,4778.15,authentication_failed,2,6,5,959,4.66,netbanking,0.545,0
pay_04982,cust_1315,2616.54,insufficient_funds,2,3,4,284,2.16,upi,0.429,1
pay_04983,cust_0222,285.68,authentication_failed,2,17,6,778,0.26,netbanking,0.739,0
pay_04984,cust_1078,1596.52,insufficient_funds,3,18,3,284,3.93,netbanking,0.857,1
pay_04985,cust_1360,1097.47,insufficient_funds,0,13,3,616,1.76,netbanking,0.812,1
pay_04986,cust_1181,673.26,authentication_failed,2,7,7,77,4.25,upi,0.5,0
pay_04987,cust_1042,2772.29,invalid_card,1,10,0,393,0.58,netbanking,1.0,0
pay_04988,cust_2154,1060.29,expired_card,3,1,1,963,1.45,netbanking,0.5,0
pay_04989,cust_2415,7030.25,authentication_failed,2,1,2,927,0.6,card,0.333,1
pay_04990,cust_0119,2140.6,invalid_card,3,11,3,958,1.6,card,0.786,1
pay_04991,cust_2375,809.49,expired_card,0,13,6,916,0.36,netbanking,0.684,0
pay_04992,cust_1324,2698.7,expired_card,2,6,6,220,4.05,upi,0.5,0
pay_04993,cust_0791,992.76,insufficient_funds,0,17,1,150,3.44,netbanking,0.944,1
pay_04994,cust_0167,264.07,insufficient_funds,3,17,8,126,4.31,upi,0.68,0
pay_04995,cust_1651,7854.39,invalid_card,2,6,3,990,0.53,upi,0.667,0
pay_04996,cust_1313,770.92,invalid_card,2,19,0,140,4.24,card,1.0,0
pay_04997,cust_1104,4611.24,authentication_failed,2,15,3,557,4.39,netbanking,0.833,1
pay_04998,cust_1017,2713.87,authentication_failed,0,10,3,712,4.69,card,0.769,1
pay_04999,cust_2135,706.19,bank_timeout,1,0,1,964,3.63,card,0.0,1
pay_05000,cust_0556,312.89,invalid_card,2,10,5,402,1.83,card,0.667,0
pay_05001,cust_1416,9525.72,invalid_card,2,5,6,840,2.15,card,0.455,0
pay_05002,cust_1212,1954.48,insufficient_funds,0,16,0,84,3.2,card,1.0,0
pay_05003,cust_0732,1550.79,authentication_failed,2,16,5,996,2.08,upi,0.762,1
pay_05004,cust_0573,3631.49,authentication_failed,0,11,3,482,0.96,card,0.786,0
pay_05005,cust_1467,2787.69,bank_timeout,0,19,0,55,3.82,upi,1.0,0
pay_05006,cust_0127,476.26,bank_timeout,3,12,0,428,4.81,upi,1.0,1
pay_05007,cust_0545,6295.54,expired_card,0,3,2,779,2.56,upi,0.6,0
pay_05008,cust_2054,4227.73,expired_card,1,2,4,86,3.33,netbanking,0.333,0
pay_05009,cust_1177,493.78,bank_timeout,3,3,6,101,3.19,upi,0.333,0
pay_05010,cust_2151,491.0,bank_timeout,1,16,2,492,4.41,upi,0.889,1
pay_05011,cust_1264,5408.77,bank_timeout,1,1,8,518,0.33,card,0.111,1
pay_05012,cust_2106,1339.7,bank_timeout,0,9,7,672,3.36,upi,0.562,1
pay_05013,cust_1138,2651.7,invalid_card,3,8,6,901,1.76,upi,0.571,0
pay_05014,cust_0497,541.45,bank_timeout,0,20,8,125,1.82,netbanking,0.714,1
pay_05015,cust_2396,4367.67,invalid_card,1,7,2,272,4.7,card,0.778,0
pay_05016,cust_0415,1657.03,expired_card,2,11,7,49,1.12,netbanking,0.611,0
pay_05017,cust_1924,319.64,bank_timeout,2,15,0,899,2.46,card,1.0,0
pay_05018,cust_0233,9639.56,expired_card,2,10,4,880,3.82,upi,0.714,1
pay_05019,cust_0502,720.35,insufficient_funds,3,10,4,891,2.59,card,0.714,0
pay_05020,cust_1607,309.66,invalid_card,2,10,1,839,2.25,upi,0.909,0
pay_05021,cust_2285,315.07,invalid_card,2,15,2,931,4.84,card,0.882,1
pay_05022,cust_0515,991.46,insufficient_funds,3,10,1,423,1.48,netbanking,0.909,1
pay_05023,cust_1191,2322.98,insufficient_funds,2,7,8,783,4.06,card,0.467,0
pay_05024,cust_0056,3133.04,authentication_failed,0,19,0,911,3.18,upi,1.0,1
pay_05025,cust_1897,376.31,bank_timeout,0,17,7,52,4.88,card,0.708,0
pay_05026,cust_2144,336.78,invalid_card,0,13,5,473,2.41,upi,0.722,1
pay_05027,cust_2357,1984.03,insufficient_funds,3,17,2,53,1.09,netbanking,0.895,1
pay_05028,cust_2281,6610.66,authentication_failed,0,2,5,1000,4.61,upi,0.286,0
pay_05029,cust_0342,1797.53,insufficient_funds,0,2,6,724,3.94,card,0.25,0
pay_05030,cust_2008,494.25,authentication_failed,0,8,6,915,2.12,upi,0.571,0
pay_05031,cust_1534,2903.28,insufficient_funds,1,3,3,809,3.69,card,0.5,1
pay_05032,cust_0756,8453.14,authentication_failed,2,14,1,255,4.08,netbanking,0.933,0
pay_05033,cust_1447,1844.44,insufficient_funds,1,5,4,935,3.19,netbanking,0.556,1
pay_05034,cust_0255,759.07,insufficient_funds,0,9,7,431,4.74,card,0.562,0
pay_05035,cust_0211,9136.03,bank_timeout,1,4,5,829,4.75,netbanking,0.444,0
pay_05036,cust_1463,1237.44,bank_timeout,3,4,7,851,0.77,card,0.364,0
pay_05037,cust_0165,328.75,expired_card,3,6,0,276,2.34,netbanking,1.0,1
pay_05038,cust_0991,340.79,authentication_failed,1,0,6,604,4.12,netbanking,0.0,0
pay_05039,cust_2309,1883.83,authentication_failed,3,15,2,627,1.56,netbanking,0.882,0
pay_05040,cust_1827,9557.79,bank_timeout,0,1,4,803,4.56,upi,0.2,0
pay_05041,cust_0599,845.71,bank_timeout,3,18,7,32,3.86,netbanking,0.72,0
pay_05042,cust_1804,1631.69,bank_timeout,2,7,1,75,4.62,upi,0.875,0
pay_05043,cust_0518,608.35,invalid_card,2,1,0,632,1.0,upi,1.0,1
pay_05044,cust_1396,832.6,insufficient_funds,0,17,0,272,3.9,netbanking,1.0,1
pay_05045,cust_0771,728.01,insufficient_funds,2,11,0,838,4.33,upi,1.0,1
pay_05046,cust_2251,9217.0,authentication_failed,0,19,7,316,2.58,upi,0.731,1
pay_05047,cust_1225,719.23,bank_timeout,3,8,2,866,1.74,netbanking,0.8,1
pay_05048,cust_1241,7875.13,expired_card,3,11,8,587,4.5,card,0.579,0
pay_05049,cust_1223,982.87,expired_card,0,2,1,473,3.38,upi,0.667,0
pay_05050,cust_0412,246.09,insufficient_funds,3,1,7,436,0.98,netbanking,0.125,0
pay_05051,cust_0415,967.95,invalid_card,1,2,6,604,1.43,netbanking,0.25,0
pay_05052,cust_0740,1758.98,insufficient_funds,1,8,4,249,0.99,card,0.667,1
pay_05053,cust_1464,5407.92,authentication_failed,3,9,2,616,4.06,netbanking,0.818,1
pay_05054,cust_0506,8538.51,bank_timeout,1,2,8,912,2.82,upi,0.2,0
pay_05055,cust_2011,210.12,bank_timeout,2,9,5,516,0.46,upi,0.643,1
pay_05056,cust_0313,399.1,expired_card,0,3,4,55,2.37,card,0.429,0
pay_05057,cust_2287,2930.3,authentication_failed,0,15,0,226,2.64,card,1.0,0
pay_05058,cust_0909,645.7,expired_card,2,15,0,456,3.37,card,1.0,0
pay_05059,cust_1218,3894.58,insufficient_funds,2,1,0,316,4.27,upi,1.0,1
pay_05060,cust_2341,1234.28,expired_card,2,13,6,253,3.06,upi,0.684,0
pay_05061,cust_0326,443.15,invalid_card,1,11,7,395,3.22,card,0.611,0
pay_05062,cust_1955,1630.57,invalid_card,3,13,7,416,2.04,upi,0.65,0
pay_05063,cust_1808,440.32,invalid_card,2,0,3,200,1.58,netbanking,0.0,0
pay_05064,cust_0581,711.19,bank_timeout,2,9,2,152,1.6,netbanking,0.818,1
pay_05065,cust_0390,202.96,insufficient_funds,0,19,8,226,2.17,upi,0.704,0
pay_05066,cust_0310,428.08,authentication_failed,3,13,5,239,3.14,card,0.722,0
pay_05067,cust_2362,1917.2,insufficient_funds,0,15,5,66,4.85,card,0.75,0
pay_05068,cust_2419,2914.87,expired_card,1,13,4,68,0.72,card,0.765,1
pay_05069,cust_2489,466.01,authentication_failed,2,0,3,840,0.59,upi,0.0,0
pay_05070,cust_0397,1713.21,authentication_failed,2,2,7,143,2.22,card,0.222,0
pay_05071,cust_1385,295.8,insufficient_funds,3,0,3,162,2.78,netbanking,0.0,1
pay_05072,cust_1020,2074.05,expired_card,0,15,2,872,0.45,netbanking,0.882,1
pay_05073,cust_1714,300.38,insufficient_funds,3,17,7,212,1.96,upi,0.708,0
pay_05074,cust_0485,1345.84,expired_card,1,11,5,672,2.96,card,0.688,1
pay_05075,cust_1628,477.08,bank_timeout,1,9,3,291,3.57,card,0.75,1
pay_05076,cust_1562,693.72,invalid_card,0,10,3,636,1.45,card,0.769,0
pay_05077,cust_1057,9628.63,insufficient_funds,1,0,5,765,4.93,netbanking,0.0,0
pay_05078,cust_1128,640.41,invalid_card,0,15,4,558,0.63,card,0.789,1
pay_05079,cust_0828,594.24,invalid_card,2,2,7,388,0.64,netbanking,0.222,0
pay_05080,cust_0121,723.73,expired_card,2,16,3,548,2.19,upi,0.842,1
pay_05081,cust_1539,5382.21,authentication_failed,2,0,7,861,1.11,card,0.0,0
pay_05082,cust_2443,2130.68,invalid_card,3,13,6,482,1.05,card,0.684,0
pay_05083,cust_0876,7828.25,bank_timeout,3,10,4,531,0.21,card,0.714,1
pay_05084,cust_0326,643.38,authentication_failed,2,5,7,204,2.61,card,0.417,1
pay_05085,cust_0611,8378.4,expired_card,3,0,4,85,0.96,netbanking,0.0,0
pay_05086,cust_1904,283.48,bank_timeout,2,15,8,986,0.88,card,0.652,1
pay_05087,cust_2413,633.8,expired_card,3,17,8,349,1.15,card,0.68,0
pay_05088,cust_2425,8713.78,insufficient_funds,1,13,3,585,3.55,upi,0.812,1
pay_05089,cust_0943,6291.33,expired_card,2,11,6,763,3.43,upi,0.647,0
pay_05090,cust_0061,8871.32,authentication_failed,2,18,2,516,3.03,upi,0.9,1
pay_05091,cust_2446,7417.96,expired_card,2,16,2,501,2.53,upi,0.889,1
pay_05092,cust_2319,1161.24,insufficient_funds,1,12,4,347,3.43,netbanking,0.75,0
pay_05093,cust_1929,2084.22,insufficient_funds,0,8,7,828,3.51,netbanking,0.533,0
pay_05094,cust_2280,252.05,invalid_card,1,11,8,906,2.78,netbanking,0.579,0
pay_05095,cust_2115,276.53,authentication_failed,2,11,5,656,4.68,card,0.688,0
pay_05096,cust_0720,932.65,insufficient_funds,3,9,4,860,2.27,netbanking,0.692,0
pay_05097,cust_1533,486.37,authentication_failed,3,0,4,499,0.31,card,0.0,0
pay_05098,cust_0672,1246.13,insufficient_funds,1,3,2,37,4.65,upi,0.6,1
pay_05099,cust_0898,8463.0,authentication_failed,2,2,6,679,0.99,netbanking,0.25,0
pay_05100,cust_1082,6544.47,bank_timeout,2,19,1,839,4.62,card,0.95,1
pay_05101,cust_2101,982.71,authentication_failed,3,15,0,216,1.89,card,1.0,1
pay_05102,cust_2398,2120.05,expired_card,1,1,5,331,3.67,card,0.167,0
pay_05103,cust_2057,416.53,bank_timeout,3,14,3,284,3.29,netbanking,0.824,0
pay_05104,cust_0966,921.07,insufficient_funds,0,14,1,653,4.88,card,0.933,1
pay_05105,cust_1450,677.68,bank_timeout,2,20,1,432,4.28,netbanking,0.952,0
pay_05106,cust_0518,8930.78,expired_card,3,6,7,319,4.1,netbanking,0.462,0
pay_05107,cust_0209,4703.15,insufficient_funds,3,20,8,495,4.16,card,0.714,0
pay_05108,cust_1870,750.82,insufficient_funds,3,10,8,363,0.99,netbanking,0.556,0
pay_05109,cust_2077,6122.38,expired_card,0,0,3,928,1.54,upi,0.0,0
pay_05110,cust_0001,6898.48,insufficient_funds,2,2,7,118,2.99,card,0.222,0
pay_05111,cust_1103,400.46,authentication_failed,0,13,4,706,4.99,upi,0.765,1
pay_05112,cust_0207,845.39,expired_card,2,13,1,129,1.69,card,0.929,0
pay_05113,cust_1346,591.01,invalid_card,1,1,1,400,2.81,netbanking,0.5,0
pay_05114,cust_0470,515.01,authentication_failed,1,3,1,816,2.22,upi,0.75,1
pay_05115,cust_1325,918.71,bank_timeout,2,1,8,608,2.17,upi,0.111,1
pay_05116,cust_1968,6417.18,invalid_card,0,17,0,423,3.84,upi,1.0,1
pay_05117,cust_1754,2751.43,insufficient_funds,0,2,8,264,0.97,upi,0.2,1
pay_05118,cust_1129,1194.41,insufficient_funds,0,8,3,964,2.63,upi,0.727,1
pay_05119,cust_2315,907.85,bank_timeout,3,3,5,953,3.38,upi,0.375,1
pay_05120,cust_0641,1160.42,insufficient_funds,0,4,6,779,2.79,upi,0.4,0
pay_05121,cust_0546,691.95,invalid_card,1,20,6,836,2.55,card,0.769,0
pay_05122,cust_1327,1818.12,expired_card,2,14,0,651,4.28,upi,1.0,1
pay_05123,cust_0331,384.85,bank_timeout,1,19,4,921,1.36,netbanking,0.826,1
pay_05124,cust_2490,1925.33,expired_card,2,8,0,782,4.05,upi,1.0,1
pay_05125,cust_0958,1948.11,invalid_card,0,20,2,599,2.17,upi,0.909,0
pay_05126,cust_0308,498.56,insufficient_funds,0,17,8,129,3.51,netbanking,0.68,0
pay_05127,cust_0898,340.83,authentication_failed,2,8,4,291,1.65,netbanking,0.667,1
pay_05128,cust_0944,920.69,insufficient_funds,0,18,5,107,4.8,netbanking,0.783,0
pay_05129,cust_0355,635.99,invalid_card,1,2,6,379,1.85,upi,0.25,0
pay_05130,cust_1229,440.66,insufficient_funds,3,20,6,335,3.75,netbanking,0.769,0
pay_05131,cust_0438,1890.15,expired_card,1,2,4,607,1.24,upi,0.333,0
pay_05132,cust_1177,535.85,bank_timeout,3,2,0,272,2.29,upi,1.0,1
pay_05133,cust_1932,1018.7,bank_timeout,2,18,3,243,1.72,upi,0.857,1
pay_05134,cust_2228,1693.56,authentication_failed,0,0,7,301,4.62,upi,0.0,0
pay_05135,cust_1768,460.29,insufficient_funds,1,3,0,479,1.95,netbanking,1.0,0
pay_05136,cust_0132,2155.26,authentication_failed,3,1,4,177,1.91,netbanking,0.2,0
pay_05137,cust_1795,702.74,bank_timeout,2,18,6,421,0.25,upi,0.75,0
pay_05138,cust_1991,4502.76,bank_timeout,0,11,7,149,4.88,card,0.611,0
pay_05139,cust_0475,9298.76,bank_timeout,3,12,8,675,3.86,netbanking,0.6,1
pay_05140,cust_0743,2046.57,bank_timeout,2,9,4,433,4.14,upi,0.692,0
pay_05141,cust_1652,763.02,bank_timeout,0,7,3,781,0.25,card,0.7,1
pay_05142,cust_1139,2209.39,authentication_failed,3,8,5,796,0.17,upi,0.615,0
pay_05143,cust_1279,2712.11,insufficient_funds,1,2,6,772,3.33,upi,0.25,0
pay_05144,cust_1584,429.4,bank_timeout,3,18,0,293,4.88,card,1.0,0
pay_05145,cust_1806,9367.3,invalid_card,2,16,0,740,4.18,card,1.0,1
pay_05146,cust_1336,324.63,invalid_card,0,14,2,312,0.84,card,0.875,0
pay_05147,cust_0255,6929.77,invalid_card,1,12,6,823,4.97,card,0.667,0
pay_05148,cust_1604,9228.42,insufficient_funds,2,1,0,571,1.92,card,1.0,0
pay_05149,cust_2276,5038.18,expired_card,3,15,2,143,0.8,card,0.882,1
pay_05150,cust_0267,5840.05,insufficient_funds,3,15,0,711,2.97,netbanking,1.0,0
pay_05151,cust_2070,271.09,insufficient_funds,2,17,5,993,1.37,upi,0.773,1
pay_05152,cust_0321,3641.11,bank_timeout,0,7,0,893,0.27,upi,1.0,1
pay_05153,cust_0991,7492.31,authentication_failed,2,7,3,37,1.78,card,0.7,1
pay_05154,cust_0329,479.69,expired_card,3,2,0,889,0.41,upi,1.0,0
pay_05155,cust_1781,489.66,invalid_card,1,4,8,471,1.69,card,0.333,1
pay_05156,cust_1753,496.27,authentication_failed,3,17,5,925,0.38,card,0.773,0
pay_05157,cust_0931,443.35,bank_timeout,0,9,2,806,3.34,upi,0.818,1
pay_05158,cust_1586,461.5,bank_timeout,0,10,2,98,0.86,upi,0.833,1
pay_05159,cust_0984,3120.26,insufficient_funds,1,16,7,646,3.93,card,0.696,1
pay_05160,cust_1470,6230.89,expired_card,0,0,8,634,4.3,netbanking,0.0,0
pay_05161,cust_1516,2935.9,insufficient_funds,3,12,4,628,1.56,card,0.75,0
pay_05162,cust_0327,1046.62,expired_card,1,4,5,361,1.52,upi,0.444,0
pay_05163,cust_1048,441.77,expired_card,1,12,3,181,1.82,card,0.8,1
pay_05164,cust_1292,715.16,bank_timeout,2,13,1,856,4.49,card,0.929,1
pay_05165,cust_0931,561.8,bank_timeout,3,15,0,553,0.98,netbanking,1.0,1
pay_05166,cust_0511,869.89,insufficient_funds,0,3,8,629,0.25,card,0.273,0
pay_05167,cust_2345,830.66,bank_timeout,0,19,1,222,2.63,card,0.95,1
pay_05168,cust_2477,9943.47,insufficient_funds,0,16,2,605,2.86,card,0.889,0
pay_05169,cust_2075,1531.67,authentication_failed,1,17,3,934,4.72,upi,0.85,1
pay_05170,cust_2071,6672.08,invalid_card,3,16,0,498,2.1,netbanking,1.0,0
pay_05171,cust_2028,589.02,bank_timeout,2,18,8,769,4.93,netbanking,0.692,0
pay_05172,cust_1563,636.4,invalid_card,1,18,0,856,2.47,card,1.0,0
pay_05173,cust_1527,2655.86,authentication_failed,0,2,4,504,2.0,netbanking,0.333,1
pay_05174,cust_2362,364.03,expired_card,3,11,8,414,2.14,netbanking,0.579,1
pay_05175,cust_2150,1108.07,authentication_failed,2,8,5,277,2.16,upi,0.615,1
pay_05176,cust_2322,4206.33,bank_timeout,2,11,7,89,2.58,card,0.611,1
pay_05177,cust_0289,9180.54,invalid_card,2,9,6,428,1.93,card,0.6,0
pay_05178,cust_1099,2386.6,invalid_card,0,15,0,423,0.67,card,1.0,1
pay_05179,cust_1052,1333.34,authentication_failed,0,12,5,563,1.74,upi,0.706,0
pay_05180,cust_1442,2173.94,insufficient_funds,2,9,3,475,0.19,netbanking,0.75,1
pay_05181,cust_1112,7603.66,insufficient_funds,0,15,4,360,2.25,netbanking,0.789,1
pay_05182,cust_1296,7559.03,authentication_failed,0,20,0,963,2.59,netbanking,1.0,1
pay_05183,cust_1952,3330.88,expired_card,0,14,7,311,2.18,netbanking,0.667,0
pay_05184,cust_1028,7947.36,insufficient_funds,2,10,0,142,3.51,upi,1.0,1
pay_05185,cust_0818,906.91,insufficient_funds,1,15,4,667,4.71,upi,0.789,1
pay_05186,cust_0918,227.98,bank_timeout,0,1,1,369,3.75,upi,0.5,0
pay_05187,cust_1311,489.16,insufficient_funds,2,15,7,556,3.47,upi,0.682,1
pay_05188,cust_1153,324.64,insufficient_funds,3,12,8,207,2.4,card,0.6,0
pay_05189,cust_1636,267.06,expired_card,3,14,4,140,2.79,netbanking,0.778,0
pay_05190,cust_0306,1252.56,insufficient_funds,0,18,4,568,0.93,card,0.818,0
pay_05191,cust_2206,569.96,authentication_failed,3,7,5,487,3.7,upi,0.583,0
pay_05192,cust_2180,902.34,expired_card,3,7,7,322,1.73,upi,0.5,0
pay_05193,cust_0455,2583.68,invalid_card,1,3,8,56,2.27,netbanking,0.273,1
pay_05194,cust_0525,273.33,expired_card,2,5,3,479,1.3,upi,0.625,1
pay_05195,cust_2424,334.53,expired_card,2,17,8,955,2.13,netbanking,0.68,1
pay_05196,cust_0888,317.44,invalid_card,1,16,7,492,1.67,card,0.696,0
pay_05197,cust_1390,481.74,expired_card,0,0,7,634,3.51,card,0.0,0
pay_05198,cust_2122,7751.57,invalid_card,3,14,3,872,2.95,netbanking,0.824,0
pay_05199,cust_0768,347.02,invalid_card,0,18,7,783,3.43,netbanking,0.72,0
pay_05200,cust_2186,813.83,bank_timeout,0,0,1,956,3.81,netbanking,0.0,1
pay_05201,cust_1655,2013.69,bank_timeout,3,8,6,523,1.5,netbanking,0.571,1
pay_05202,cust_1034,705.17,bank_timeout,2,0,5,342,3.28,netbanking,0.0,0
pay_05203,cust_1909,419.98,expired_card,2,8,7,323,0.99,netbanking,0.533,0
pay_05204,cust_0117,996.36,invalid_card,2,5,4,227,3.41,card,0.556,0
pay_05205,cust_2105,561.25,expired_card,1,17,8,917,1.55,netbanking,0.68,0
pay_05206,cust_0131,1805.67,invalid_card,2,7,7,352,4.22,card,0.5,0
pay_05207,cust_0447,1969.07,authentication_failed,0,10,6,35,0.97,netbanking,0.625,0
pay_05208,cust_0754,244.04,bank_timeout,1,14,8,927,4.45,netbanking,0.636,1
pay_05209,cust_0244,654.09,authentication_failed,2,10,5,70,2.25,card,0.667,0
pay_05210,cust_2404,889.2,bank_timeout,2,18,1,255,0.29,upi,0.947,1
pay_05211,cust_1571,7594.61,insufficient_funds,0,18,3,447,1.35,upi,0.857,1
pay_05212,cust_1566,281.24,authentication_failed,1,5,4,145,1.2,card,0.556,0
pay_05213,cust_0677,787.98,bank_timeout,1,3,3,612,2.93,card,0.5,1
pay_05214,cust_0557,476.9,expired_card,3,7,5,67,0.94,card,0.583,0
pay_05215,cust_0410,412.97,insufficient_funds,0,19,5,259,3.44,netbanking,0.792,1
pay_05216,cust_0377,804.73,authentication_failed,2,20,3,681,1.69,card,0.87,0
pay_05217,cust_0494,7943.84,authentication_failed,0,15,6,277,0.21,netbanking,0.714,1
pay_05218,cust_0435,377.38,expired_card,1,3,6,737,2.28,upi,0.333,0
pay_05219,cust_0213,2886.18,authentication_failed,1,0,6,298,3.36,netbanking,0.0,0
pay_05220,cust_1559,823.18,bank_timeout,3,6,6,815,1.9,netbanking,0.5,0
pay_05221,cust_2307,804.34,insufficient_funds,2,12,5,451,3.47,netbanking,0.706,1
pay_05222,cust_1902,384.66,bank_timeout,2,8,0,129,1.22,upi,1.0,1
pay_05223,cust_1427,724.82,expired_card,3,1,7,713,1.07,netbanking,0.125,1
pay_05224,cust_1623,9747.8,insufficient_funds,1,1,2,868,3.5,netbanking,0.333,1
pay_05225,cust_2225,409.48,invalid_card,2,10,0,132,1.66,upi,1.0,1
pay_05226,cust_1769,423.54,authentication_failed,3,0,4,370,4.16,card,0.0,0
pay_05227,cust_2498,4982.13,insufficient_funds,3,9,7,723,0.57,upi,0.562,1
pay_05228,cust_1982,1800.02,bank_timeout,2,11,3,226,2.77,card,0.786,0
pay_05229,cust_0854,817.79,bank_timeout,0,5,0,545,1.77,card,1.0,1
pay_05230,cust_0626,211.99,bank_timeout,2,1,5,580,4.06,upi,0.167,0
pay_05231,cust_1791,7086.92,expired_card,1,19,5,995,0.27,netbanking,0.792,0
pay_05232,cust_1216,997.3,insufficient_funds,2,8,5,404,1.42,netbanking,0.615,0
pay_05233,cust_2469,8842.15,authentication_failed,2,8,2,218,4.21,upi,0.8,1
pay_05234,cust_0970,6506.05,expired_card,3,19,6,789,1.18,card,0.76,0
pay_05235,cust_1140,2292.72,invalid_card,3,9,1,932,2.23,netbanking,0.9,0
pay_05236,cust_2238,2339.98,authentication_failed,2,3,2,137,0.69,card,0.6,0
pay_05237,cust_2065,376.32,insufficient_funds,3,11,5,429,1.19,upi,0.688,0
pay_05238,cust_1745,500.23,bank_timeout,0,2,5,435,4.13,upi,0.286,0
pay_05239,cust_0053,1729.94,invalid_card,2,2,4,984,2.01,netbanking,0.333,0
pay_05240,cust_1815,669.76,authentication_failed,1,11,7,921,2.34,upi,0.611,0
pay_05241,cust_0416,2637.63,invalid_card,3,10,7,441,1.62,netbanking,0.588,0
pay_05242,cust_1628,5743.82,insufficient_funds,0,13,6,500,2.9,card,0.684,0
pay_05243,cust_2455,9239.93,bank_timeout,2,9,3,463,3.04,card,0.75,1
pay_05244,cust_0706,657.46,invalid_card,2,14,7,675,1.52,netbanking,0.667,1
pay_05245,cust_2047,420.06,insufficient_funds,3,17,6,519,1.98,card,0.739,1
pay_05246,cust_0185,2995.23,authentication_failed,0,13,5,972,1.62,netbanking,0.722,1
pay_05247,cust_2213,2254.7,invalid_card,3,12,0,565,3.38,upi,1.0,0
pay_05248,cust_1520,455.73,bank_timeout,1,5,4,163,2.73,upi,0.556,0
pay_05249,cust_1766,571.68,insufficient_funds,1,13,6,795,4.74,upi,0.684,0
pay_05250,cust_1783,324.63,invalid_card,3,15,2,979,3.96,card,0.882,0
pay_05251,cust_0800,9597.01,invalid_card,2,15,1,456,1.35,upi,0.938,1
pay_05252,cust_0641,554.9,bank_timeout,2,10,7,208,1.41,upi,0.588,0
pay_05253,cust_1076,543.58,invalid_card,2,16,1,56,2.93,card,0.941,0
pay_05254,cust_1394,738.68,bank_timeout,0,15,0,256,3.2,netbanking,1.0,1
pay_05255,cust_0475,881.34,bank_timeout,0,17,5,118,3.04,netbanking,0.773,0
pay_05256,cust_0817,692.35,expired_card,2,13,1,95,0.31,netbanking,0.929,1
pay_05257,cust_0796,2819.51,authentication_failed,1,17,0,985,1.37,upi,1.0,1
pay_05258,cust_1215,429.94,bank_timeout,3,6,5,320,2.68,card,0.545,0
pay_05259,cust_0794,371.02,expired_card,0,16,8,969,0.13,netbanking,0.667,0
pay_05260,cust_1960,6658.96,expired_card,2,1,2,337,3.84,netbanking,0.333,0
pay_05261,cust_0999,533.26,invalid_card,1,10,4,804,4.33,netbanking,0.714,1
pay_05262,cust_1078,404.88,expired_card,3,6,0,157,3.0,netbanking,1.0,1
pay_05263,cust_2460,7900.27,authentication_failed,2,11,6,464,1.22,card,0.647,0
pay_05264,cust_0878,555.14,invalid_card,3,7,1,501,1.29,netbanking,0.875,1
pay_05265,cust_0814,779.38,invalid_card,2,14,0,779,3.67,netbanking,1.0,0
pay_05266,cust_0246,1067.73,bank_timeout,3,4,2,235,3.66,card,0.667,0
pay_05267,cust_1660,1523.5,invalid_card,1,0,5,529,1.62,card,0.0,0
pay_05268,cust_0528,609.38,authentication_failed,3,4,8,489,0.26,netbanking,0.333,0
pay_05269,cust_1034,654.52,insufficient_funds,0,15,6,684,2.96,netbanking,0.714,0
pay_05270,cust_0228,342.29,authentication_failed,3,14,4,300,1.22,netbanking,0.778,0
pay_05271,cust_1323,5547.45,insufficient_funds,0,11,6,241,1.3,upi,0.647,1
pay_05272,cust_0078,321.34,bank_timeout,1,6,1,214,1.03,netbanking,0.857,1
pay_05273,cust_0934,748.0,insufficient_funds,0,13,0,232,1.78,netbanking,1.0,1
pay_05274,cust_0849,1255.74,authentication_failed,0,8,2,328,4.47,netbanking,0.8,0
pay_05275,cust_2272,3537.23,authentication_failed,1,18,2,104,4.09,netbanking,0.9,0
pay_05276,cust_1280,5422.83,bank_timeout,2,12,6,989,4.63,card,0.667,0
pay_05277,cust_1977,327.55,insufficient_funds,3,6,7,44,1.28,netbanking,0.462,0
pay_05278,cust_2069,1580.98,bank_timeout,2,0,8,560,4.28,netbanking,0.0,0
pay_05279,cust_1524,1531.03,expired_card,1,17,3,406,3.21,upi,0.85,1
pay_05280,cust_2210,1343.73,bank_timeout,0,11,4,732,3.95,netbanking,0.733,0
pay_05281,cust_2419,393.59,insufficient_funds,3,1,8,59,3.88,netbanking,0.111,0
pay_05282,cust_1920,1439.97,invalid_card,3,0,0,912,3.81,upi,0.0,0
pay_05283,cust_1033,7215.36,expired_card,2,20,3,728,3.78,upi,0.87,0
pay_05284,cust_2105,4519.47,bank_timeout,3,20,1,988,4.99,upi,0.952,1
pay_05285,cust_1587,8437.73,authentication_failed,2,20,4,286,1.81,card,0.833,1
pay_05286,cust_0538,374.72,expired_card,0,17,7,295,1.7,netbanking,0.708,1
pay_05287,cust_0709,228.01,expired_card,3,12,8,439,4.06,netbanking,0.6,0
pay_05288,cust_1053,8918.4,expired_card,3,2,4,136,3.34,netbanking,0.333,0
pay_05289,cust_2260,401.69,insufficient_funds,3,13,3,930,0.74,upi,0.812,0
pay_05290,cust_0731,2862.86,invalid_card,3,10,3,373,2.45,netbanking,0.769,0
pay_05291,cust_1572,324.73,bank_timeout,0,3,2,313,1.68,card,0.6,0
pay_05292,cust_1760,1964.5,expired_card,0,17,5,97,3.03,netbanking,0.773,1
pay_05293,cust_1684,844.57,authentication_failed,0,16,2,967,1.18,netbanking,0.889,1
pay_05294,cust_0449,795.51,authentication_failed,0,8,7,755,4.97,netbanking,0.533,1
pay_05295,cust_0624,4908.37,expired_card,0,3,6,167,1.79,netbanking,0.333,1
pay_05296,cust_1600,474.7,authentication_failed,0,3,4,715,4.55,upi,0.429,1
pay_05297,cust_1810,1767.29,authentication_failed,0,19,6,175,3.29,card,0.76,0
pay_05298,cust_1904,352.43,authentication_failed,1,8,4,67,4.2,card,0.667,1
pay_05299,cust_1777,909.7,expired_card,3,9,3,413,3.26,netbanking,0.75,0
pay_05300,cust_0249,2017.64,bank_timeout,2,19,5,673,1.33,card,0.792,1
pay_05301,cust_0734,5372.86,expired_card,3,13,8,559,0.47,card,0.619,0
pay_05302,cust_1403,2182.78,insufficient_funds,1,15,3,222,4.03,card,0.833,1
pay_05303,cust_1619,2040.38,expired_card,0,4,0,563,1.55,upi,1.0,1
pay_05304,cust_1916,269.09,expired_card,3,8,4,758,2.7,upi,0.667,0
pay_05305,cust_0669,2610.52,bank_timeout,3,0,0,153,2.92,netbanking,0.0,0
pay_05306,cust_1543,246.35,bank_timeout,2,12,2,288,1.52,card,0.857,1
pay_05307,cust_1889,323.45,invalid_card,2,8,5,969,2.13,upi,0.615,0
pay_05308,cust_1723,9797.73,insufficient_funds,0,18,5,763,4.41,card,0.783,1
pay_05309,cust_1981,676.29,expired_card,3,17,4,734,1.11,netbanking,0.81,1
pay_05310,cust_0381,2540.15,invalid_card,0,2,7,892,4.12,netbanking,0.222,0
pay_05311,cust_0332,349.37,expired_card,0,16,6,172,1.26,netbanking,0.727,1
pay_05312,cust_0842,2006.41,invalid_card,2,12,2,809,0.62,card,0.857,0
pay_05313,cust_0201,1973.87,insufficient_funds,2,13,8,377,4.04,upi,0.619,0
pay_05314,cust_0158,3028.93,insufficient_funds,3,6,1,85,0.79,upi,0.857,0
pay_05315,cust_1884,586.5,invalid_card,3,4,3,143,3.65,netbanking,0.571,0
pay_05316,cust_1127,340.51,expired_card,1,19,2,442,2.0,upi,0.905,0
pay_05317,cust_0666,693.47,expired_card,0,8,8,868,2.55,card,0.5,1
pay_05318,cust_0939,208.34,insufficient_funds,0,6,1,632,2.01,netbanking,0.857,1
pay_05319,cust_2133,2179.17,authentication_failed,3,7,7,960,4.44,card,0.5,0
pay_05320,cust_1155,958.34,expired_card,0,19,8,540,2.72,upi,0.704,1
pay_05321,cust_0888,560.1,authentication_failed,1,20,3,663,1.0,netbanking,0.87,0
pay_05322,cust_1874,294.89,expired_card,2,9,0,846,4.64,upi,1.0,1
pay_05323,cust_1218,675.59,invalid_card,0,15,0,845,4.26,netbanking,1.0,0
pay_05324,cust_1227,3735.94,insufficient_funds,3,16,6,537,3.78,upi,0.727,0
pay_05325,cust_0835,1001.09,expired_card,3,19,4,173,2.53,upi,0.826,0
pay_05326,cust_1515,1415.07,bank_timeout,1,8,4,310,2.89,upi,0.667,1
pay_05327,cust_1951,2833.93,insufficient_funds,1,13,2,976,4.39,upi,0.867,0
pay_05328,cust_0247,2981.51,bank_timeout,0,4,7,963,0.18,upi,0.364,1
pay_05329,cust_2359,305.39,invalid_card,2,1,1,240,4.95,netbanking,0.5,0
pay_05330,cust_2024,786.79,invalid_card,3,12,2,299,2.05,card,0.857,0
pay_05331,cust_0026,298.28,authentication_failed,2,9,7,653,1.5,card,0.562,0
pay_05332,cust_0106,297.28,expired_card,2,19,0,448,3.83,netbanking,1.0,1
pay_05333,cust_0994,479.27,invalid_card,0,11,0,89,4.94,card,1.0,1
pay_05334,cust_2455,2945.68,bank_timeout,1,17,1,502,2.47,upi,0.944,0
pay_05335,cust_1074,6313.6,expired_card,1,2,1,401,3.71,netbanking,0.667,0
pay_05336,cust_1190,992.52,authentication_failed,1,16,8,270,1.99,netbanking,0.667,0
pay_05337,cust_1892,8938.33,authentication_failed,3,11,7,979,0.57,card,0.611,1
pay_05338,cust_2220,363.05,invalid_card,2,15,8,446,4.15,upi,0.652,0
pay_05339,cust_0386,929.01,insufficient_funds,1,5,2,52,2.1,card,0.714,1
pay_05340,cust_1646,709.6,invalid_card,2,2,0,215,4.3,card,1.0,0
pay_05341,cust_0728,600.42,invalid_card,1,17,0,266,0.47,upi,1.0,0
pay_05342,cust_0440,387.47,invalid_card,1,18,2,383,2.39,upi,0.9,1
pay_05343,cust_0808,326.27,expired_card,1,4,5,171,2.19,netbanking,0.444,0
pay_05344,cust_0167,544.24,insufficient_funds,1,16,8,990,4.14,upi,0.667,1
pay_05345,cust_2300,396.23,bank_timeout,1,13,5,996,0.73,upi,0.722,1
pay_05346,cust_0390,515.84,insufficient_funds,2,1,0,633,4.6,netbanking,1.0,0
pay_05347,cust_0328,219.05,authentication_failed,0,2,1,887,4.4,upi,0.667,1
pay_05348,cust_1323,1214.45,insufficient_funds,0,5,8,496,3.91,card,0.385,1
pay_05349,cust_1358,760.13,authentication_failed,3,7,8,38,2.25,card,0.467,0
pay_05350,cust_2415,227.41,authentication_failed,0,8,5,143,1.58,card,0.615,0
pay_05351,cust_1048,3846.11,expired_card,0,1,5,598,1.21,upi,0.167,0
pay_05352,cust_1212,619.47,invalid_card,1,13,2,338,4.63,upi,0.867,1
pay_05353,cust_1938,808.22,bank_timeout,2,15,5,43,4.04,netbanking,0.75,1
pay_05354,cust_2365,5492.0,bank_timeout,3,8,0,675,4.68,netbanking,1.0,0
pay_05355,cust_1512,2104.71,expired_card,3,2,7,53,2.27,upi,0.222,0
pay_05356,cust_1849,9364.84,insufficient_funds,3,3,0,321,0.95,card,1.0,0
pay_05357,cust_0136,735.91,authentication_failed,1,16,1,359,3.15,upi,0.941,0
pay_05358,cust_1913,9039.17,insufficient_funds,0,1,8,355,1.3,upi,0.111,0
pay_05359,cust_1911,297.18,expired_card,2,7,4,317,2.11,upi,0.636,0
pay_05360,cust_2467,1827.71,insufficient_funds,0,7,8,931,4.62,netbanking,0.467,1
pay_05361,cust_0773,282.79,expired_card,1,18,2,503,2.36,upi,0.9,0
pay_05362,cust_1860,9746.21,insufficient_funds,0,1,1,239,0.61,upi,0.5,1
pay_05363,cust_0994,7378.75,insufficient_funds,3,19,7,711,3.57,netbanking,0.731,1
pay_05364,cust_2372,3402.54,invalid_card,2,17,4,79,4.1,card,0.81,1
pay_05365,cust_0213,1828.87,insufficient_funds,2,13,6,712,2.03,netbanking,0.684,1
pay_05366,cust_1370,931.87,expired_card,2,5,8,563,3.86,netbanking,0.385,1
pay_05367,cust_2446,335.54,expired_card,0,5,4,871,0.69,card,0.556,0
pay_05368,cust_0427,6488.2,bank_timeout,0,10,3,859,4.22,card,0.769,0
pay_05369,cust_0230,8934.71,expired_card,0,8,8,411,3.73,upi,0.5,0
pay_05370,cust_1301,1496.65,expired_card,0,11,6,396,0.35,upi,0.647,1
pay_05371,cust_1940,3217.09,expired_card,1,16,2,476,2.74,netbanking,0.889,1
pay_05372,cust_0227,223.57,expired_card,3,5,0,525,3.33,card,1.0,0
pay_05373,cust_1744,6446.24,insufficient_funds,3,19,7,174,1.9,netbanking,0.731,0
pay_05374,cust_0112,5398.73,authentication_failed,1,6,1,677,1.8,upi,0.857,0
pay_05375,cust_0451,3548.89,authentication_failed,0,7,5,896,2.35,card,0.583,1
pay_05376,cust_0241,376.31,invalid_card,2,16,8,117,2.68,upi,0.667,0
pay_05377,cust_2090,464.89,invalid_card,3,2,2,393,1.77,card,0.5,0
pay_05378,cust_0227,466.62,invalid_card,1,13,4,89,3.94,netbanking,0.765,0
pay_05379,cust_0808,830.07,authentication_failed,2,10,1,87,2.6,netbanking,0.909,1
pay_05380,cust_1854,656.59,expired_card,0,6,8,100,2.74,upi,0.429,0
pay_05381,cust_2130,8113.11,expired_card,1,14,0,138,0.7,upi,1.0,1
pay_05382,cust_1613,791.97,bank_timeout,3,13,1,655,3.92,upi,0.929,1
pay_05383,cust_0898,292.09,insufficient_funds,0,0,8,974,2.2,card,0.0,0
pay_05384,cust_1070,5197.91,insufficient_funds,1,12,5,167,0.98,netbanking,0.706,0
pay_05385,cust_1868,5864.0,expired_card,2,17,4,63,1.49,upi,0.81,0
pay_05386,cust_2373,4868.93,bank_timeout,2,11,6,537,4.88,upi,0.647,1
pay_05387,cust_0654,6865.39,invalid_card,2,2,5,390,2.42,netbanking,0.286,0
pay_05388,cust_0558,235.36,bank_timeout,3,16,3,851,3.0,netbanking,0.842,1
pay_05389,cust_0196,6157.92,bank_timeout,0,15,1,818,4.61,card,0.938,1
pay_05390,cust_0315,682.61,invalid_card,2,19,4,649,0.79,upi,0.826,1
pay_05391,cust_2296,737.34,expired_card,3,3,5,909,1.89,upi,0.375,0
pay_05392,cust_2317,4101.11,invalid_card,2,2,2,951,2.76,card,0.5,0
pay_05393,cust_1959,1770.05,expired_card,1,20,8,222,2.95,upi,0.714,0
pay_05394,cust_0874,1985.57,bank_timeout,2,10,4,510,4.75,netbanking,0.714,0
pay_05395,cust_0677,213.89,authentication_failed,3,17,2,306,0.79,card,0.895,0
pay_05396,cust_2459,718.49,bank_timeout,1,18,1,594,2.45,netbanking,0.947,1
pay_05397,cust_1395,381.17,authentication_failed,2,16,2,312,2.15,netbanking,0.889,1
pay_05398,cust_1211,403.79,bank_timeout,2,12,7,76,3.54,netbanking,0.632,1
pay_05399,cust_1732,8553.71,bank_timeout,0,0,6,281,2.54,netbanking,0.0,1
pay_05400,cust_0019,719.18,bank_timeout,0,12,3,344,0.33,upi,0.8,1
pay_05401,cust_1155,315.92,insufficient_funds,2,5,4,92,3.52,upi,0.556,1
pay_05402,cust_0033,682.68,expired_card,0,9,1,184,4.79,upi,0.9,0
pay_05403,cust_1989,4677.88,authentication_failed,1,18,2,638,0.71,card,0.9,1
pay_05404,cust_0632,9305.85,expired_card,0,1,7,288,1.19,netbanking,0.125,0
pay_05405,cust_0588,767.76,bank_timeout,3,12,0,774,3.19,netbanking,1.0,1
pay_05406,cust_0873,736.47,expired_card,1,4,2,954,2.18,upi,0.667,0
pay_05407,cust_1962,931.28,bank_timeout,3,1,3,214,0.77,netbanking,0.25,0
pay_05408,cust_1825,2300.22,authentication_failed,2,8,1,869,2.34,card,0.889,1
pay_05409,cust_0104,385.95,authentication_failed,1,9,2,316,0.64,netbanking,0.818,0
pay_05410,cust_0699,1712.05,bank_timeout,1,4,0,809,3.14,card,1.0,0
pay_05411,cust_2412,630.61,authentication_failed,3,14,7,576,1.9,card,0.667,0
pay_05412,cust_0340,1539.0,expired_card,2,4,7,973,1.19,upi,0.364,0
pay_05413,cust_0602,2583.48,authentication_failed,1,15,5,410,4.95,card,0.75,0
pay_05414,cust_1833,2731.19,insufficient_funds,1,2,1,915,4.55,card,0.667,1
pay_05415,cust_1595,2719.17,invalid_card,3,14,5,889,2.27,netbanking,0.737,0
pay_05416,cust_1452,342.31,authentication_failed,1,7,3,404,2.04,card,0.7,0
pay_05417,cust_1524,300.03,insufficient_funds,1,8,1,109,4.49,netbanking,0.889,1
pay_05418,cust_1807,830.28,bank_timeout,0,14,3,868,2.75,card,0.824,1
pay_05419,cust_0717,3275.13,authentication_failed,3,13,3,30,3.78,upi,0.812,0
pay_05420,cust_0068,6807.01,bank_timeout,3,10,6,604,4.74,netbanking,0.625,0
pay_05421,cust_2360,249.72,insufficient_funds,1,19,8,342,2.95,card,0.704,0
pay_05422,cust_0851,594.83,invalid_card,1,4,6,651,1.52,upi,0.4,1
pay_05423,cust_2051,422.29,bank_timeout,0,12,5,829,1.07,netbanking,0.706,1
pay_05424,cust_0704,270.15,insufficient_funds,3,12,4,935,3.44,netbanking,0.75,1
pay_05425,cust_0455,2988.31,invalid_card,1,6,6,825,1.94,upi,0.5,0
pay_05426,cust_2437,340.72,insufficient_funds,3,0,3,221,0.89,upi,0.0,0
pay_05427,cust_0165,2007.42,bank_timeout,0,6,4,664,2.35,netbanking,0.6,0
pay_05428,cust_0483,912.42,insufficient_funds,0,9,4,195,2.56,card,0.692,1
pay_05429,cust_0594,270.46,authentication_failed,1,17,3,759,2.71,upi,0.85,0
pay_05430,cust_0281,2279.44,insufficient_funds,3,1,7,857,2.62,card,0.125,0
pay_05431,cust_2308,343.65,authentication_failed,3,12,6,716,4.14,upi,0.667,0
pay_05432,cust_0421,490.51,authentication_failed,2,4,2,966,1.15,netbanking,0.667,0
pay_05433,cust_1340,4809.54,bank_timeout,2,0,7,996,1.95,netbanking,0.0,0
pay_05434,cust_0625,2950.89,insufficient_funds,2,9,4,556,1.19,netbanking,0.692,1
pay_05435,cust_2030,889.0,invalid_card,0,12,1,476,3.6,card,0.923,0
pay_05436,cust_1944,482.83,invalid_card,3,5,2,890,4.45,card,0.714,0
pay_05437,cust_1295,343.31,invalid_card,0,6,8,659,2.83,card,0.429,0
pay_05438,cust_0418,783.92,bank_timeout,1,7,5,572,2.2,netbanking,0.583,1
pay_05439,cust_0878,2312.49,bank_timeout,3,9,1,47,0.7,card,0.9,0
pay_05440,cust_1126,5542.59,expired_card,3,13,0,775,3.85,upi,1.0,0
pay_05441,cust_0443,575.5,expired_card,0,0,8,348,1.25,card,0.0,1
pay_05442,cust_2198,448.81,bank_timeout,0,13,6,297,2.01,netbanking,0.684,1
pay_05443,cust_2118,5746.48,expired_card,2,3,1,486,4.15,netbanking,0.75,0
pay_05444,cust_1738,2401.27,invalid_card,3,20,8,363,3.95,netbanking,0.714,0
pay_05445,cust_2400,6944.63,expired_card,0,5,8,193,2.42,netbanking,0.385,1
pay_05446,cust_1864,704.88,expired_card,2,10,7,418,1.29,netbanking,0.588,0
pay_05447,cust_1208,442.42,bank_timeout,3,16,3,400,4.64,upi,0.842,0
pay_05448,cust_0653,869.82,expired_card,0,9,6,795,1.9,card,0.6,0
pay_05449,cust_1283,9862.78,bank_timeout,3,14,8,227,4.45,upi,0.636,1
pay_05450,cust_0195,872.67,insufficient_funds,3,18,0,769,0.24,upi,1.0,0
pay_05451,cust_0378,544.39,authentication_failed,2,1,5,409,1.76,netbanking,0.167,0
pay_05452,cust_1759,742.28,insufficient_funds,2,9,4,793,2.76,netbanking,0.692,1
pay_05453,cust_1770,7941.55,bank_timeout,0,13,5,94,2.06,netbanking,0.722,1
pay_05454,cust_0350,4750.25,bank_timeout,0,8,2,833,3.29,upi,0.8,1
pay_05455,cust_1243,6069.11,insufficient_funds,0,18,8,379,1.43,card,0.692,1
pay_05456,cust_1417,5383.27,invalid_card,1,16,1,220,1.05,card,0.941,0
pay_05457,cust_1327,971.99,invalid_card,3,4,0,241,2.52,card,1.0,0
pay_05458,cust_1692,6486.19,bank_timeout,1,12,6,877,2.73,upi,0.667,1
pay_05459,cust_0991,6047.37,authentication_failed,2,12,6,52,0.32,card,0.667,1
pay_05460,cust_1374,618.0,expired_card,0,20,6,117,1.88,upi,0.769,1
pay_05461,cust_0179,779.15,invalid_card,1,4,5,374,4.6,netbanking,0.444,0
pay_05462,cust_1825,1214.5,insufficient_funds,0,13,6,55,1.24,netbanking,0.684,1
pay_05463,cust_0955,278.69,invalid_card,1,3,3,981,4.5,netbanking,0.5,0
pay_05464,cust_0810,273.53,expired_card,1,6,2,788,3.82,netbanking,0.75,1
pay_05465,cust_1056,2566.51,authentication_failed,3,3,5,926,0.87,upi,0.375,0
pay_05466,cust_2066,2951.76,invalid_card,2,20,0,675,2.48,upi,1.0,1
pay_05467,cust_2407,274.69,invalid_card,0,4,5,480,4.29,card,0.444,0
pay_05468,cust_1610,847.34,expired_card,3,2,4,517,0.35,netbanking,0.333,0
pay_05469,cust_1679,345.46,insufficient_funds,0,18,7,665,2.28,card,0.72,1
pay_05470,cust_1727,5171.66,insufficient_funds,3,10,6,101,0.79,card,0.625,0
pay_05471,cust_1788,665.79,expired_card,3,4,8,772,3.19,card,0.333,0
pay_05472,cust_0717,554.5,bank_timeout,2,15,4,423,2.97,netbanking,0.789,0
pay_05473,cust_2136,1844.06,authentication_failed,2,8,6,267,4.55,card,0.571,0
pay_05474,cust_2254,7542.28,bank_timeout,0,14,1,303,0.71,netbanking,0.933,1
pay_05475,cust_0549,1081.3,insufficient_funds,1,12,2,414,3.19,netbanking,0.857,1
pay_05476,cust_0862,7095.36,insufficient_funds,0,16,2,668,1.75,upi,0.889,1
pay_05477,cust_0525,794.18,bank_timeout,1,3,1,348,4.68,card,0.75,1
pay_05478,cust_0921,6381.44,insufficient_funds,1,2,2,47,1.96,upi,0.5,0
pay_05479,cust_0146,614.77,bank_timeout,2,11,1,981,0.74,netbanking,0.917,1
pay_05480,cust_2447,2070.96,bank_timeout,0,14,4,615,4.5,card,0.778,1
pay_05481,cust_1077,4967.47,bank_timeout,0,18,2,83,4.18,card,0.9,1
pay_05482,cust_0416,938.07,bank_timeout,1,8,0,111,0.66,netbanking,1.0,1
pay_05483,cust_0708,451.83,invalid_card,1,16,1,864,2.91,card,0.941,1
pay_05484,cust_1503,386.77,authentication_failed,0,13,6,958,4.5,netbanking,0.684,1
pay_05485,cust_0229,398.17,insufficient_funds,3,15,1,451,0.44,card,0.938,0
pay_05486,cust_0553,1467.83,expired_card,0,20,6,126,4.2,card,0.769,0
pay_05487,cust_2212,758.07,insufficient_funds,2,18,2,610,4.66,netbanking,0.9,0
pay_05488,cust_0212,938.58,bank_timeout,2,13,8,669,2.39,netbanking,0.619,1
pay_05489,cust_0418,6747.88,insufficient_funds,0,2,0,897,2.91,netbanking,1.0,1
pay_05490,cust_0246,6860.41,invalid_card,2,15,1,653,1.75,upi,0.938,1
pay_05491,cust_1358,782.93,authentication_failed,2,2,7,423,4.88,upi,0.222,0
pay_05492,cust_0943,393.6,invalid_card,2,19,3,153,0.87,card,0.864,0
pay_05493,cust_0481,408.35,bank_timeout,1,8,8,978,4.77,netbanking,0.5,0
pay_05494,cust_0385,264.4,invalid_card,0,1,1,200,0.38,upi,0.5,0
pay_05495,cust_1040,2160.15,authentication_failed,1,16,4,359,1.32,upi,0.8,1
pay_05496,cust_1129,772.87,bank_timeout,0,0,3,918,2.27,netbanking,0.0,0
pay_05497,cust_1602,8870.95,insufficient_funds,0,10,1,741,2.74,netbanking,0.909,1
pay_05498,cust_0051,893.61,bank_timeout,1,13,1,327,3.49,upi,0.929,0
pay_05499,cust_1241,9737.08,expired_card,0,1,0,986,0.77,card,1.0,0
pay_05500,cust_1681,976.48,invalid_card,3,2,4,565,3.02,upi,0.333,0
pay_05501,cust_0258,3683.84,expired_card,3,18,4,312,2.31,card,0.818,0
pay_05502,cust_0040,6858.67,invalid_card,2,18,2,485,4.03,netbanking,0.9,0
pay_05503,cust_1478,923.03,expired_card,1,6,0,563,3.7,card,1.0,1
pay_05504,cust_0300,4974.27,insufficient_funds,2,1,1,78,0.83,netbanking,0.5,1
pay_05505,cust_1012,370.48,insufficient_funds,2,1,1,482,4.15,netbanking,0.5,0
pay_05506,cust_1066,952.78,bank_timeout,2,3,1,36,2.99,upi,0.75,1
pay_05507,cust_1748,918.06,expired_card,0,2,6,621,4.33,netbanking,0.25,0
pay_05508,cust_0915,8371.47,invalid_card,3,8,6,481,3.07,card,0.571,1
pay_05509,cust_0009,8360.88,authentication_failed,0,20,2,525,3.06,card,0.909,1
pay_05510,cust_0115,7553.18,expired_card,3,7,4,404,3.34,card,0.636,0
pay_05511,cust_1586,989.28,insufficient_funds,0,6,5,325,3.67,card,0.545,0
pay_05512,cust_0739,1547.95,expired_card,0,6,2,960,2.73,card,0.75,1
pay_05513,cust_1531,538.81,bank_timeout,0,9,6,33,4.29,netbanking,0.6,0
pay_05514,cust_1200,5081.47,bank_timeout,0,3,8,519,3.16,upi,0.273,0
pay_05515,cust_2478,343.97,authentication_failed,0,10,2,531,2.31,upi,0.833,1
pay_05516,cust_0435,220.7,invalid_card,1,13,1,901,5.0,netbanking,0.929,0
pay_05517,cust_0979,651.58,bank_timeout,1,12,2,688,2.58,card,0.857,1
pay_05518,cust_0392,8645.12,authentication_failed,0,3,1,247,0.23,netbanking,0.75,0
pay_05519,cust_0939,8421.14,invalid_card,3,18,6,835,4.86,card,0.75,0
pay_05520,cust_1796,1801.94,insufficient_funds,1,13,5,624,2.52,upi,0.722,0
pay_05521,cust_0223,965.01,invalid_card,1,2,5,156,3.89,card,0.286,0
pay_05522,cust_1820,977.99,invalid_card,0,13,7,238,4.17,card,0.65,0
pay_05523,cust_2325,6018.86,insufficient_funds,2,0,5,337,2.76,upi,0.0,1
pay_05524,cust_0463,5642.46,bank_timeout,0,3,4,302,3.13,upi,0.429,0
pay_05525,cust_2058,550.52,invalid_card,0,4,5,640,2.58,netbanking,0.444,0
pay_05526,cust_0881,781.13,invalid_card,3,8,2,150,1.65,netbanking,0.8,0
pay_05527,cust_0331,471.9,authentication_failed,0,4,8,758,0.84,netbanking,0.333,0
pay_05528,cust_1996,828.51,invalid_card,3,7,2,461,3.8,upi,0.778,0
pay_05529,cust_1258,8398.59,bank_timeout,0,8,2,869,1.09,card,0.8,1
pay_05530,cust_0561,4978.16,insufficient_funds,3,4,7,440,2.24,netbanking,0.364,0
pay_05531,cust_1970,1614.86,invalid_card,0,7,1,755,0.21,upi,0.875,0
pay_05532,cust_1646,7289.84,bank_timeout,2,10,1,237,4.91,netbanking,0.909,1
pay_05533,cust_1453,2183.48,authentication_failed,3,17,1,89,4.43,card,0.944,1
pay_05534,cust_1388,915.6,invalid_card,1,13,2,262,2.43,card,0.867,1
pay_05535,cust_0089,868.36,invalid_card,1,15,8,310,4.5,card,0.652,0
pay_05536,cust_0747,6616.2,expired_card,2,11,8,524,4.25,netbanking,0.579,1
pay_05537,cust_0223,438.21,insufficient_funds,2,12,4,72,3.73,netbanking,0.75,0
pay_05538,cust_1691,1745.12,bank_timeout,0,20,8,537,3.54,upi,0.714,0
pay_05539,cust_0408,293.82,invalid_card,3,13,4,343,2.93,upi,0.765,0
pay_05540,cust_1015,458.65,authentication_failed,2,5,4,763,4.47,upi,0.556,1
pay_05541,cust_1158,428.91,invalid_card,0,20,2,755,0.78,card,0.909,1
pay_05542,cust_1750,985.38,invalid_card,1,9,3,906,1.46,upi,0.75,1
pay_05543,cust_0399,2979.69,authentication_failed,0,17,6,399,4.81,netbanking,0.739,1
pay_05544,cust_2288,313.59,insufficient_funds,1,12,8,505,3.78,netbanking,0.6,1
pay_05545,cust_1962,7998.13,invalid_card,0,8,4,345,4.64,upi,0.667,0
pay_05546,cust_0291,360.64,expired_card,0,16,6,173,3.59,card,0.727,1
pay_05547,cust_2133,7903.05,insufficient_funds,1,14,0,630,1.17,upi,1.0,1
pay_05548,cust_0344,2858.43,authentication_failed,1,10,3,673,0.76,upi,0.769,1
pay_05549,cust_1181,234.78,invalid_card,2,12,6,830,3.82,netbanking,0.667,0
pay_05550,cust_0178,1007.06,expired_card,0,2,1,681,0.74,card,0.667,1
pay_05551,cust_0369,1751.28,expired_card,1,14,7,716,4.45,upi,0.667,0
pay_05552,cust_1119,3954.63,invalid_card,3,16,8,51,4.05,upi,0.667,0
pay_05553,cust_0104,5241.89,insufficient_funds,0,16,5,881,1.54,upi,0.762,1
pay_05554,cust_1575,281.96,insufficient_funds,1,6,1,340,1.38,card,0.857,1
pay_05555,cust_2185,1846.08,expired_card,2,18,7,367,4.13,upi,0.72,1
pay_05556,cust_0755,455.98,expired_card,1,16,4,320,4.32,upi,0.8,1
pay_05557,cust_0790,462.81,insufficient_funds,0,19,6,212,3.11,upi,0.76,1
pay_05558,cust_1009,8237.71,insufficient_funds,3,2,5,841,0.6,card,0.286,0
pay_05559,cust_0030,628.69,insufficient_funds,0,19,6,980,3.11,card,0.76,1
pay_05560,cust_2100,2386.52,invalid_card,2,11,5,424,0.78,card,0.688,0
pay_05561,cust_0772,371.56,expired_card,3,16,5,664,4.17,upi,0.762,0
pay_05562,cust_0029,372.87,authentication_failed,0,11,6,48,4.28,upi,0.647,0
pay_05563,cust_0525,1811.22,insufficient_funds,1,3,5,903,1.32,card,0.375,1
pay_05564,cust_2086,516.7,expired_card,3,15,6,710,3.16,upi,0.714,0
pay_05565,cust_1721,8121.93,expired_card,0,16,0,667,3.34,card,1.0,0
pay_05566,cust_0272,7297.89,invalid_card,1,9,8,376,1.82,card,0.529,1
pay_05567,cust_1398,2876.35,authentication_failed,3,2,0,84,1.24,card,1.0,1
pay_05568,cust_1404,981.37,bank_timeout,2,18,4,280,3.17,netbanking,0.818,1
pay_05569,cust_1165,1416.04,bank_timeout,1,16,6,768,1.1,netbanking,0.727,0
pay_05570,cust_2386,394.68,insufficient_funds,1,11,6,305,3.98,upi,0.647,0
pay_05571,cust_1636,524.57,insufficient_funds,2,1,6,613,2.19,upi,0.143,0
pay_05572,cust_0410,6905.61,bank_timeout,3,7,3,67,0.41,upi,0.7,0
pay_05573,cust_0606,3508.05,invalid_card,2,11,3,469,4.7,card,0.786,1
pay_05574,cust_0992,232.79,insufficient_funds,1,3,2,868,2.22,upi,0.6,0
pay_05575,cust_2464,6466.53,bank_timeout,2,11,1,268,0.56,netbanking,0.917,1
pay_05576,cust_0986,6787.9,bank_timeout,2,3,2,260,0.15,upi,0.6,1
pay_05577,cust_1935,5188.56,invalid_card,3,8,2,169,1.9,card,0.8,1
pay_05578,cust_0854,351.48,bank_timeout,0,9,4,165,3.72,card,0.692,0
pay_05579,cust_2217,655.52,invalid_card,2,3,5,290,2.22,netbanking,0.375,0
pay_05580,cust_0750,245.57,authentication_failed,0,15,4,311,0.48,card,0.789,1
pay_05581,cust_0433,8772.16,authentication_failed,1,20,8,937,1.5,card,0.714,0
pay_05582,cust_0789,8175.08,invalid_card,2,0,0,785,2.94,card,0.0,0
pay_05583,cust_2394,471.47,invalid_card,0,11,1,575,4.32,card,0.917,1
pay_05584,cust_1910,2590.1,expired_card,1,20,1,716,0.89,netbanking,0.952,1
pay_05585,cust_0670,708.32,invalid_card,2,20,4,827,3.46,card,0.833,0
pay_05586,cust_1471,938.69,expired_card,3,20,4,666,2.96,upi,0.833,1
pay_05587,cust_0751,4394.45,invalid_card,2,5,2,685,2.12,netbanking,0.714,1
pay_05588,cust_1811,217.94,expired_card,2,12,2,429,0.3,upi,0.857,1
pay_05589,cust_1405,2785.7,authentication_failed,0,20,8,609,3.82,netbanking,0.714,1
pay_05590,cust_0256,1917.98,authentication_failed,2,17,5,246,3.55,netbanking,0.773,1
pay_05591,cust_0430,236.1,authentication_failed,1,2,2,137,4.29,card,0.5,0
pay_05592,cust_1749,9724.24,invalid_card,2,2,7,241,4.22,card,0.222,0
pay_05593,cust_0410,573.85,bank_timeout,1,13,5,984,4.05,card,0.722,1
pay_05594,cust_2051,4983.75,insufficient_funds,2,8,8,328,0.28,card,0.5,0
pay_05595,cust_1008,3400.76,invalid_card,2,16,1,352,4.26,upi,0.941,1
pay_05596,cust_1017,688.63,authentication_failed,3,8,6,616,1.81,card,0.571,0
pay_05597,cust_2325,715.04,insufficient_funds,2,16,8,566,1.87,upi,0.667,1
pay_05598,cust_1915,574.99,authentication_failed,0,15,7,199,2.13,netbanking,0.682,0
pay_05599,cust_0527,7213.56,invalid_card,3,4,5,838,0.26,card,0.444,0
pay_05600,cust_0047,219.81,invalid_card,1,4,2,520,0.72,upi,0.667,1
pay_05601,cust_1280,1447.44,authentication_failed,3,6,4,84,4.99,upi,0.6,0
pay_05602,cust_0954,5829.44,insufficient_funds,1,15,3,482,2.87,netbanking,0.833,1
pay_05603,cust_1659,3274.04,invalid_card,2,12,5,875,0.26,card,0.706,0
pay_05604,cust_0764,667.93,authentication_failed,3,1,8,255,1.6,upi,0.111,0
pay_05605,cust_1781,1736.8,expired_card,2,17,7,843,2.5,card,0.708,0
pay_05606,cust_1202,865.46,invalid_card,0,17,8,973,4.9,netbanking,0.68,0
pay_05607,cust_0254,1039.41,expired_card,0,15,5,876,1.84,netbanking,0.75,1
pay_05608,cust_0531,916.63,expired_card,1,10,0,952,0.23,upi,1.0,1
pay_05609,cust_0789,9456.74,invalid_card,1,15,8,515,0.37,card,0.652,0
pay_05610,cust_0815,2765.82,authentication_failed,3,6,0,231,3.56,card,1.0,0
pay_05611,cust_0515,2468.56,bank_timeout,3,0,4,545,3.46,netbanking,0.0,0
pay_05612,cust_2175,355.19,invalid_card,2,0,6,989,4.29,netbanking,0.0,0
pay_05613,cust_2419,287.06,invalid_card,2,2,3,116,2.97,netbanking,0.4,0
pay_05614,cust_1129,8449.62,expired_card,3,6,8,416,1.55,upi,0.429,0
pay_05615,cust_0314,217.24,bank_timeout,3,19,4,664,0.7,upi,0.826,0
pay_05616,cust_1739,932.88,bank_timeout,0,13,2,524,0.27,netbanking,0.867,1
pay_05617,cust_0413,2043.04,invalid_card,1,7,3,574,4.22,card,0.7,0
pay_05618,cust_0970,3243.58,bank_timeout,2,20,7,918,0.39,netbanking,0.741,1
pay_05619,cust_2395,397.89,bank_timeout,3,9,5,405,0.82,card,0.643,1
pay_05620,cust_2456,209.37,expired_card,0,17,3,625,3.44,upi,0.85,1
pay_05621,cust_0636,323.68,invalid_card,1,20,7,97,4.22,netbanking,0.741,0
pay_05622,cust_1678,8454.56,insufficient_funds,2,20,7,654,4.4,card,0.741,0
pay_05623,cust_0504,8782.84,insufficient_funds,0,17,2,725,3.8,card,0.895,1
pay_05624,cust_1523,319.81,bank_timeout,0,11,3,81,4.97,netbanking,0.786,1
pay_05625,cust_0061,5889.01,invalid_card,0,5,8,633,1.32,netbanking,0.385,1
pay_05626,cust_0541,967.75,insufficient_funds,3,15,8,142,4.64,netbanking,0.652,0
pay_05627,cust_0728,2905.69,invalid_card,3,0,7,464,0.84,upi,0.0,0
pay_05628,cust_1043,703.92,insufficient_funds,1,2,0,416,3.29,upi,1.0,0
pay_05629,cust_0500,8232.45,expired_card,2,16,2,36,0.22,upi,0.889,1
pay_05630,cust_2346,1254.06,insufficient_funds,0,19,4,863,2.1,upi,0.826,1
pay_05631,cust_1014,8217.85,authentication_failed,1,5,3,203,3.79,netbanking,0.625,1
pay_05632,cust_0999,1878.48,bank_timeout,1,11,1,538,0.39,upi,0.917,1
pay_05633,cust_0788,658.08,insufficient_funds,2,11,2,300,2.84,upi,0.846,1
pay_05634,cust_1023,457.3,insufficient_funds,0,17,8,57,1.61,upi,0.68,1
pay_05635,cust_0282,998.35,invalid_card,0,18,0,465,3.48,card,1.0,0
pay_05636,cust_0199,9382.33,expired_card,3,14,8,55,1.05,upi,0.636,1
pay_05637,cust_2341,552.29,expired_card,1,11,5,482,1.63,netbanking,0.688,1
pay_05638,cust_0121,6412.76,invalid_card,2,10,6,328,2.66,card,0.625,1
pay_05639,cust_1542,8454.0,bank_timeout,0,10,8,639,3.1,card,0.556,1
pay_05640,cust_0008,7418.4,bank_timeout,1,1,2,471,0.87,upi,0.333,1
pay_05641,cust_1159,625.57,insufficient_funds,1,17,1,81,0.43,upi,0.944,1
pay_05642,cust_2138,986.72,expired_card,0,10,2,379,2.83,upi,0.833,1
pay_05643,cust_2398,5789.37,bank_timeout,0,6,1,803,2.0,netbanking,0.857,0
pay_05644,cust_1826,1204.32,authentication_failed,0,14,3,841,4.3,upi,0.824,0
pay_05645,cust_0938,2861.45,invalid_card,1,8,6,663,4.85,netbanking,0.571,0
pay_05646,cust_2113,7792.85,insufficient_funds,2,9,2,940,3.36,card,0.818,1
pay_05647,cust_2020,5573.93,invalid_card,1,1,0,767,1.67,netbanking,1.0,0
pay_05648,cust_0960,323.5,authentication_failed,3,8,3,350,4.57,netbanking,0.727,0
pay_05649,cust_1008,6282.14,invalid_card,0,5,4,976,3.3,netbanking,0.556,0
pay_05650,cust_1034,417.86,bank_timeout,3,1,7,228,4.49,netbanking,0.125,0
pay_05651,cust_1639,985.33,invalid_card,2,8,7,983,0.16,card,0.533,0
pay_05652,cust_2322,373.44,invalid_card,3,4,3,635,0.86,card,0.571,0
pay_05653,cust_1461,5551.23,expired_card,3,16,1,143,0.9,upi,0.941,0
pay_05654,cust_0032,2678.68,bank_timeout,2,0,7,847,3.63,card,0.0,0
pay_05655,cust_0816,4104.92,insufficient_funds,2,19,3,262,1.82,upi,0.864,0
pay_05656,cust_0722,597.29,bank_timeout,1,17,0,129,3.75,netbanking,1.0,1
pay_05657,cust_0257,210.01,authentication_failed,1,17,3,628,3.46,upi,0.85,1
pay_05658,cust_1408,9588.05,insufficient_funds,2,1,3,806,2.59,card,0.25,0
pay_05659,cust_0255,2059.12,authentication_failed,0,18,3,860,0.66,netbanking,0.857,1
pay_05660,cust_1890,1384.04,insufficient_funds,3,4,3,891,1.31,netbanking,0.571,0
pay_05661,cust_1120,681.58,authentication_failed,1,7,3,245,2.28,netbanking,0.7,0
pay_05662,cust_2136,345.0,expired_card,1,19,8,646,3.48,netbanking,0.704,1
pay_05663,cust_2329,2907.31,authentication_failed,0,11,5,450,2.49,upi,0.688,1
pay_05664,cust_1653,289.3,insufficient_funds,1,12,4,504,0.29,upi,0.75,0
pay_05665,cust_2147,342.66,expired_card,0,19,2,665,1.53,netbanking,0.905,1
pay_05666,cust_1107,607.03,authentication_failed,2,14,0,146,1.29,card,1.0,0
pay_05667,cust_0037,258.76,authentication_failed,3,19,7,51,3.95,card,0.731,0
pay_05668,cust_1865,372.87,bank_timeout,0,7,6,200,4.12,upi,0.538,1
pay_05669,cust_0746,470.97,bank_timeout,1,4,1,149,1.18,card,0.8,0
pay_05670,cust_2077,3476.03,invalid_card,3,0,4,111,3.49,card,0.0,0
pay_05671,cust_2383,4769.0,authentication_failed,2,11,3,773,2.01,upi,0.786,0
pay_05672,cust_2084,536.94,expired_card,2,7,4,538,4.22,card,0.636,0
pay_05673,cust_2335,253.81,authentication_failed,0,15,3,306,1.84,card,0.833,0
pay_05674,cust_1465,611.97,invalid_card,2,10,3,779,1.2,upi,0.769,1
pay_05675,cust_1538,238.55,bank_timeout,0,10,2,923,0.78,upi,0.833,1
pay_05676,cust_0962,3975.54,bank_timeout,3,3,7,142,1.96,netbanking,0.3,0
pay_05677,cust_0260,256.86,invalid_card,0,0,5,187,1.56,netbanking,0.0,0
pay_05678,cust_1314,2878.46,expired_card,0,3,3,931,4.81,card,0.5,0
pay_05679,cust_1385,1183.22,insufficient_funds,2,14,7,649,2.79,card,0.667,1
pay_05680,cust_0904,223.84,insufficient_funds,3,9,6,389,1.77,card,0.6,0
pay_05681,cust_0166,320.75,insufficient_funds,3,11,2,223,0.87,upi,0.846,0
pay_05682,cust_1243,1577.81,invalid_card,2,5,8,990,4.91,card,0.385,0
pay_05683,cust_1213,4407.98,bank_timeout,2,0,8,660,1.26,upi,0.0,0
pay_05684,cust_0219,7824.47,expired_card,0,18,3,193,1.98,card,0.857,1
pay_05685,cust_1220,282.02,bank_timeout,3,13,5,970,2.65,card,0.722,0
pay_05686,cust_1471,9210.93,bank_timeout,1,14,7,660,1.04,card,0.667,0
pay_05687,cust_2279,784.57,invalid_card,0,3,7,390,0.4,netbanking,0.3,0
pay_05688,cust_1910,342.35,invalid_card,0,11,7,225,2.19,netbanking,0.611,0
pay_05689,cust_1275,416.94,insufficient_funds,0,0,3,609,0.2,card,0.0,0
pay_05690,cust_2172,2190.77,invalid_card,2,19,5,333,4.38,upi,0.792,0
pay_05691,cust_1184,467.63,bank_timeout,1,2,3,57,1.6,upi,0.4,1
pay_05692,cust_0377,6902.16,insufficient_funds,2,13,2,87,4.08,netbanking,0.867,0
pay_05693,cust_2255,348.8,expired_card,1,9,3,649,4.42,upi,0.75,0
pay_05694,cust_1992,751.4,authentication_failed,2,9,7,344,4.58,card,0.562,0
pay_05695,cust_0701,5277.42,expired_card,1,16,3,401,0.25,upi,0.842,1
pay_05696,cust_1411,407.41,invalid_card,2,8,3,160,2.9,netbanking,0.727,0
pay_05697,cust_2330,885.23,bank_timeout,1,7,7,944,3.32,card,0.5,1
pay_05698,cust_0941,6676.56,insufficient_funds,1,13,0,89,3.21,netbanking,1.0,1
pay_05699,cust_0570,1229.16,insufficient_funds,3,18,7,515,3.47,card,0.72,0
pay_05700,cust_1893,5749.63,invalid_card,3,9,2,149,2.27,card,0.818,0
pay_05701,cust_1371,935.66,authentication_failed,0,8,3,435,3.05,netbanking,0.727,1
pay_05702,cust_1799,488.76,authentication_failed,0,18,1,565,0.36,upi,0.947,1
pay_05703,cust_2208,7911.76,expired_card,1,15,0,940,0.22,netbanking,1.0,0
pay_05704,cust_0455,586.47,authentication_failed,2,2,1,431,4.42,upi,0.667,1
pay_05705,cust_0516,825.32,insufficient_funds,1,13,4,625,0.2,netbanking,0.765,0
pay_05706,cust_0999,6693.31,bank_timeout,1,2,0,107,0.29,netbanking,1.0,1
pay_05707,cust_0342,5623.74,expired_card,3,0,3,947,2.82,upi,0.0,0
pay_05708,cust_2036,228.25,invalid_card,1,7,2,568,1.91,netbanking,0.778,0
pay_05709,cust_0962,1292.67,invalid_card,1,1,7,200,1.99,upi,0.125,0
pay_05710,cust_1665,1244.21,authentication_failed,1,20,1,992,2.65,upi,0.952,1
pay_05711,cust_0582,2855.25,authentication_failed,2,5,2,290,1.1,upi,0.714,1
pay_05712,cust_1197,2898.35,bank_timeout,1,13,3,927,4.59,upi,0.812,0
pay_05713,cust_1044,1502.04,expired_card,3,0,1,639,1.2,upi,0.0,0
pay_05714,cust_1858,2101.97,invalid_card,0,15,3,347,1.76,upi,0.833,0
pay_05715,cust_1882,6589.19,expired_card,0,5,6,340,2.43,upi,0.455,0
pay_05716,cust_0547,630.46,insufficient_funds,0,14,6,396,4.95,card,0.7,0
pay_05717,cust_2350,696.95,expired_card,2,8,7,990,4.3,card,0.533,0
pay_05718,cust_1558,6981.57,bank_timeout,3,3,2,35,4.21,upi,0.6,0
pay_05719,cust_1448,2546.59,insufficient_funds,2,0,6,837,4.72,upi,0.0,0
pay_05720,cust_2451,248.99,insufficient_funds,2,13,5,844,4.03,upi,0.722,0
pay_05721,cust_0727,570.24,invalid_card,2,17,0,820,3.56,card,1.0,1
pay_05722,cust_1776,958.72,authentication_failed,0,4,7,603,1.99,upi,0.364,1
pay_05723,cust_0643,2691.31,insufficient_funds,2,1,3,735,4.21,card,0.25,0
pay_05724,cust_1847,922.49,insufficient_funds,0,18,0,424,2.52,card,1.0,1
pay_05725,cust_1993,7736.6,expired_card,3,3,1,372,1.78,upi,0.75,1
pay_05726,cust_1160,1954.93,insufficient_funds,0,2,0,395,4.25,card,1.0,1
pay_05727,cust_0374,5961.37,invalid_card,3,3,8,428,3.83,netbanking,0.273,0
pay_05728,cust_1562,600.61,insufficient_funds,3,20,4,478,2.06,card,0.833,0
pay_05729,cust_0791,734.36,bank_timeout,3,8,1,306,4.53,netbanking,0.889,1
pay_05730,cust_0371,248.42,bank_timeout,1,1,3,369,0.9,upi,0.25,1
pay_05731,cust_1493,2235.7,expired_card,3,15,0,40,1.5,upi,1.0,0
pay_05732,cust_1450,729.32,authentication_failed,3,1,3,310,0.59,card,0.25,0
pay_05733,cust_0494,768.87,insufficient_funds,2,6,5,800,4.67,card,0.545,1
pay_05734,cust_0566,2112.52,invalid_card,3,6,8,705,4.02,card,0.429,0
pay_05735,cust_0351,379.34,authentication_failed,2,14,4,428,3.14,upi,0.778,0
pay_05736,cust_1474,583.0,authentication_failed,3,13,8,939,4.47,upi,0.619,0
pay_05737,cust_0805,1654.1,insufficient_funds,2,2,7,955,3.85,netbanking,0.222,0
pay_05738,cust_1646,4256.7,authentication_failed,2,13,8,510,3.64,netbanking,0.619,0
pay_05739,cust_2330,2403.1,invalid_card,0,16,5,786,3.47,netbanking,0.762,1
pay_05740,cust_1672,571.38,expired_card,3,17,6,796,1.42,netbanking,0.739,0
pay_05741,cust_2136,2854.3,bank_timeout,3,9,1,788,0.12,netbanking,0.9,0
pay_05742,cust_0600,2068.41,invalid_card,0,17,3,384,0.76,netbanking,0.85,1
pay_05743,cust_0709,723.33,invalid_card,0,13,7,66,2.05,upi,0.65,0
pay_05744,cust_1500,964.07,invalid_card,0,19,8,755,4.73,card,0.704,0
pay_05745,cust_2495,954.86,bank_timeout,1,6,6,532,3.5,card,0.5,1
pay_05746,cust_0984,318.93,insufficient_funds,3,6,1,101,0.54,netbanking,0.857,0
pay_05747,cust_0697,205.78,invalid_card,0,15,4,714,3.42,card,0.789,1
pay_05748,cust_0392,6980.28,bank_timeout,2,0,5,581,2.04,card,0.0,0
pay_05749,cust_1312,3975.34,bank_timeout,1,18,6,942,4.86,upi,0.75,1
pay_05750,cust_0914,3921.04,invalid_card,1,16,1,208,0.83,card,0.941,0
pay_05751,cust_0111,3385.84,insufficient_funds,1,2,4,97,2.35,netbanking,0.333,0
pay_05752,cust_1005,624.21,bank_timeout,0,17,4,381,4.99,netbanking,0.81,1
pay_05753,cust_1146,399.32,expired_card,1,16,5,604,2.92,card,0.762,1
pay_05754,cust_0619,303.42,bank_timeout,1,7,7,867,4.64,card,0.5,1
pay_05755,cust_0066,5163.01,expired_card,1,19,0,749,0.51,upi,1.0,0
pay_05756,cust_0930,945.59,bank_timeout,3,11,0,873,3.11,netbanking,1.0,0
pay_05757,cust_0484,763.38,invalid_card,2,19,0,282,4.38,upi,1.0,1
pay_05758,cust_0214,428.43,bank_timeout,3,17,0,420,3.18,upi,1.0,1
pay_05759,cust_0113,7707.94,expired_card,1,13,7,214,1.14,upi,0.65,0
pay_05760,cust_0159,769.18,invalid_card,1,17,6,428,2.79,upi,0.739,1
pay_05761,cust_1992,992.26,insufficient_funds,0,16,3,141,2.05,netbanking,0.842,1
pay_05762,cust_2479,4395.89,authentication_failed,2,7,4,166,3.43,netbanking,0.636,0
pay_05763,cust_0120,1045.94,bank_timeout,3,10,6,391,4.42,upi,0.625,1
pay_05764,cust_2209,686.74,invalid_card,0,0,4,671,2.23,card,0.0,0
pay_05765,cust_0083,1004.33,insufficient_funds,3,5,6,307,4.37,card,0.455,0
pay_05766,cust_0588,333.9,expired_card,1,10,4,110,1.91,netbanking,0.714,0
pay_05767,cust_2038,4295.25,expired_card,2,17,1,669,4.3,card,0.944,0
pay_05768,cust_1294,2507.54,insufficient_funds,2,13,5,417,1.14,netbanking,0.722,0
pay_05769,cust_0452,1407.22,authentication_failed,3,17,4,137,3.5,netbanking,0.81,0
pay_05770,cust_2023,881.8,authentication_failed,1,6,1,349,1.04,card,0.857,1
pay_05771,cust_0157,575.89,authentication_failed,0,9,2,716,2.13,netbanking,0.818,1
pay_05772,cust_2242,1346.29,invalid_card,0,18,7,932,3.34,upi,0.72,0
pay_05773,cust_1349,394.08,bank_timeout,3,16,8,708,3.64,card,0.667,0
pay_05774,cust_2191,836.0,invalid_card,3,19,8,517,1.42,upi,0.704,0
pay_05775,cust_0574,2840.87,expired_card,3,2,1,501,2.88,upi,0.667,0
pay_05776,cust_1299,289.57,insufficient_funds,0,9,4,689,3.54,upi,0.692,0
pay_05777,cust_0292,308.02,authentication_failed,0,7,2,126,4.21,card,0.778,0
pay_05778,cust_2158,231.93,expired_card,0,0,0,976,2.48,upi,0.0,1
pay_05779,cust_1769,217.57,invalid_card,0,20,6,324,0.26,upi,0.769,0
pay_05780,cust_0211,2487.16,expired_card,1,16,2,523,3.93,card,0.889,1
pay_05781,cust_0574,385.62,insufficient_funds,3,9,7,196,3.39,upi,0.562,1
pay_05782,cust_2150,7206.8,expired_card,2,19,1,801,4.83,netbanking,0.95,1
pay_05783,cust_0897,749.14,expired_card,1,6,8,575,0.53,upi,0.429,0
pay_05784,cust_2002,1766.09,invalid_card,1,19,2,347,3.27,netbanking,0.905,1
pay_05785,cust_1869,6281.27,expired_card,0,6,1,361,3.75,netbanking,0.857,0
pay_05786,cust_1714,748.84,invalid_card,3,4,4,870,3.57,card,0.5,0
pay_05787,cust_1129,732.08,expired_card,2,15,6,643,2.98,upi,0.714,1
pay_05788,cust_2189,749.25,bank_timeout,1,12,3,661,2.87,netbanking,0.8,1
pay_05789,cust_1768,498.17,expired_card,3,15,1,619,1.37,netbanking,0.938,0
pay_05790,cust_1120,2391.94,insufficient_funds,3,14,4,116,4.6,netbanking,0.778,1
pay_05791,cust_1154,229.93,expired_card,2,4,3,892,0.95,card,0.571,1
pay_05792,cust_1895,1380.77,invalid_card,0,16,6,315,1.75,card,0.727,0
pay_05793,cust_0907,7325.48,expired_card,1,20,4,383,3.25,netbanking,0.833,0
pay_05794,cust_0681,333.11,expired_card,2,15,0,86,3.57,upi,1.0,0
pay_05795,cust_1704,920.22,insufficient_funds,1,18,6,698,0.73,netbanking,0.75,1
pay_05796,cust_1415,1464.88,insufficient_funds,3,13,2,800,2.76,netbanking,0.867,0
pay_05797,cust_0660,962.17,invalid_card,0,0,6,801,2.78,card,0.0,0
pay_05798,cust_0707,1093.0,authentication_failed,0,13,8,185,4.66,netbanking,0.619,0
pay_05799,cust_1143,9993.5,bank_timeout,3,14,4,725,4.4,card,0.778,1
pay_05800,cust_0690,767.5,invalid_card,3,5,4,171,2.36,netbanking,0.556,0
pay_05801,cust_2053,433.42,expired_card,0,18,5,249,0.63,netbanking,0.783,0
pay_05802,cust_1220,4844.44,expired_card,2,1,7,690,3.2,card,0.125,0
pay_05803,cust_0886,817.21,bank_timeout,0,20,7,119,4.2,card,0.741,1
pay_05804,cust_0145,2658.38,insufficient_funds,1,8,7,498,1.86,card,0.533,1
pay_05805,cust_1016,2084.7,expired_card,0,17,6,529,3.2,upi,0.739,1
pay_05806,cust_2151,751.24,insufficient_funds,0,19,6,858,3.6,netbanking,0.76,1
pay_05807,cust_1628,725.55,bank_timeout,3,12,3,560,2.63,upi,0.8,1
pay_05808,cust_0682,9956.99,invalid_card,3,7,0,575,4.09,upi,1.0,0
pay_05809,cust_0739,6152.87,insufficient_funds,1,6,6,582,0.54,netbanking,0.5,1
pay_05810,cust_0219,629.36,bank_timeout,0,2,5,863,1.57,netbanking,0.286,1
pay_05811,cust_0292,238.19,bank_timeout,1,17,6,723,2.29,netbanking,0.739,1
pay_05812,cust_0426,1241.23,authentication_failed,3,10,1,150,2.7,card,0.909,0
pay_05813,cust_2065,1362.1,bank_timeout,0,18,6,101,0.87,card,0.75,1
pay_05814,cust_0633,555.99,expired_card,3,7,0,820,3.14,netbanking,1.0,0
pay_05815,cust_0222,321.95,insufficient_funds,2,17,4,901,1.87,upi,0.81,0
pay_05816,cust_0796,1691.77,bank_timeout,0,12,5,462,2.58,upi,0.706,1
pay_05817,cust_1315,2202.12,bank_timeout,3,15,2,678,4.25,card,0.882,1
pay_05818,cust_1789,1371.39,invalid_card,0,17,4,308,2.14,upi,0.81,1
pay_05819,cust_1803,7612.46,invalid_card,2,20,0,992,0.16,upi,1.0,1
pay_05820,cust_2127,7679.88,invalid_card,2,6,5,615,1.94,netbanking,0.545,0
pay_05821,cust_1818,487.23,authentication_failed,3,12,5,747,0.86,upi,0.706,1
pay_05822,cust_0119,7803.12,insufficient_funds,0,6,8,570,4.14,netbanking,0.429,1
pay_05823,cust_1192,1206.39,authentication_failed,3,1,6,792,0.28,card,0.143,0
pay_05824,cust_0108,8422.31,expired_card,1,2,7,548,0.14,card,0.222,0
pay_05825,cust_1678,912.99,insufficient_funds,0,12,3,736,3.38,netbanking,0.8,1
pay_05826,cust_1765,8905.78,bank_timeout,3,2,8,906,2.97,card,0.2,0
pay_05827,cust_0976,2787.37,invalid_card,3,4,8,534,4.16,card,0.333,0
pay_05828,cust_0461,2804.36,invalid_card,1,7,8,67,0.87,upi,0.467,0
pay_05829,cust_2001,3487.71,invalid_card,3,2,6,932,3.85,netbanking,0.25,0
pay_05830,cust_0298,354.69,bank_timeout,1,13,3,818,0.81,netbanking,0.812,1
pay_05831,cust_2125,207.86,insufficient_funds,2,15,2,795,4.15,card,0.882,1
pay_05832,cust_2314,9464.61,invalid_card,0,19,6,413,1.13,upi,0.76,0
pay_05833,cust_1589,995.36,invalid_card,0,9,3,991,2.77,upi,0.75,0
pay_05834,cust_1813,908.55,bank_timeout,0,3,4,469,4.92,upi,0.429,0
pay_05835,cust_2007,674.88,invalid_card,1,5,2,333,3.64,card,0.714,0
pay_05836,cust_0264,2774.42,expired_card,3,13,3,613,4.31,upi,0.812,0
pay_05837,cust_0073,1260.42,authentication_failed,3,14,5,637,1.59,card,0.737,1
pay_05838,cust_1851,380.08,insufficient_funds,1,8,6,504,1.84,netbanking,0.571,0
pay_05839,cust_1289,344.23,insufficient_funds,1,10,1,918,2.37,netbanking,0.909,1
pay_05840,cust_2263,335.73,invalid_card,1,14,6,99,1.16,card,0.7,0
pay_05841,cust_0668,1205.67,expired_card,2,10,5,334,0.89,card,0.667,0
pay_05842,cust_1903,635.8,authentication_failed,3,20,2,706,0.27,netbanking,0.909,1
pay_05843,cust_1157,758.46,invalid_card,1,11,6,576,2.11,netbanking,0.647,0
pay_05844,cust_1318,9469.51,expired_card,3,11,1,113,1.8,upi,0.917,1
pay_05845,cust_0120,270.35,insufficient_funds,3,20,0,394,2.17,upi,1.0,1
pay_05846,cust_1981,4314.41,insufficient_funds,2,6,8,65,4.59,card,0.429,1
pay_05847,cust_1742,859.62,bank_timeout,0,0,7,708,2.68,upi,0.0,0
pay_05848,cust_0692,447.55,authentication_failed,3,10,1,459,2.76,card,0.909,1
pay_05849,cust_0128,4393.41,insufficient_funds,1,10,8,490,4.39,card,0.556,1
pay_05850,cust_1986,1019.78,expired_card,2,0,1,797,2.76,netbanking,0.0,1
pay_05851,cust_2167,952.86,authentication_failed,2,4,3,164,1.84,netbanking,0.571,0
pay_05852,cust_1085,600.79,bank_timeout,0,5,4,233,4.0,netbanking,0.556,1
pay_05853,cust_0578,298.31,bank_timeout,0,7,2,173,4.91,upi,0.778,1
pay_05854,cust_1731,7544.91,expired_card,3,20,3,42,3.06,upi,0.87,0
pay_05855,cust_2104,229.58,authentication_failed,3,12,7,570,1.59,upi,0.632,1
pay_05856,cust_0845,598.83,expired_card,3,16,4,254,2.33,netbanking,0.8,0
pay_05857,cust_0286,753.21,invalid_card,1,12,3,522,3.56,card,0.8,0
pay_05858,cust_1337,1120.25,insufficient_funds,3,7,7,599,3.8,card,0.5,0
pay_05859,cust_1179,676.59,invalid_card,2,7,0,280,1.41,card,1.0,0
pay_05860,cust_0515,891.4,bank_timeout,3,19,2,995,4.39,card,0.905,0
pay_05861,cust_0553,389.99,insufficient_funds,3,10,1,897,4.49,netbanking,0.909,1
pay_05862,cust_0016,2210.15,insufficient_funds,3,11,6,509,4.28,netbanking,0.647,0
pay_05863,cust_2284,1759.28,authentication_failed,0,14,1,245,4.39,netbanking,0.933,0
pay_05864,cust_0155,1289.99,bank_timeout,1,3,3,587,1.53,netbanking,0.5,1
pay_05865,cust_0836,264.27,insufficient_funds,0,9,2,666,1.72,netbanking,0.818,1
pay_05866,cust_0006,2191.87,authentication_failed,1,0,2,54,3.87,upi,0.0,0
pay_05867,cust_1457,5278.77,authentication_failed,0,16,6,37,2.23,card,0.727,0
pay_05868,cust_0664,4692.28,expired_card,1,15,3,37,1.82,upi,0.833,1
pay_05869,cust_1443,383.76,authentication_failed,3,7,2,363,0.77,upi,0.778,0
pay_05870,cust_1001,381.17,bank_timeout,0,8,2,923,0.14,netbanking,0.8,1
pay_05871,cust_2044,2889.9,bank_timeout,2,0,1,270,2.99,card,0.0,0
pay_05872,cust_2298,779.95,bank_timeout,3,3,8,979,2.97,netbanking,0.273,0
pay_05873,cust_0768,2583.4,invalid_card,1,16,0,217,3.33,netbanking,1.0,1
pay_05874,cust_1375,243.57,invalid_card,2,2,5,390,2.88,upi,0.286,0
pay_05875,cust_1661,958.16,insufficient_funds,3,0,3,658,1.9,netbanking,0.0,0
pay_05876,cust_0168,2733.92,bank_timeout,2,19,4,38,0.76,card,0.826,1
pay_05877,cust_0284,322.55,bank_timeout,3,6,6,911,0.82,upi,0.5,1
pay_05878,cust_1108,1367.08,invalid_card,2,15,7,161,4.12,card,0.682,0
pay_05879,cust_0939,6357.93,expired_card,2,14,2,508,0.31,netbanking,0.875,1
pay_05880,cust_1448,372.72,invalid_card,2,7,6,87,2.15,card,0.538,1
pay_05881,cust_2050,3018.93,expired_card,0,5,6,60,0.85,card,0.455,0
pay_05882,cust_2078,9827.2,insufficient_funds,0,13,4,550,0.36,card,0.765,1
pay_05883,cust_0594,8278.52,authentication_failed,0,1,8,578,4.68,netbanking,0.111,0
pay_05884,cust_0405,2270.77,expired_card,0,5,4,763,0.96,card,0.556,0
pay_05885,cust_0592,378.56,bank_timeout,1,3,7,758,0.88,netbanking,0.3,1
pay_05886,cust_1282,843.09,bank_timeout,3,15,5,470,3.63,netbanking,0.75,1
pay_05887,cust_1688,791.81,invalid_card,3,20,8,387,1.74,netbanking,0.714,0
pay_05888,cust_1822,8389.49,bank_timeout,0,16,7,48,4.65,upi,0.696,1
pay_05889,cust_0816,4831.75,bank_timeout,3,14,3,198,4.19,netbanking,0.824,1
pay_05890,cust_2126,708.05,invalid_card,0,15,6,166,0.33,upi,0.714,1
pay_05891,cust_0722,7989.12,expired_card,2,19,6,215,3.73,netbanking,0.76,1
pay_05892,cust_1142,225.73,bank_timeout,0,9,1,306,0.93,card,0.9,1
pay_05893,cust_1440,2708.74,insufficient_funds,1,9,3,584,4.67,upi,0.75,1
pay_05894,cust_1415,763.08,insufficient_funds,0,1,3,287,3.5,upi,0.25,0
pay_05895,cust_0307,651.39,authentication_failed,2,18,4,185,2.63,card,0.818,0
pay_05896,cust_1445,6097.21,insufficient_funds,3,20,1,311,3.04,upi,0.952,1
pay_05897,cust_1961,7291.83,insufficient_funds,1,9,2,216,1.21,card,0.818,1
pay_05898,cust_0285,974.89,insufficient_funds,0,14,0,66,1.89,netbanking,1.0,1
pay_05899,cust_1179,810.21,invalid_card,3,5,0,606,3.39,card,1.0,0
pay_05900,cust_1182,2549.57,bank_timeout,2,5,1,124,3.81,card,0.833,1
pay_05901,cust_2490,6305.07,bank_timeout,3,2,5,447,1.28,upi,0.286,0
pay_05902,cust_2275,2974.42,insufficient_funds,2,12,6,35,3.85,upi,0.667,0
pay_05903,cust_1699,5702.79,expired_card,1,17,1,571,4.99,netbanking,0.944,1
pay_05904,cust_1926,7865.44,bank_timeout,2,6,1,268,1.29,upi,0.857,0
pay_05905,cust_0482,8217.66,expired_card,2,15,8,838,4.64,upi,0.652,1
pay_05906,cust_2340,8938.68,authentication_failed,0,0,3,70,3.68,netbanking,0.0,0
pay_05907,cust_0925,1231.14,insufficient_funds,3,12,7,83,3.92,card,0.632,1
pay_05908,cust_1055,1419.34,invalid_card,3,20,1,327,4.82,upi,0.952,0
pay_05909,cust_1570,576.6,authentication_failed,1,11,7,317,0.29,upi,0.611,1
pay_05910,cust_2284,1213.64,expired_card,1,16,8,888,0.74,card,0.667,0
pay_05911,cust_2216,858.66,invalid_card,3,6,3,578,3.85,card,0.667,0
pay_05912,cust_1571,428.27,expired_card,0,1,0,436,1.16,card,1.0,1
pay_05913,cust_0011,293.53,invalid_card,0,8,0,717,1.39,upi,1.0,1
pay_05914,cust_1758,7172.35,bank_timeout,1,3,0,644,0.99,card,1.0,1
pay_05915,cust_0189,558.17,insufficient_funds,3,17,5,931,0.21,netbanking,0.773,0
pay_05916,cust_2096,639.44,invalid_card,3,19,0,673,4.99,upi,1.0,0
pay_05917,cust_0463,713.25,bank_timeout,1,17,2,217,1.27,netbanking,0.895,1
pay_05918,cust_0868,336.5,expired_card,1,20,5,58,3.29,netbanking,0.8,1
pay_05919,cust_2227,4061.3,authentication_failed,2,14,7,445,2.49,upi,0.667,1
pay_05920,cust_1906,363.03,authentication_failed,2,16,3,647,2.53,netbanking,0.842,0
pay_05921,cust_0007,1849.89,invalid_card,3,11,7,347,2.56,netbanking,0.611,0
pay_05922,cust_2401,427.47,invalid_card,0,18,7,969,1.85,netbanking,0.72,1
pay_05923,cust_0010,264.3,expired_card,0,2,5,900,1.1,card,0.286,1
pay_05924,cust_1447,503.16,expired_card,1,9,8,358,3.3,netbanking,0.529,1
pay_05925,cust_2273,287.0,invalid_card,2,6,7,429,0.24,netbanking,0.462,0
pay_05926,cust_2137,422.34,invalid_card,2,7,5,183,1.38,netbanking,0.583,0
pay_05927,cust_1668,2512.71,bank_timeout,0,8,0,100,3.11,upi,1.0,1
pay_05928,cust_0991,475.36,authentication_failed,2,7,2,316,4.1,netbanking,0.778,1
pay_05929,cust_1260,2422.78,bank_timeout,2,20,1,191,4.71,upi,0.952,1
pay_05930,cust_2282,790.77,authentication_failed,0,1,6,187,2.74,card,0.143,0
pay_05931,cust_2264,3277.61,bank_timeout,0,2,3,217,3.69,upi,0.4,1
pay_05932,cust_1443,453.62,expired_card,1,4,4,803,1.13,netbanking,0.5,1
pay_05933,cust_0075,1648.21,expired_card,1,19,3,650,2.49,upi,0.864,0
pay_05934,cust_0690,698.93,invalid_card,2,18,1,302,3.82,card,0.947,1
pay_05935,cust_0974,2578.39,invalid_card,0,14,2,1000,0.17,netbanking,0.875,1
pay_05936,cust_0253,850.43,invalid_card,3,7,0,128,1.79,card,1.0,0
pay_05937,cust_0751,340.52,insufficient_funds,2,8,8,536,2.72,netbanking,0.5,0
pay_05938,cust_0070,306.21,authentication_failed,0,5,5,854,1.68,card,0.5,1
pay_05939,cust_2114,336.08,bank_timeout,1,5,0,267,2.32,card,1.0,1
pay_05940,cust_1008,672.74,bank_timeout,2,0,1,457,1.46,netbanking,0.0,0
pay_05941,cust_1885,361.93,authentication_failed,1,6,7,100,3.14,netbanking,0.462,0
pay_05942,cust_1559,304.92,expired_card,2,8,8,944,0.62,upi,0.5,1
pay_05943,cust_0843,3154.76,insufficient_funds,1,10,0,111,3.04,upi,1.0,0
pay_05944,cust_0324,2019.9,insufficient_funds,3,20,0,41,4.32,upi,1.0,1
pay_05945,cust_1640,3309.26,invalid_card,0,14,4,852,2.78,upi,0.778,1
pay_05946,cust_2431,799.46,invalid_card,2,20,4,526,0.19,card,0.833,1
pay_05947,cust_0078,1717.27,bank_timeout,1,18,8,282,4.84,upi,0.692,1
pay_05948,cust_0392,922.13,insufficient_funds,3,0,1,472,4.77,netbanking,0.0,0
pay_05949,cust_1193,7257.46,insufficient_funds,3,0,3,297,0.24,card,0.0,0
pay_05950,cust_2217,2041.24,insufficient_funds,3,20,4,277,2.86,card,0.833,1
pay_05951,cust_2481,7785.04,expired_card,2,18,4,969,2.75,upi,0.818,0
pay_05952,cust_1681,3917.74,authentication_failed,3,1,7,190,1.83,upi,0.125,0
pay_05953,cust_2438,256.01,bank_timeout,3,17,2,847,0.8,card,0.895,0
pay_05954,cust_1316,904.17,authentication_failed,1,8,7,556,1.65,card,0.533,1
pay_05955,cust_1831,932.04,invalid_card,0,1,3,593,0.86,upi,0.25,0
pay_05956,cust_0488,356.34,bank_timeout,2,2,3,78,4.41,upi,0.4,1
pay_05957,cust_2404,4260.27,expired_card,3,15,0,516,0.2,netbanking,1.0,1
pay_05958,cust_1195,5313.26,expired_card,0,12,1,628,4.42,card,0.923,1
pay_05959,cust_1987,305.58,expired_card,2,18,0,475,1.68,upi,1.0,1
pay_05960,cust_2036,5104.78,invalid_card,0,3,8,919,4.28,upi,0.273,0
pay_05961,cust_0236,452.41,insufficient_funds,0,17,0,186,4.38,upi,1.0,1
pay_05962,cust_0777,2799.86,bank_timeout,3,6,5,664,4.02,card,0.545,0
pay_05963,cust_0645,386.75,invalid_card,2,9,7,570,4.98,upi,0.562,0
pay_05964,cust_2098,7363.86,invalid_card,0,9,2,356,4.65,upi,0.818,1
pay_05965,cust_2049,205.31,bank_timeout,1,13,0,41,0.62,upi,1.0,1
pay_05966,cust_1320,254.99,expired_card,0,8,1,529,2.98,card,0.889,1
pay_05967,cust_2346,297.41,authentication_failed,3,13,0,651,0.22,upi,1.0,0
pay_05968,cust_1354,634.4,insufficient_funds,1,12,0,959,4.03,card,1.0,1
pay_05969,cust_1939,243.48,expired_card,3,15,6,730,0.96,netbanking,0.714,0
pay_05970,cust_0975,349.85,insufficient_funds,3,2,8,87,1.03,netbanking,0.2,0
pay_05971,cust_0882,4921.26,bank_timeout,2,0,5,331,3.8,netbanking,0.0,1
pay_05972,cust_1466,665.99,bank_timeout,0,17,1,196,2.58,card,0.944,0
pay_05973,cust_0029,9994.99,invalid_card,0,2,8,221,4.2,netbanking,0.2,0
pay_05974,cust_1897,5352.0,authentication_failed,3,12,6,155,0.86,upi,0.667,0
pay_05975,cust_1846,1565.44,insufficient_funds,3,11,7,322,1.15,upi,0.611,0
pay_05976,cust_1972,667.61,expired_card,0,6,2,977,2.74,netbanking,0.75,1
pay_05977,cust_0477,1189.55,expired_card,2,8,5,488,4.65,netbanking,0.615,1
pay_05978,cust_1331,2603.74,authentication_failed,1,3,0,301,2.21,card,1.0,1
pay_05979,cust_1523,4835.81,expired_card,2,6,1,678,0.97,upi,0.857,1
pay_05980,cust_0231,1844.17,invalid_card,1,12,3,229,2.3,card,0.8,1
pay_05981,cust_0138,378.72,bank_timeout,1,14,6,131,1.82,card,0.7,1
pay_05982,cust_1043,9368.63,expired_card,1,7,1,603,1.71,card,0.875,0
pay_05983,cust_0885,4199.08,expired_card,0,6,4,972,4.45,upi,0.6,1
pay_05984,cust_1813,2723.6,expired_card,3,4,7,698,1.41,card,0.364,0
pay_05985,cust_0435,1957.14,bank_timeout,3,13,4,196,4.1,netbanking,0.765,1
pay_05986,cust_2083,929.82,invalid_card,3,11,8,863,4.14,card,0.579,0
pay_05987,cust_2459,243.6,insufficient_funds,0,12,1,72,0.78,card,0.923,1
pay_05988,cust_0336,231.49,expired_card,3,17,7,265,2.43,netbanking,0.708,0
pay_05989,cust_2091,213.79,bank_timeout,3,7,7,816,4.75,card,0.5,1
pay_05990,cust_0328,1249.13,authentication_failed,0,14,7,144,2.95,card,0.667,0
pay_05991,cust_2031,3464.03,invalid_card,3,8,8,376,4.38,card,0.5,0
pay_05992,cust_2145,643.2,expired_card,0,8,8,553,2.08,upi,0.5,0
pay_05993,cust_1451,2976.85,insufficient_funds,3,10,2,535,4.47,card,0.833,1
pay_05994,cust_1727,2942.97,expired_card,2,8,1,741,2.38,card,0.889,0
pay_05995,cust_2209,496.73,authentication_failed,2,0,6,249,1.56,upi,0.0,0
pay_05996,cust_2160,6440.64,insufficient_funds,2,11,6,546,4.93,card,0.647,0
pay_05997,cust_2272,1472.28,bank_timeout,2,19,2,573,4.39,card,0.905,1
pay_05998,cust_1944,508.21,invalid_card,3,5,5,576,4.73,card,0.5,0
pay_05999,cust_1651,1130.26,authentication_failed,2,4,6,146,1.8,upi,0.4,0
pay_06000,cust_1277,900.09,invalid_card,3,20,3,276,4.52,upi,0.87,0
pay_06001,cust_0754,512.24,invalid_card,2,4,7,826,1.49,netbanking,0.364,0
pay_06002,cust_2211,1388.16,bank_timeout,2,16,4,727,1.93,card,0.8,1
pay_06003,cust_1775,2939.79,invalid_card,3,9,1,432,3.76,card,0.9,0
pay_06004,cust_2140,3713.38,insufficient_funds,2,15,5,963,3.85,netbanking,0.75,0
pay_06005,cust_0028,1274.08,invalid_card,1,6,3,841,4.02,upi,0.667,0
pay_06006,cust_1954,961.86,authentication_failed,2,0,8,782,4.32,upi,0.0,0
pay_06007,cust_1853,338.39,authentication_failed,3,14,1,334,0.1,card,0.933,0
pay_06008,cust_0100,483.49,authentication_failed,0,15,3,472,0.64,upi,0.833,1
pay_06009,cust_2151,873.15,insufficient_funds,2,5,0,739,4.86,upi,1.0,0
pay_06010,cust_0383,2049.94,expired_card,2,4,1,779,4.71,netbanking,0.8,1
pay_06011,cust_0335,2611.75,invalid_card,1,7,8,139,3.78,card,0.467,0
pay_06012,cust_1938,6064.22,authentication_failed,0,14,7,56,4.45,card,0.667,0
pay_06013,cust_0213,406.13,insufficient_funds,1,12,3,647,3.86,netbanking,0.8,0
pay_06014,cust_2500,355.85,expired_card,1,13,4,470,1.0,netbanking,0.765,1
pay_06015,cust_1561,785.39,insufficient_funds,0,18,2,435,2.42,netbanking,0.9,1
pay_06016,cust_0765,2673.99,invalid_card,0,16,3,860,3.71,upi,0.842,0
pay_06017,cust_1794,3107.7,authentication_failed,2,1,7,837,4.1,upi,0.125,0
pay_06018,cust_2114,690.62,expired_card,1,7,4,575,4.46,upi,0.636,1
pay_06019,cust_1561,653.85,insufficient_funds,3,13,4,429,1.88,netbanking,0.765,0
pay_06020,cust_0283,2329.77,authentication_failed,1,20,7,300,0.73,upi,0.741,0
pay_06021,cust_0886,969.94,expired_card,3,0,3,502,1.77,card,0.0,0
pay_06022,cust_1608,903.94,authentication_failed,3,20,1,223,3.15,card,0.952,0
pay_06023,cust_1556,6389.75,insufficient_funds,1,19,8,317,2.67,upi,0.704,1
pay_06024,cust_0494,1297.38,invalid_card,0,11,3,213,1.61,upi,0.786,0
pay_06025,cust_0213,390.08,authentication_failed,2,8,2,65,3.89,upi,0.8,1
pay_06026,cust_0010,8596.41,insufficient_funds,3,17,4,620,3.86,card,0.81,1
pay_06027,cust_0879,9194.13,bank_timeout,1,1,7,389,0.45,card,0.125,0
pay_06028,cust_0982,6154.95,authentication_failed,0,7,2,92,0.77,card,0.778,1
pay_06029,cust_1062,2357.21,authentication_failed,2,9,3,991,0.42,netbanking,0.75,1
pay_06030,cust_1065,1018.87,insufficient_funds,1,14,8,133,4.35,upi,0.636,0
pay_06031,cust_0287,686.83,invalid_card,3,7,4,70,1.92,card,0.636,0
pay_06032,cust_0326,1698.5,bank_timeout,3,18,1,549,0.94,card,0.947,1
pay_06033,cust_0904,9909.95,authentication_failed,3,10,4,599,4.86,card,0.714,0
pay_06034,cust_1177,564.53,insufficient_funds,3,1,2,252,3.39,upi,0.333,0
pay_06035,cust_0689,8714.18,expired_card,3,18,2,535,0.52,upi,0.9,1
pay_06036,cust_1435,1933.74,authentication_failed,3,17,0,602,2.52,upi,1.0,0
pay_06037,cust_1188,755.5,authentication_failed,3,19,3,614,1.57,card,0.864,0
pay_06038,cust_2437,374.9,bank_timeout,1,3,0,339,2.75,upi,1.0,1
pay_06039,cust_0395,234.58,bank_timeout,1,7,1,246,2.67,netbanking,0.875,1
pay_06040,cust_0815,1577.68,bank_timeout,2,19,3,529,3.76,netbanking,0.864,1
pay_06041,cust_0458,1929.19,insufficient_funds,1,20,0,989,3.95,card,1.0,1
pay_06042,cust_0290,3177.9,invalid_card,0,3,8,960,2.82,card,0.273,0
pay_06043,cust_1789,382.93,insufficient_funds,1,2,1,203,0.1,upi,0.667,1
pay_06044,cust_0601,442.78,insufficient_funds,3,13,4,715,0.49,netbanking,0.765,0
pay_06045,cust_0075,1988.47,invalid_card,0,2,3,288,1.19,netbanking,0.4,0
pay_06046,cust_1386,591.77,authentication_failed,1,5,3,405,3.55,card,0.625,0
pay_06047,cust_1645,9734.78,bank_timeout,2,14,1,947,3.01,netbanking,0.933,1
pay_06048,cust_0957,4164.56,bank_timeout,3,4,4,928,0.15,card,0.5,1
pay_06049,cust_1623,874.71,expired_card,2,0,6,756,1.42,netbanking,0.0,0
pay_06050,cust_1564,726.22,invalid_card,3,10,3,190,2.93,netbanking,0.769,0
pay_06051,cust_0540,2470.92,insufficient_funds,1,0,0,104,3.71,upi,0.0,1
pay_06052,cust_1508,384.07,bank_timeout,1,4,8,259,3.93,card,0.333,1
pay_06053,cust_0825,314.85,authentication_failed,0,12,6,614,1.63,netbanking,0.667,1
pay_06054,cust_0218,3132.29,invalid_card,2,13,5,98,1.72,upi,0.722,0
pay_06055,cust_0386,344.62,bank_timeout,1,8,2,963,2.73,netbanking,0.8,1
pay_06056,cust_1216,876.72,authentication_failed,1,17,0,230,3.59,netbanking,1.0,1
pay_06057,cust_2378,404.29,expired_card,3,15,0,259,4.7,upi,1.0,0
pay_06058,cust_1771,951.06,bank_timeout,3,18,6,880,3.45,card,0.75,1
pay_06059,cust_2486,6405.95,authentication_failed,2,16,5,664,2.22,card,0.762,1
pay_06060,cust_0769,736.38,insufficient_funds,1,12,0,398,3.47,upi,1.0,1
pay_06061,cust_1875,377.08,insufficient_funds,0,11,4,345,2.35,card,0.733,0
pay_06062,cust_0261,1979.98,authentication_failed,0,4,0,857,3.45,card,1.0,1
pay_06063,cust_0689,8325.3,authentication_failed,3,2,7,569,3.65,netbanking,0.222,0
pay_06064,cust_0961,438.17,authentication_failed,0,11,5,493,1.22,netbanking,0.688,1
pay_06065,cust_0729,481.46,insufficient_funds,2,9,2,432,3.15,upi,0.818,1
pay_06066,cust_2175,355.18,bank_timeout,1,6,4,595,1.02,upi,0.6,1
pay_06067,cust_0155,8389.25,invalid_card,3,16,5,521,1.06,card,0.762,1
pay_06068,cust_0549,2321.69,authentication_failed,3,14,1,305,2.03,upi,0.933,1
pay_06069,cust_0958,260.77,bank_timeout,3,1,1,564,1.14,netbanking,0.5,1
pay_06070,cust_0641,344.74,invalid_card,2,20,7,847,1.41,netbanking,0.741,0
pay_06071,cust_1067,8269.1,invalid_card,2,2,5,954,0.4,netbanking,0.286,0
pay_06072,cust_0397,971.85,insufficient_funds,2,3,5,116,2.43,netbanking,0.375,1
pay_06073,cust_1008,2307.67,expired_card,1,1,3,176,4.89,card,0.25,0
pay_06074,cust_0910,5524.16,bank_timeout,2,13,0,33,3.22,card,1.0,1
pay_06075,cust_1204,1346.76,authentication_failed,1,19,6,504,4.03,upi,0.76,1
pay_06076,cust_1826,439.95,insufficient_funds,0,7,0,259,0.77,netbanking,1.0,0
pay_06077,cust_0865,579.61,invalid_card,2,10,3,868,2.21,netbanking,0.769,0
pay_06078,cust_1373,318.73,bank_timeout,3,7,8,199,1.33,card,0.467,0
pay_06079,cust_2392,9717.85,bank_timeout,2,6,6,770,3.71,upi,0.5,1
pay_06080,cust_0203,793.67,authentication_failed,0,11,1,391,3.19,card,0.917,0
pay_06081,cust_1884,219.92,invalid_card,1,10,8,400,3.68,upi,0.556,0
pay_06082,cust_0259,431.12,authentication_failed,1,20,5,273,1.43,card,0.8,1
pay_06083,cust_1127,665.42,authentication_failed,0,13,4,886,2.68,card,0.765,0
pay_06084,cust_1676,812.28,bank_timeout,3,19,6,734,1.4,upi,0.76,1
pay_06085,cust_0699,8373.43,authentication_failed,0,5,6,416,2.89,card,0.455,0
pay_06086,cust_0790,516.93,expired_card,2,9,2,789,2.86,netbanking,0.818,0
pay_06087,cust_2213,226.11,bank_timeout,3,19,1,525,3.28,upi,0.95,1
pay_06088,cust_0746,578.45,invalid_card,0,17,6,468,0.19,netbanking,0.739,0
pay_06089,cust_0529,374.84,bank_timeout,0,9,0,797,3.42,upi,1.0,1
pay_06090,cust_1279,3028.26,insufficient_funds,3,15,7,893,3.15,card,0.682,0
pay_06091,cust_2129,511.0,insufficient_funds,3,12,4,535,3.74,netbanking,0.75,0
pay_06092,cust_1715,255.57,bank_timeout,3,19,4,150,1.69,card,0.826,0
pay_06093,cust_1325,274.42,expired_card,1,4,1,802,2.09,card,0.8,0
pay_06094,cust_0569,953.62,expired_card,2,20,0,940,3.28,card,1.0,1
pay_06095,cust_1207,764.86,bank_timeout,2,20,2,552,2.55,card,0.909,1
pay_06096,cust_1263,512.83,bank_timeout,3,13,0,912,1.11,card,1.0,0
pay_06097,cust_0739,2972.78,authentication_failed,3,8,3,957,3.17,card,0.727,1
pay_06098,cust_1521,7072.51,invalid_card,1,3,8,729,0.25,netbanking,0.273,1
pay_06099,cust_2083,492.02,expired_card,1,10,0,539,2.42,upi,1.0,0
pay_06100,cust_0448,4651.24,invalid_card,1,6,5,639,3.38,upi,0.545,0
pay_06101,cust_1056,784.45,bank_timeout,2,20,3,231,4.27,card,0.87,1
pay_06102,cust_1342,2500.91,bank_timeout,0,5,5,953,1.4,card,0.5,1
pay_06103,cust_0367,3033.46,invalid_card,2,17,5,687,4.84,upi,0.773,0
pay_06104,cust_1978,7182.27,authentication_failed,2,3,2,521,3.86,upi,0.6,1
pay_06105,cust_0217,5947.1,bank_timeout,3,0,5,374,1.61,netbanking,0.0,0
pay_06106,cust_1678,1545.55,bank_timeout,3,2,4,352,0.21,card,0.333,1
pay_06107,cust_1249,2109.46,authentication_failed,2,1,1,681,0.14,card,0.5,1
pay_06108,cust_0447,1688.27,bank_timeout,0,13,4,354,2.57,netbanking,0.765,1
pay_06109,cust_0144,763.36,expired_card,0,18,7,830,0.8,upi,0.72,1
pay_06110,cust_0780,636.1,expired_card,3,17,2,736,3.62,upi,0.895,0
pay_06111,cust_1296,927.49,insufficient_funds,0,3,1,422,0.21,upi,0.75,1
pay_06112,cust_0574,6329.6,invalid_card,0,18,2,78,0.75,netbanking,0.9,1
pay_06113,cust_1909,8829.67,authentication_failed,1,3,3,901,1.98,upi,0.5,0
pay_06114,cust_1565,545.99,expired_card,1,19,3,811,2.84,card,0.864,1
pay_06115,cust_0684,786.63,invalid_card,1,20,7,679,0.74,upi,0.741,0
pay_06116,cust_1452,8467.06,bank_timeout,3,2,3,904,2.67,card,0.4,0
pay_06117,cust_1032,341.79,invalid_card,2,11,3,659,1.14,netbanking,0.786,1
pay_06118,cust_0348,5098.11,bank_timeout,2,1,6,617,2.06,netbanking,0.143,0
pay_06119,cust_0638,8915.76,expired_card,2,11,0,259,2.43,card,1.0,0
pay_06120,cust_0051,5260.03,insufficient_funds,3,16,7,714,0.41,upi,0.696,0
pay_06121,cust_0544,864.14,expired_card,3,16,5,474,1.34,upi,0.762,0
pay_06122,cust_1693,303.26,authentication_failed,2,15,1,538,3.48,upi,0.938,1
pay_06123,cust_1040,2051.79,authentication_failed,3,3,5,896,0.61,netbanking,0.375,1
pay_06124,cust_1771,1509.16,authentication_failed,2,3,0,78,2.14,card,1.0,1
pay_06125,cust_1930,961.22,expired_card,1,0,0,700,4.06,upi,0.0,0
pay_06126,cust_1877,640.11,insufficient_funds,0,7,3,90,3.08,card,0.7,1
pay_06127,cust_1213,271.3,authentication_failed,2,6,7,334,0.62,upi,0.462,0
pay_06128,cust_0713,9787.0,invalid_card,2,16,6,105,4.13,upi,0.727,0
pay_06129,cust_2334,997.47,expired_card,3,16,2,938,3.37,netbanking,0.889,0
pay_06130,cust_0127,9828.84,expired_card,1,4,0,351,1.03,upi,1.0,1
pay_06131,cust_2205,1467.05,insufficient_funds,3,3,6,878,4.39,upi,0.333,1
pay_06132,cust_0258,379.71,expired_card,0,17,5,733,0.28,upi,0.773,0
pay_06133,cust_0287,2005.35,insufficient_funds,3,7,5,327,4.99,upi,0.583,0
pay_06134,cust_1638,2388.13,expired_card,3,13,2,31,2.19,netbanking,0.867,1
pay_06135,cust_2324,8456.95,invalid_card,3,0,2,141,3.56,card,0.0,0
pay_06136,cust_1956,4402.67,expired_card,0,15,2,849,3.39,netbanking,0.882,1
pay_06137,cust_1475,2106.42,insufficient_funds,1,18,0,656,0.55,card,1.0,1
pay_06138,cust_0447,215.82,insufficient_funds,0,19,0,488,3.62,netbanking,1.0,1
pay_06139,cust_2325,779.92,authentication_failed,3,0,7,702,2.43,card,0.0,0
pay_06140,cust_0269,8677.52,insufficient_funds,2,10,0,722,1.93,card,1.0,1
pay_06141,cust_2064,4764.84,authentication_failed,1,19,7,327,0.99,upi,0.731,1
pay_06142,cust_1329,2455.73,bank_timeout,2,10,3,550,0.89,card,0.769,0
pay_06143,cust_0807,545.2,authentication_failed,1,4,6,507,4.83,upi,0.4,0
pay_06144,cust_1012,5013.89,insufficient_funds,3,10,6,171,2.97,upi,0.625,0
pay_06145,cust_2285,361.93,authentication_failed,2,9,4,753,3.97,netbanking,0.692,0
pay_06146,cust_2457,1401.46,invalid_card,3,17,8,89,0.62,card,0.68,0
pay_06147,cust_1934,6023.5,expired_card,0,12,5,978,0.23,upi,0.706,0
pay_06148,cust_0597,258.2,invalid_card,0,8,2,113,3.58,upi,0.8,0
pay_06149,cust_0093,622.25,invalid_card,1,8,7,747,2.95,card,0.533,1
pay_06150,cust_0612,435.3,invalid_card,2,16,5,654,4.03,upi,0.762,1
pay_06151,cust_2454,807.77,insufficient_funds,3,18,6,847,0.38,upi,0.75,0
pay_06152,cust_0931,9762.38,bank_timeout,2,13,1,768,2.04,upi,0.929,1
pay_06153,cust_1360,394.55,bank_timeout,0,19,0,701,2.54,upi,1.0,0
pay_06154,cust_1664,219.54,invalid_card,3,0,3,338,4.8,upi,0.0,0
pay_06155,cust_1904,1790.54,invalid_card,3,4,2,708,4.86,upi,0.667,0
pay_06156,cust_0178,629.95,authentication_failed,1,10,3,43,0.47,netbanking,0.769,1
pay_06157,cust_2077,782.07,expired_card,2,3,1,498,0.48,upi,0.75,1
pay_06158,cust_1211,4245.66,expired_card,3,14,3,957,3.5,netbanking,0.824,0
pay_06159,cust_0436,562.33,invalid_card,0,4,6,107,1.78,netbanking,0.4,0
pay_06160,cust_0151,483.16,insufficient_funds,1,9,8,154,0.38,card,0.529,1
pay_06161,cust_0993,256.41,invalid_card,1,4,1,473,1.87,upi,0.8,0
pay_06162,cust_2387,349.3,bank_timeout,3,16,5,283,4.15,upi,0.762,1
pay_06163,cust_1813,9219.34,authentication_failed,2,16,1,534,4.07,card,0.941,0
pay_06164,cust_0763,551.83,expired_card,2,6,4,711,1.0,card,0.6,0
pay_06165,cust_0481,547.27,authentication_failed,1,18,1,295,1.81,netbanking,0.947,1
pay_06166,cust_1918,829.82,bank_timeout,0,4,5,633,3.54,card,0.444,1
pay_06167,cust_1202,954.97,bank_timeout,3,16,1,866,0.22,card,0.941,1
pay_06168,cust_0122,2385.03,insufficient_funds,0,12,7,194,1.3,netbanking,0.632,0
pay_06169,cust_0877,9589.81,bank_timeout,2,2,5,859,4.95,netbanking,0.286,0
pay_06170,cust_1183,1954.23,insufficient_funds,2,0,4,458,0.57,upi,0.0,1
pay_06171,cust_1135,309.18,insufficient_funds,3,3,5,121,1.21,netbanking,0.375,0
pay_06172,cust_0036,200.58,bank_timeout,1,12,2,730,4.56,netbanking,0.857,1
pay_06173,cust_0934,3778.68,authentication_failed,3,13,4,977,0.75,upi,0.765,0
pay_06174,cust_1915,358.16,expired_card,2,11,2,231,3.81,upi,0.846,0
pay_06175,cust_0039,433.28,insufficient_funds,1,5,0,875,0.35,card,1.0,1
pay_06176,cust_0424,2612.72,insufficient_funds,2,16,2,172,0.51,netbanking,0.889,0
pay_06177,cust_0684,458.24,authentication_failed,2,1,6,446,4.03,netbanking,0.143,0
pay_06178,cust_2463,1683.56,insufficient_funds,0,9,5,162,4.46,card,0.643,1
pay_06179,cust_2259,8649.62,expired_card,3,0,7,287,3.04,upi,0.0,0
pay_06180,cust_1361,4847.58,invalid_card,0,12,0,78,2.3,card,1.0,0
pay_06181,cust_2330,285.69,insufficient_funds,1,19,5,83,3.81,upi,0.792,0
pay_06182,cust_1711,7442.45,invalid_card,2,7,0,313,1.59,netbanking,1.0,1
pay_06183,cust_1588,338.6,authentication_failed,3,7,2,685,1.57,netbanking,0.778,0
pay_06184,cust_0857,2918.56,insufficient_funds,1,14,4,957,2.61,card,0.778,1
pay_06185,cust_0410,709.8,insufficient_funds,3,13,0,371,3.5,upi,1.0,0
pay_06186,cust_2310,370.34,authentication_failed,2,12,5,433,1.11,upi,0.706,0
pay_06187,cust_2175,8412.78,invalid_card,3,13,8,125,1.18,card,0.619,0
pay_06188,cust_2309,498.99,authentication_failed,2,1,2,575,2.99,upi,0.333,0
pay_06189,cust_0953,666.07,insufficient_funds,0,17,5,497,2.83,netbanking,0.773,0
pay_06190,cust_2278,4289.48,expired_card,0,14,7,329,4.19,card,0.667,0
pay_06191,cust_1595,213.49,insufficient_funds,3,18,0,730,3.08,netbanking,1.0,1
pay_06192,cust_0610,5595.43,invalid_card,3,8,8,983,1.35,netbanking,0.5,0
pay_06193,cust_0003,355.68,authentication_failed,1,14,2,448,3.93,netbanking,0.875,0
pay_06194,cust_0027,8374.76,invalid_card,1,9,1,867,4.98,card,0.9,1
pay_06195,cust_1889,908.3,authentication_failed,3,16,2,365,4.04,netbanking,0.889,0
pay_06196,cust_2151,1308.81,expired_card,2,15,1,516,2.24,card,0.938,1
pay_06197,cust_1656,730.92,expired_card,3,11,5,905,1.75,upi,0.688,0
pay_06198,cust_0271,277.99,expired_card,0,19,5,264,0.88,card,0.792,0
pay_06199,cust_2219,1211.77,bank_timeout,2,16,6,814,4.0,card,0.727,1
pay_06200,cust_1078,6931.66,invalid_card,0,15,4,207,1.88,card,0.789,1
pay_06201,cust_0338,8216.51,invalid_card,3,3,7,701,1.89,netbanking,0.3,0
pay_06202,cust_0513,1091.25,authentication_failed,0,7,3,310,4.64,upi,0.7,0
pay_06203,cust_1065,398.66,expired_card,0,17,5,677,0.37,upi,0.773,0
pay_06204,cust_1758,1996.78,bank_timeout,1,8,8,439,0.5,upi,0.5,1
pay_06205,cust_1755,754.86,expired_card,2,17,6,649,4.63,card,0.739,0
pay_06206,cust_1017,361.83,invalid_card,3,0,3,915,3.33,netbanking,0.0,0
pay_06207,cust_0212,6543.95,insufficient_funds,0,12,8,201,4.65,upi,0.6,0
pay_06208,cust_0332,8836.43,invalid_card,2,15,4,951,0.93,card,0.789,0
pay_06209,cust_1410,208.9,insufficient_funds,1,13,0,735,2.06,netbanking,1.0,1
pay_06210,cust_0255,8538.65,insufficient_funds,0,18,0,846,1.61,netbanking,1.0,1
pay_06211,cust_1008,2275.18,expired_card,2,10,0,679,3.16,upi,1.0,0
pay_06212,cust_0137,1586.81,authentication_failed,1,0,2,94,4.8,card,0.0,0
pay_06213,cust_1339,512.96,expired_card,1,4,5,460,4.65,netbanking,0.444,0
pay_06214,cust_2088,433.41,expired_card,3,9,4,117,3.23,upi,0.692,0
pay_06215,cust_1736,1650.87,authentication_failed,2,15,1,466,3.24,netbanking,0.938,1
pay_06216,cust_2346,2456.66,invalid_card,1,20,6,577,4.25,netbanking,0.769,1
pay_06217,cust_0263,462.64,insufficient_funds,2,10,7,44,0.16,netbanking,0.588,0
pay_06218,cust_0067,1379.04,authentication_failed,0,20,2,569,3.17,card,0.909,0
pay_06219,cust_0319,2042.72,expired_card,0,2,6,59,0.58,upi,0.25,0
pay_06220,cust_0354,2427.42,bank_timeout,1,10,2,922,1.87,upi,0.833,0
pay_06221,cust_1843,1057.54,authentication_failed,2,20,4,311,0.12,netbanking,0.833,1
pay_06222,cust_0050,790.4,insufficient_funds,2,9,6,223,4.95,netbanking,0.6,0
pay_06223,cust_2068,1956.96,insufficient_funds,1,6,8,677,2.99,netbanking,0.429,1
pay_06224,cust_0999,3237.21,bank_timeout,3,9,3,406,1.54,netbanking,0.75,0
pay_06225,cust_2430,1894.44,expired_card,1,4,3,692,3.67,card,0.571,0
pay_06226,cust_0124,2548.77,invalid_card,1,16,2,468,2.54,upi,0.889,0
pay_06227,cust_0614,6635.35,invalid_card,0,14,8,810,0.44,netbanking,0.636,0
pay_06228,cust_1459,615.29,authentication_failed,1,6,8,415,3.74,netbanking,0.429,0
pay_06229,cust_0888,751.66,invalid_card,2,16,4,945,3.27,card,0.8,0
pay_06230,cust_2407,8902.14,expired_card,3,7,8,935,2.1,netbanking,0.467,0
pay_06231,cust_2236,356.78,insufficient_funds,1,9,7,865,0.46,upi,0.562,1
pay_06232,cust_2160,421.21,insufficient_funds,0,1,3,379,3.33,card,0.25,0
pay_06233,cust_1945,548.88,bank_timeout,2,17,7,929,3.92,upi,0.708,0
pay_06234,cust_2067,495.97,insufficient_funds,2,20,5,690,1.86,card,0.8,1
pay_06235,cust_2230,254.09,invalid_card,1,15,0,115,2.82,netbanking,1.0,0
pay_06236,cust_0479,3876.03,bank_timeout,1,12,0,474,3.07,netbanking,1.0,1
pay_06237,cust_1730,2501.98,authentication_failed,2,19,3,119,2.31,upi,0.864,1
pay_06238,cust_0810,477.75,invalid_card,3,9,3,373,4.2,card,0.75,1
pay_06239,cust_1489,3892.14,expired_card,1,9,2,921,4.99,netbanking,0.818,1
pay_06240,cust_1355,2630.16,insufficient_funds,1,9,5,88,1.06,netbanking,0.643,1
pay_06241,cust_1851,9186.91,authentication_failed,2,20,2,466,0.43,card,0.909,0
pay_06242,cust_1522,923.29,bank_timeout,3,1,0,176,0.43,netbanking,1.0,1
pay_06243,cust_0892,824.97,bank_timeout,1,18,8,761,2.28,card,0.692,1
pay_06244,cust_1148,838.14,bank_timeout,3,20,0,910,4.21,upi,1.0,1
pay_06245,cust_2189,1893.59,expired_card,1,0,7,68,2.52,netbanking,0.0,0
pay_06246,cust_0422,822.22,bank_timeout,1,17,8,353,0.67,card,0.68,1
pay_06247,cust_2082,2941.75,bank_timeout,0,3,2,416,4.57,card,0.6,1
pay_06248,cust_1448,2025.27,invalid_card,3,9,6,763,1.69,upi,0.6,0
pay_06249,cust_0099,1125.93,bank_timeout,2,16,2,679,1.66,upi,0.889,1
pay_06250,cust_0037,2500.91,expired_card,2,14,5,911,3.76,netbanking,0.737,0
pay_06251,cust_0035,2912.51,bank_timeout,2,20,2,184,3.82,upi,0.909,1
pay_06252,cust_2301,3020.02,expired_card,0,10,7,638,2.18,netbanking,0.588,0
pay_06253,cust_2272,909.35,insufficient_funds,3,12,1,117,0.35,card,0.923,0
pay_06254,cust_2454,3271.21,invalid_card,2,7,5,749,3.33,netbanking,0.583,0
pay_06255,cust_0314,5479.21,authentication_failed,3,5,1,301,2.65,card,0.833,1
pay_06256,cust_2282,2112.56,insufficient_funds,2,3,0,825,3.38,netbanking,1.0,0
pay_06257,cust_2393,272.52,expired_card,0,16,1,206,3.68,netbanking,0.941,1
pay_06258,cust_0526,453.5,insufficient_funds,3,13,3,993,3.2,upi,0.812,0
pay_06259,cust_0267,2018.89,invalid_card,1,19,3,883,4.18,netbanking,0.864,0
pay_06260,cust_0416,5002.09,invalid_card,3,8,8,300,2.21,netbanking,0.5,0
pay_06261,cust_1359,4178.87,insufficient_funds,1,0,4,222,3.4,upi,0.0,1
pay_06262,cust_0404,1379.63,insufficient_funds,1,2,0,781,2.11,netbanking,1.0,0
pay_06263,cust_0430,7651.8,insufficient_funds,3,14,2,913,0.66,upi,0.875,0
pay_06264,cust_1566,529.48,expired_card,2,6,4,398,1.42,netbanking,0.6,1
pay_06265,cust_1938,950.38,invalid_card,2,18,5,865,2.2,card,0.783,1
pay_06266,cust_1605,4406.77,expired_card,0,9,8,978,0.71,card,0.529,0
pay_06267,cust_0189,7774.57,expired_card,3,11,7,437,0.43,netbanking,0.611,0
pay_06268,cust_0177,4326.62,expired_card,1,10,4,513,2.46,upi,0.714,0
pay_06269,cust_0230,2634.48,authentication_failed,1,10,8,963,2.66,upi,0.556,0
pay_06270,cust_2337,7193.09,invalid_card,0,9,4,295,1.83,upi,0.692,0
pay_06271,cust_0928,252.65,expired_card,3,8,2,951,3.43,card,0.8,1
pay_06272,cust_2071,2202.33,authentication_failed,3,6,7,748,1.0,card,0.462,1
pay_06273,cust_1058,2172.93,bank_timeout,0,16,5,985,0.19,upi,0.762,1
pay_06274,cust_2151,375.07,authentication_failed,3,12,2,304,0.25,netbanking,0.857,0
pay_06275,cust_0523,366.87,authentication_failed,3,6,3,563,1.68,card,0.667,1
pay_06276,cust_2287,919.31,invalid_card,3,5,1,584,0.92,netbanking,0.833,0
pay_06277,cust_2005,470.33,invalid_card,1,12,3,653,2.28,upi,0.8,0
pay_06278,cust_1567,1784.87,bank_timeout,3,17,2,193,4.04,netbanking,0.895,0
pay_06279,cust_2111,1823.03,invalid_card,3,17,3,40,0.35,card,0.85,0
pay_06280,cust_0796,3570.58,authentication_failed,3,9,8,182,3.32,netbanking,0.529,0
pay_06281,cust_2238,951.68,insufficient_funds,1,19,0,793,3.77,netbanking,1.0,1
pay_06282,cust_0356,296.99,authentication_failed,3,3,6,749,1.01,card,0.333,0
pay_06283,cust_2062,339.74,insufficient_funds,1,1,4,563,4.17,netbanking,0.2,1
pay_06284,cust_1665,1857.65,invalid_card,0,3,5,586,3.77,netbanking,0.375,0
pay_06285,cust_2477,703.38,invalid_card,1,0,2,716,4.19,netbanking,0.0,1
pay_06286,cust_1724,7496.89,bank_timeout,3,13,6,212,2.92,netbanking,0.684,1
pay_06287,cust_2365,727.82,authentication_failed,0,14,5,713,4.03,netbanking,0.737,0
pay_06288,cust_1989,982.52,insufficient_funds,2,15,3,52,0.57,netbanking,0.833,0
pay_06289,cust_0535,835.69,expired_card,1,20,3,391,2.15,card,0.87,1
pay_06290,cust_0603,208.32,insufficient_funds,3,7,4,789,4.67,upi,0.636,0
pay_06291,cust_1916,1099.28,authentication_failed,0,19,0,702,0.62,netbanking,1.0,0
pay_06292,cust_0307,8574.88,bank_timeout,0,13,8,998,2.16,card,0.619,0
pay_06293,cust_1002,322.03,expired_card,1,11,8,814,4.78,card,0.579,0
pay_06294,cust_0253,3292.65,invalid_card,0,11,1,504,1.39,upi,0.917,0
pay_06295,cust_1807,877.11,invalid_card,3,9,7,666,2.68,upi,0.562,0
pay_06296,cust_1193,953.57,expired_card,2,12,8,826,3.51,card,0.6,0
pay_06297,cust_0419,295.22,authentication_failed,0,7,0,495,4.15,upi,1.0,1
pay_06298,cust_1482,750.07,authentication_failed,3,7,2,866,4.13,netbanking,0.778,1
pay_06299,cust_2410,1519.1,invalid_card,1,20,4,253,4.36,upi,0.833,0
pay_06300,cust_2451,373.51,invalid_card,1,14,7,690,4.97,card,0.667,0
pay_06301,cust_1624,234.79,insufficient_funds,3,2,6,931,1.98,netbanking,0.25,0
pay_06302,cust_2398,1533.69,expired_card,3,5,4,161,4.86,upi,0.556,0
pay_06303,cust_1122,2300.1,bank_timeout,3,3,7,983,3.38,netbanking,0.3,0
pay_06304,cust_0787,8679.74,invalid_card,0,8,3,452,1.45,netbanking,0.727,1
pay_06305,cust_2181,1750.02,authentication_failed,3,0,0,916,0.86,card,0.0,0
pay_06306,cust_0442,3776.57,insufficient_funds,2,7,3,298,1.53,card,0.7,0
pay_06307,cust_0469,585.69,insufficient_funds,0,20,2,182,4.6,upi,0.909,1
pay_06308,cust_0775,7370.98,bank_timeout,1,7,2,608,1.06,upi,0.778,1
pay_06309,cust_0909,525.99,bank_timeout,2,5,1,174,1.41,netbanking,0.833,1
pay_06310,cust_0168,1540.86,authentication_failed,0,0,6,305,4.02,upi,0.0,0
pay_06311,cust_2425,6172.21,authentication_failed,1,18,0,915,3.7,card,1.0,0
pay_06312,cust_1899,2162.25,expired_card,1,0,2,822,4.82,card,0.0,0
pay_06313,cust_1773,6856.89,bank_timeout,2,6,8,223,3.52,netbanking,0.429,0
pay_06314,cust_2007,612.6,invalid_card,2,19,0,965,4.65,netbanking,1.0,0
pay_06315,cust_2197,1285.04,authentication_failed,0,4,4,560,1.27,card,0.5,0
pay_06316,cust_2179,1898.03,expired_card,3,7,4,717,2.84,upi,0.636,0
pay_06317,cust_1347,4633.06,insufficient_funds,1,11,2,258,0.26,upi,0.846,0
pay_06318,cust_2262,1434.59,authentication_failed,2,4,0,287,1.84,upi,1.0,0
pay_06319,cust_0606,4164.31,bank_timeout,0,20,7,816,1.96,netbanking,0.741,1
pay_06320,cust_0466,6326.67,bank_timeout,2,9,0,54,4.08,netbanking,1.0,1
pay_06321,cust_0702,7961.75,invalid_card,3,18,5,135,0.87,netbanking,0.783,0
pay_06322,cust_0008,452.21,bank_timeout,1,1,0,38,3.38,netbanking,1.0,0
pay_06323,cust_0893,375.28,authentication_failed,1,3,0,232,4.28,card,1.0,1
pay_06324,cust_2228,2022.87,insufficient_funds,1,13,5,322,4.88,upi,0.722,1
pay_06325,cust_0322,951.69,authentication_failed,2,11,3,552,2.46,upi,0.786,1
pay_06326,cust_2337,789.99,insufficient_funds,1,4,8,262,2.4,upi,0.333,0
pay_06327,cust_1536,4781.12,bank_timeout,2,4,4,975,4.54,card,0.5,1
pay_06328,cust_1659,742.19,bank_timeout,0,0,1,793,1.53,card,0.0,0
pay_06329,cust_0402,3424.03,insufficient_funds,3,14,0,290,3.62,netbanking,1.0,1
pay_06330,cust_0046,554.54,expired_card,0,11,4,890,0.96,card,0.733,1
pay_06331,cust_0904,431.36,bank_timeout,1,17,8,145,1.88,upi,0.68,1
pay_06332,cust_1145,331.48,expired_card,3,18,1,765,1.79,card,0.947,0
pay_06333,cust_1372,2431.3,insufficient_funds,0,13,2,771,2.82,netbanking,0.867,1
pay_06334,cust_1589,851.59,expired_card,0,18,1,504,5.0,netbanking,0.947,1
pay_06335,cust_0816,2129.23,expired_card,0,10,5,304,3.92,upi,0.667,0
pay_06336,cust_1581,269.92,invalid_card,1,13,8,888,2.17,netbanking,0.619,1
pay_06337,cust_0176,9056.63,insufficient_funds,3,15,8,888,2.96,netbanking,0.652,0
pay_06338,cust_2159,1314.34,bank_timeout,1,19,8,790,3.06,card,0.704,1
pay_06339,cust_2133,439.66,expired_card,3,5,5,200,1.84,netbanking,0.5,0
pay_06340,cust_1318,1494.54,bank_timeout,2,6,1,775,1.05,netbanking,0.857,0
pay_06341,cust_0869,6543.75,expired_card,3,8,3,818,4.07,card,0.727,0
pay_06342,cust_0261,380.93,authentication_failed,1,3,4,402,2.31,upi,0.429,0
pay_06343,cust_1751,6598.92,invalid_card,0,18,4,440,4.5,card,0.818,0
pay_06344,cust_0422,1229.06,expired_card,2,9,8,990,4.66,card,0.529,1
pay_06345,cust_0483,2475.22,insufficient_funds,2,10,1,124,0.34,netbanking,0.909,1
pay_06346,cust_2203,474.73,expired_card,3,2,0,356,2.37,upi,1.0,0
pay_06347,cust_1906,487.86,insufficient_funds,2,20,2,960,4.92,netbanking,0.909,1
pay_06348,cust_1868,5697.55,insufficient_funds,1,4,8,749,3.77,upi,0.333,0
pay_06349,cust_2146,2167.57,invalid_card,0,12,5,361,3.28,netbanking,0.706,1
pay_06350,cust_2425,553.66,invalid_card,2,1,0,134,1.94,netbanking,1.0,0
pay_06351,cust_0427,2359.96,expired_card,0,12,2,256,0.17,card,0.857,1
pay_06352,cust_0107,503.19,insufficient_funds,1,6,5,33,4.34,netbanking,0.545,1
pay_06353,cust_1552,976.51,insufficient_funds,2,18,6,232,3.48,card,0.75,0
pay_06354,cust_1687,347.64,bank_timeout,0,15,0,421,0.82,card,1.0,1
pay_06355,cust_0591,5155.33,insufficient_funds,1,0,0,802,3.63,card,0.0,0
pay_06356,cust_0868,2247.3,bank_timeout,2,4,8,283,3.9,upi,0.333,0
pay_06357,cust_2285,229.5,insufficient_funds,2,8,2,749,4.46,card,0.8,1
pay_06358,cust_1625,570.92,bank_timeout,0,14,1,198,1.32,netbanking,0.933,1
pay_06359,cust_0765,2984.65,expired_card,1,8,3,951,1.95,card,0.727,1
pay_06360,cust_2092,391.15,bank_timeout,3,13,5,910,4.04,card,0.722,1
pay_06361,cust_2368,863.02,authentication_failed,3,10,5,455,4.05,netbanking,0.667,0
pay_06362,cust_1841,540.05,bank_timeout,2,7,0,741,1.33,upi,1.0,0
pay_06363,cust_0370,291.38,bank_timeout,2,9,1,327,2.89,netbanking,0.9,1
pay_06364,cust_0455,997.3,authentication_failed,1,10,6,687,0.54,upi,0.625,0
pay_06365,cust_2447,3941.83,authentication_failed,1,11,1,889,1.04,upi,0.917,1
pay_06366,cust_1954,2335.57,expired_card,0,16,4,705,2.64,netbanking,0.8,0
pay_06367,cust_0441,927.36,insufficient_funds,2,19,8,886,3.3,upi,0.704,0
pay_06368,cust_0713,9670.6,authentication_failed,1,14,8,543,2.63,card,0.636,1
pay_06369,cust_0002,1358.8,insufficient_funds,0,13,2,650,3.81,netbanking,0.867,1
pay_06370,cust_1239,241.75,invalid_card,2,15,1,840,0.81,netbanking,0.938,0
pay_06371,cust_2043,305.28,authentication_failed,0,6,6,849,0.38,card,0.5,0
pay_06372,cust_1264,647.03,insufficient_funds,1,10,4,786,3.49,upi,0.714,1
pay_06373,cust_2197,2562.57,expired_card,3,18,2,203,2.87,upi,0.9,1
pay_06374,cust_0641,305.89,invalid_card,1,3,7,916,2.19,netbanking,0.3,0
pay_06375,cust_2436,479.2,expired_card,0,8,4,845,1.19,card,0.667,1
pay_06376,cust_0355,804.45,authentication_failed,0,15,0,929,0.31,upi,1.0,1
pay_06377,cust_1821,4676.47,bank_timeout,0,0,0,953,4.23,upi,0.0,0
pay_06378,cust_0820,993.24,authentication_failed,2,18,1,917,1.35,netbanking,0.947,1
pay_06379,cust_1572,8041.31,bank_timeout,0,17,0,73,2.95,netbanking,1.0,0
pay_06380,cust_2051,408.89,authentication_failed,2,3,4,688,4.57,netbanking,0.429,1
pay_06381,cust_2006,5747.06,insufficient_funds,3,10,4,404,3.89,upi,0.714,1
pay_06382,cust_0075,7974.91,authentication_failed,2,15,7,986,3.52,card,0.682,0
pay_06383,cust_2346,856.29,authentication_failed,2,18,7,718,2.75,netbanking,0.72,0
pay_06384,cust_0294,372.56,insufficient_funds,0,10,4,428,1.94,upi,0.714,1
pay_06385,cust_1598,6318.66,authentication_failed,1,12,4,567,0.55,card,0.75,1
pay_06386,cust_1014,2178.65,insufficient_funds,0,11,4,368,1.24,netbanking,0.733,1
pay_06387,cust_1267,239.23,invalid_card,3,11,1,601,4.46,netbanking,0.917,0
pay_06388,cust_2401,1508.62,insufficient_funds,0,13,8,529,4.56,card,0.619,0
pay_06389,cust_2288,390.58,bank_timeout,2,16,4,517,0.73,netbanking,0.8,1
pay_06390,cust_0491,685.1,invalid_card,1,6,0,578,0.49,netbanking,1.0,0
pay_06391,cust_1894,241.41,bank_timeout,1,1,4,294,0.47,upi,0.2,1
pay_06392,cust_1615,8759.98,bank_timeout,2,18,4,909,3.99,upi,0.818,0
pay_06393,cust_0228,876.39,invalid_card,1,18,3,803,3.8,upi,0.857,1
pay_06394,cust_1562,333.95,insufficient_funds,1,18,5,803,3.55,card,0.783,1
pay_06395,cust_2011,2787.54,bank_timeout,0,15,6,90,2.45,upi,0.714,0
pay_06396,cust_2138,346.48,authentication_failed,1,1,8,345,1.94,upi,0.111,0
pay_06397,cust_1003,1934.98,invalid_card,1,9,4,985,3.62,card,0.692,0
pay_06398,cust_0149,2981.65,bank_timeout,2,4,0,947,2.27,netbanking,1.0,1
pay_06399,cust_2053,2202.62,invalid_card,1,5,7,932,0.49,upi,0.417,0
pay_06400,cust_0567,423.64,insufficient_funds,3,14,0,555,1.26,netbanking,1.0,1
pay_06401,cust_0845,6690.82,authentication_failed,1,6,8,161,4.96,upi,0.429,1
pay_06402,cust_1979,7735.58,bank_timeout,2,5,8,790,2.74,card,0.385,1
pay_06403,cust_1458,547.79,authentication_failed,0,0,0,213,1.13,upi,0.0,1
pay_06404,cust_2369,433.51,bank_timeout,2,11,1,447,1.11,upi,0.917,1
pay_06405,cust_2101,6527.43,insufficient_funds,2,14,5,301,3.48,card,0.737,1
pay_06406,cust_2236,442.09,invalid_card,0,17,8,926,3.31,upi,0.68,1
pay_06407,cust_2470,3779.51,insufficient_funds,1,17,4,63,0.63,upi,0.81,1
pay_06408,cust_0370,815.22,bank_timeout,3,18,0,92,4.41,upi,1.0,1
pay_06409,cust_1882,656.64,invalid_card,0,17,6,629,2.63,upi,0.739,1
pay_06410,cust_2195,5955.17,insufficient_funds,2,19,2,941,3.61,netbanking,0.905,1
pay_06411,cust_1966,5599.45,authentication_failed,1,12,0,755,2.07,upi,1.0,1
pay_06412,cust_0592,1613.51,authentication_failed,1,1,3,259,1.77,netbanking,0.25,0
pay_06413,cust_0112,1786.45,expired_card,1,17,4,724,2.25,card,0.81,1
pay_06414,cust_0330,9632.45,bank_timeout,3,7,6,488,4.19,card,0.538,0
pay_06415,cust_0611,273.72,authentication_failed,2,18,7,393,3.35,upi,0.72,0
pay_06416,cust_1022,208.17,invalid_card,2,16,1,114,0.2,card,0.941,0
pay_06417,cust_1389,2529.33,invalid_card,1,13,1,906,3.06,upi,0.929,1
pay_06418,cust_2178,888.87,invalid_card,2,17,5,848,2.77,card,0.773,0
pay_06419,cust_0601,286.03,authentication_failed,3,12,2,707,4.36,upi,0.857,0
pay_06420,cust_1577,787.46,expired_card,1,9,8,912,3.35,card,0.529,0
pay_06421,cust_1407,4236.5,authentication_failed,0,16,8,71,2.02,upi,0.667,1
pay_06422,cust_0847,918.55,insufficient_funds,2,2,3,509,4.66,upi,0.4,0
pay_06423,cust_0705,6069.16,expired_card,0,20,6,665,1.74,card,0.769,0
pay_06424,cust_2247,477.14,invalid_card,1,20,0,912,4.3,card,1.0,0
pay_06425,cust_0259,2511.74,invalid_card,1,16,7,861,1.63,card,0.696,0
pay_06426,cust_1169,8332.23,authentication_failed,0,4,2,374,4.9,netbanking,0.667,0
pay_06427,cust_2305,230.6,bank_timeout,2,5,1,341,3.96,upi,0.833,1
pay_06428,cust_1298,424.08,insufficient_funds,3,0,5,666,2.73,upi,0.0,0
pay_06429,cust_2319,1048.79,invalid_card,3,3,4,616,3.92,netbanking,0.429,0
pay_06430,cust_0818,8703.38,authentication_failed,2,11,7,853,1.64,card,0.611,1
pay_06431,cust_1055,5590.77,bank_timeout,2,11,0,388,4.12,netbanking,1.0,1
pay_06432,cust_0603,283.1,expired_card,0,19,2,206,3.13,upi,0.905,1
pay_06433,cust_0800,2192.91,authentication_failed,2,8,5,763,3.06,card,0.615,0
pay_06434,cust_1298,1601.17,insufficient_funds,1,7,0,653,3.66,card,1.0,1
pay_06435,cust_1891,796.94,authentication_failed,3,2,8,170,4.41,upi,0.2,0
pay_06436,cust_1342,1837.37,bank_timeout,0,0,2,876,1.24,upi,0.0,1
pay_06437,cust_0071,230.78,bank_timeout,3,7,3,642,2.74,card,0.7,0
pay_06438,cust_1679,6713.54,bank_timeout,0,11,3,953,2.9,upi,0.786,0
pay_06439,cust_0354,946.87,invalid_card,2,13,0,304,3.82,card,1.0,1
pay_06440,cust_1692,4781.52,authentication_failed,2,4,1,762,0.47,upi,0.8,0
pay_06441,cust_1681,807.08,insufficient_funds,1,13,1,916,1.76,card,0.929,1
pay_06442,cust_2275,1039.5,invalid_card,3,7,8,620,2.84,upi,0.467,0
pay_06443,cust_0621,2992.6,authentication_failed,0,20,5,679,2.52,upi,0.8,0
pay_06444,cust_0899,296.82,invalid_card,0,16,2,957,4.22,card,0.889,1
pay_06445,cust_1464,500.83,insufficient_funds,1,19,0,728,4.56,upi,1.0,0
pay_06446,cust_1335,2928.61,authentication_failed,0,14,8,756,2.88,netbanking,0.636,1
pay_06447,cust_0826,616.92,invalid_card,0,6,0,736,0.59,upi,1.0,1
pay_06448,cust_0557,2170.68,invalid_card,0,6,4,146,0.4,card,0.6,1
pay_06449,cust_2441,1776.28,bank_timeout,0,1,6,541,0.24,upi,0.143,0
pay_06450,cust_1623,460.44,bank_timeout,0,15,7,278,4.77,upi,0.682,0
pay_06451,cust_0648,9144.13,authentication_failed,0,11,2,544,3.01,card,0.846,1
pay_06452,cust_0257,830.07,insufficient_funds,2,11,2,708,1.65,netbanking,0.846,1
pay_06453,cust_1877,312.64,expired_card,2,3,1,463,3.36,netbanking,0.75,1
pay_06454,cust_1560,377.85,expired_card,2,4,6,893,4.9,card,0.4,0
pay_06455,cust_1686,9620.0,invalid_card,3,19,0,82,4.93,netbanking,1.0,0
pay_06456,cust_2285,251.42,expired_card,1,15,6,307,3.39,card,0.714,1
pay_06457,cust_1189,981.19,expired_card,0,7,1,926,0.59,card,0.875,1
pay_06458,cust_1514,875.4,insufficient_funds,3,16,4,657,4.6,netbanking,0.8,0
pay_06459,cust_2065,1692.44,bank_timeout,0,3,3,75,0.84,card,0.5,0
pay_06460,cust_0526,258.02,bank_timeout,3,2,3,906,1.07,upi,0.4,0
pay_06461,cust_2294,277.13,bank_timeout,3,20,5,685,4.17,card,0.8,1
pay_06462,cust_1968,1170.33,authentication_failed,0,12,6,93,2.29,upi,0.667,0
pay_06463,cust_1781,4464.72,authentication_failed,2,16,5,333,3.0,card,0.762,0
pay_06464,cust_1397,231.16,insufficient_funds,1,4,6,686,2.96,upi,0.4,0
pay_06465,cust_0976,320.52,insufficient_funds,1,2,0,659,1.75,upi,1.0,0
pay_06466,cust_0728,982.07,bank_timeout,2,19,6,873,2.85,netbanking,0.76,0
pay_06467,cust_1073,294.48,invalid_card,0,10,1,251,2.62,upi,0.909,0
pay_06468,cust_0701,2540.87,authentication_failed,1,8,6,896,0.33,netbanking,0.571,0
pay_06469,cust_0616,1604.91,bank_timeout,3,19,1,784,1.04,upi,0.95,0
pay_06470,cust_2072,349.31,authentication_failed,3,2,8,573,4.02,upi,0.2,0
pay_06471,cust_2439,9289.6,invalid_card,0,11,4,396,3.55,upi,0.733,0
pay_06472,cust_0034,9429.5,insufficient_funds,0,6,6,351,0.44,card,0.5,0
pay_06473,cust_0757,201.51,bank_timeout,2,20,7,216,4.28,upi,0.741,0
pay_06474,cust_1360,376.92,bank_timeout,2,6,5,865,1.33,card,0.545,0
pay_06475,cust_0419,2276.31,bank_timeout,3,7,6,227,4.49,upi,0.538,0
pay_06476,cust_1336,1708.33,bank_timeout,0,9,5,256,0.54,card,0.643,1
pay_06477,cust_0150,5603.99,invalid_card,0,14,1,255,1.79,netbanking,0.933,1
pay_06478,cust_1318,219.24,invalid_card,2,15,1,177,2.32,card,0.938,1
pay_06479,cust_2497,5127.91,authentication_failed,1,7,3,86,2.17,card,0.7,0
pay_06480,cust_1416,6152.51,insufficient_funds,2,10,2,753,0.78,card,0.833,0
pay_06481,cust_0631,6039.05,invalid_card,0,1,1,862,0.94,netbanking,0.5,0
pay_06482,cust_0188,364.31,invalid_card,2,17,8,758,3.02,card,0.68,0
pay_06483,cust_1013,6574.19,authentication_failed,2,9,0,407,0.78,card,1.0,0
pay_06484,cust_1328,391.74,expired_card,2,6,2,928,3.08,upi,0.75,0
pay_06485,cust_0203,352.23,expired_card,1,15,5,33,3.85,upi,0.75,0
pay_06486,cust_1765,951.83,bank_timeout,0,11,3,551,2.02,upi,0.786,1
pay_06487,cust_0781,2118.42,bank_timeout,2,2,8,309,1.55,card,0.2,0
pay_06488,cust_1767,578.09,expired_card,3,20,7,221,2.29,upi,0.741,0
pay_06489,cust_0358,438.53,insufficient_funds,0,16,2,710,3.0,netbanking,0.889,1
pay_06490,cust_2223,5403.02,bank_timeout,0,7,2,116,3.33,netbanking,0.778,0
pay_06491,cust_1370,9161.02,invalid_card,1,14,6,104,0.34,card,0.7,1
pay_06492,cust_0565,9120.27,invalid_card,2,20,7,270,0.84,netbanking,0.741,0
pay_06493,cust_1719,2502.23,insufficient_funds,0,3,2,368,0.15,card,0.6,1
pay_06494,cust_1515,936.2,expired_card,3,1,2,316,4.6,card,0.333,0
pay_06495,cust_1447,8572.41,invalid_card,3,18,3,322,4.96,upi,0.857,1
pay_06496,cust_0777,565.7,insufficient_funds,0,5,7,245,1.01,card,0.417,1
pay_06497,cust_0126,1018.71,expired_card,2,9,4,432,4.09,card,0.692,0
pay_06498,cust_0758,749.5,authentication_failed,3,4,7,210,1.45,card,0.364,0
pay_06499,cust_0993,1334.57,expired_card,3,12,2,683,2.81,card,0.857,0
pay_06500,cust_0617,2207.6,authentication_failed,3,11,6,403,1.91,card,0.647,0
pay_06501,cust_2259,2792.34,insufficient_funds,0,0,8,849,3.84,card,0.0,1
pay_06502,cust_1797,226.98,invalid_card,1,3,8,218,3.39,netbanking,0.273,0
pay_06503,cust_1081,8337.26,expired_card,2,12,6,717,3.35,netbanking,0.667,0
pay_06504,cust_1368,3196.45,bank_timeout,2,2,3,777,0.39,upi,0.4,1
pay_06505,cust_1672,1920.23,invalid_card,2,19,4,106,3.86,netbanking,0.826,0
pay_06506,cust_1184,1640.34,bank_timeout,0,11,7,928,4.08,upi,0.611,1
pay_06507,cust_1114,384.61,expired_card,0,5,2,190,3.68,netbanking,0.714,1
pay_06508,cust_1349,9827.27,invalid_card,0,2,6,749,1.65,netbanking,0.25,0
pay_06509,cust_0023,447.79,authentication_failed,3,19,1,860,1.92,upi,0.95,1
pay_06510,cust_1142,8111.85,authentication_failed,0,4,6,868,2.54,card,0.4,0
pay_06511,cust_2107,627.22,expired_card,3,8,7,546,1.55,card,0.533,0
pay_06512,cust_1315,1127.3,invalid_card,2,19,3,787,2.5,card,0.864,1
pay_06513,cust_2426,900.87,insufficient_funds,1,1,1,444,0.38,upi,0.5,0
pay_06514,cust_0571,6459.84,bank_timeout,2,12,8,960,1.88,netbanking,0.6,0
pay_06515,cust_1400,1741.61,invalid_card,3,11,3,783,3.14,upi,0.786,0
pay_06516,cust_0669,444.07,authentication_failed,0,11,4,542,4.94,upi,0.733,0
pay_06517,cust_1030,678.62,expired_card,0,11,8,950,1.07,netbanking,0.579,1
pay_06518,cust_1819,2356.02,expired_card,3,0,2,799,1.46,card,0.0,0
pay_06519,cust_0516,2434.78,authentication_failed,1,14,4,285,3.59,upi,0.778,0
pay_06520,cust_1685,5543.85,insufficient_funds,1,9,2,847,0.96,card,0.818,1
pay_06521,cust_1329,416.71,expired_card,0,1,6,162,0.26,upi,0.143,0
pay_06522,cust_0135,244.83,bank_timeout,3,1,4,641,3.31,upi,0.2,1
pay_06523,cust_0002,239.92,insufficient_funds,2,10,2,434,0.52,card,0.833,1
pay_06524,cust_0573,3895.27,insufficient_funds,2,18,2,815,2.26,card,0.9,1
pay_06525,cust_2014,465.55,authentication_failed,1,0,1,41,0.34,netbanking,0.0,0
pay_06526,cust_1113,492.9,insufficient_funds,1,11,1,819,3.35,netbanking,0.917,1
pay_06527,cust_2270,2231.62,invalid_card,2,18,4,483,2.58,upi,0.818,0
pay_06528,cust_2421,474.58,insufficient_funds,0,13,4,428,1.97,upi,0.765,1
pay_06529,cust_0888,714.74,authentication_failed,3,12,8,744,4.15,upi,0.6,0
pay_06530,cust_1200,5230.51,invalid_card,3,7,5,480,3.94,card,0.583,1
pay_06531,cust_1214,1659.81,expired_card,3,17,3,821,1.08,card,0.85,1
pay_06532,cust_1087,834.06,authentication_failed,1,5,7,80,4.64,card,0.417,0
pay_06533,cust_1361,288.65,bank_timeout,1,4,0,867,3.72,upi,1.0,0
pay_06534,cust_2166,376.78,expired_card,1,12,6,128,3.42,netbanking,0.667,1
pay_06535,cust_1003,2990.69,bank_timeout,2,4,5,919,2.62,netbanking,0.444,0
pay_06536,cust_0851,547.63,invalid_card,3,16,5,407,3.88,netbanking,0.762,0
pay_06537,cust_1657,6333.3,authentication_failed,0,5,8,145,4.34,card,0.385,0
pay_06538,cust_1312,980.89,insufficient_funds,2,3,6,541,3.37,upi,0.333,1
pay_06539,cust_0089,248.5,invalid_card,1,8,0,132,0.2,netbanking,1.0,0
pay_06540,cust_1881,399.84,authentication_failed,2,18,3,87,3.21,netbanking,0.857,1
pay_06541,cust_0006,457.99,bank_timeout,1,18,4,908,0.54,upi,0.818,1
pay_06542,cust_0482,968.9,authentication_failed,1,2,7,382,2.22,card,0.222,0
pay_06543,cust_0288,3797.68,authentication_failed,2,9,1,782,4.66,upi,0.9,0
pay_06544,cust_2254,5394.03,bank_timeout,0,13,2,412,1.19,upi,0.867,1
pay_06545,cust_1750,823.15,insufficient_funds,2,11,7,948,1.47,netbanking,0.611,1
pay_06546,cust_0516,900.86,invalid_card,0,10,4,189,1.66,upi,0.714,1
pay_06547,cust_0898,3905.29,invalid_card,0,20,7,712,2.62,card,0.741,0
pay_06548,cust_2016,9662.76,expired_card,0,20,3,110,3.74,card,0.87,0
pay_06549,cust_0856,9692.48,invalid_card,2,7,6,532,0.65,card,0.538,0
pay_06550,cust_0862,888.59,insufficient_funds,2,18,5,220,0.87,upi,0.783,1
pay_06551,cust_2428,459.12,insufficient_funds,0,17,5,73,3.31,upi,0.773,1
pay_06552,cust_2323,343.72,authentication_failed,3,0,8,644,2.84,netbanking,0.0,0
pay_06553,cust_0199,211.49,insufficient_funds,1,4,0,267,2.06,netbanking,1.0,1
pay_06554,cust_2305,6942.92,insufficient_funds,3,18,0,491,0.75,card,1.0,1
pay_06555,cust_2058,1498.0,invalid_card,3,19,0,684,2.94,netbanking,1.0,1
pay_06556,cust_0197,245.9,expired_card,3,0,0,535,4.92,upi,0.0,0
pay_06557,cust_0333,955.11,insufficient_funds,3,6,0,838,1.61,card,1.0,0
pay_06558,cust_2366,425.03,insufficient_funds,2,7,0,130,0.61,upi,1.0,1
pay_06559,cust_0275,386.89,bank_timeout,0,1,7,351,1.3,netbanking,0.125,0
pay_06560,cust_1318,879.5,bank_timeout,2,6,7,386,1.93,upi,0.462,0
pay_06561,cust_1085,2098.87,bank_timeout,0,8,8,372,4.29,upi,0.5,1
pay_06562,cust_1633,2662.11,expired_card,3,7,8,989,2.88,netbanking,0.467,0
pay_06563,cust_0063,712.53,expired_card,3,4,8,901,0.49,card,0.333,0
pay_06564,cust_1313,509.8,bank_timeout,0,15,1,116,1.47,card,0.938,1
pay_06565,cust_1903,9621.94,insufficient_funds,2,14,0,893,0.6,upi,1.0,0
pay_06566,cust_1004,6099.33,invalid_card,0,16,2,310,3.86,netbanking,0.889,0
pay_06567,cust_1125,981.49,expired_card,0,1,5,302,0.5,card,0.167,0
pay_06568,cust_2081,7189.79,invalid_card,2,4,6,285,3.64,upi,0.4,0
pay_06569,cust_0858,490.19,bank_timeout,3,8,1,945,4.4,netbanking,0.889,1
pay_06570,cust_1273,665.91,authentication_failed,3,4,1,444,0.71,upi,0.8,1
pay_06571,cust_1724,375.51,invalid_card,3,8,8,492,3.17,upi,0.5,0
pay_06572,cust_2063,735.8,insufficient_funds,2,15,0,302,3.95,upi,1.0,0
pay_06573,cust_1575,9387.57,insufficient_funds,1,1,3,528,2.15,upi,0.25,0
pay_06574,cust_0460,3732.37,invalid_card,1,3,2,154,3.71,upi,0.6,0
pay_06575,cust_0739,2699.1,invalid_card,1,20,1,520,4.01,upi,0.952,1
pay_06576,cust_1205,2945.75,invalid_card,2,12,0,888,4.82,netbanking,1.0,1
pay_06577,cust_0444,1734.78,invalid_card,3,3,4,803,0.84,netbanking,0.429,0
pay_06578,cust_0752,3418.27,authentication_failed,3,4,2,284,3.4,netbanking,0.667,1
pay_06579,cust_0943,862.32,authentication_failed,3,18,7,253,0.9,upi,0.72,0
pay_06580,cust_2327,816.82,authentication_failed,3,11,8,412,3.14,upi,0.579,0
pay_06581,cust_2484,272.42,authentication_failed,0,19,4,404,0.46,upi,0.826,1
pay_06582,cust_1859,1978.11,authentication_failed,2,18,5,85,1.93,netbanking,0.783,0
pay_06583,cust_1578,6091.83,authentication_failed,3,7,7,320,4.73,card,0.5,0
pay_06584,cust_0077,2715.68,invalid_card,1,2,5,916,2.47,upi,0.286,0
pay_06585,cust_0600,1761.41,invalid_card,1,19,8,960,4.95,upi,0.704,0
pay_06586,cust_2398,339.73,insufficient_funds,3,13,6,90,3.62,upi,0.684,0
pay_06587,cust_1482,566.55,expired_card,0,6,0,368,0.89,upi,1.0,1
pay_06588,cust_1618,279.34,authentication_failed,0,14,0,437,2.22,netbanking,1.0,1
pay_06589,cust_0937,294.34,bank_timeout,0,3,4,780,0.24,netbanking,0.429,1
pay_06590,cust_2416,656.19,authentication_failed,1,19,7,31,4.21,card,0.731,0
pay_06591,cust_1197,758.2,bank_timeout,3,1,3,445,0.44,upi,0.25,1
pay_06592,cust_2396,7503.74,expired_card,2,14,6,918,4.03,card,0.7,0
pay_06593,cust_1931,4748.12,authentication_failed,2,4,5,341,0.74,upi,0.444,0
pay_06594,cust_1886,9159.76,authentication_failed,2,18,8,974,0.94,upi,0.692,0
pay_06595,cust_1549,1620.29,authentication_failed,2,6,7,403,3.95,card,0.462,0
pay_06596,cust_1109,367.86,insufficient_funds,2,3,0,110,0.13,netbanking,1.0,0
pay_06597,cust_2189,476.51,expired_card,2,14,1,235,2.52,netbanking,0.933,1
pay_06598,cust_2425,2383.26,authentication_failed,0,20,8,235,3.86,netbanking,0.714,1
pay_06599,cust_0018,633.64,expired_card,3,1,7,389,0.57,upi,0.125,0
pay_06600,cust_2316,746.7,authentication_failed,3,8,1,455,3.99,upi,0.889,0
pay_06601,cust_1857,270.75,expired_card,1,10,5,424,3.46,upi,0.667,0
pay_06602,cust_0430,2869.28,insufficient_funds,1,17,7,779,4.74,netbanking,0.708,1
pay_06603,cust_0544,2765.48,invalid_card,3,1,4,327,2.91,card,0.2,0
pay_06604,cust_1668,740.53,invalid_card,2,20,8,538,2.98,netbanking,0.714,1
pay_06605,cust_0784,462.76,authentication_failed,2,6,6,374,3.03,netbanking,0.5,0
pay_06606,cust_0008,1557.52,expired_card,1,5,3,247,4.31,netbanking,0.625,0
pay_06607,cust_0035,2184.33,invalid_card,3,18,3,191,4.66,card,0.857,0
pay_06608,cust_1352,237.96,invalid_card,0,16,8,397,4.09,netbanking,0.667,0
pay_06609,cust_2226,419.63,authentication_failed,0,5,5,940,1.61,upi,0.5,1
pay_06610,cust_0569,1067.01,authentication_failed,2,0,4,226,0.31,netbanking,0.0,0
pay_06611,cust_2337,9043.25,expired_card,0,10,4,732,2.42,upi,0.714,0
pay_06612,cust_2375,370.32,invalid_card,2,15,0,512,0.71,netbanking,1.0,1
pay_06613,cust_0078,7578.4,authentication_failed,1,15,2,771,1.41,upi,0.882,1
pay_06614,cust_0128,450.98,invalid_card,3,3,1,597,2.6,card,0.75,0
pay_06615,cust_0586,623.68,invalid_card,0,6,2,939,4.16,netbanking,0.75,1
pay_06616,cust_2231,1091.4,authentication_failed,0,16,7,288,3.14,upi,0.696,0
pay_06617,cust_0126,5573.82,bank_timeout,2,3,4,91,4.74,upi,0.429,0
pay_06618,cust_0751,315.36,authentication_failed,2,20,6,111,3.87,upi,0.769,0
pay_06619,cust_2284,1297.44,bank_timeout,3,4,1,105,2.61,upi,0.8,1
pay_06620,cust_0287,2779.59,bank_timeout,3,5,0,294,2.55,card,1.0,1
pay_06621,cust_1660,1196.08,insufficient_funds,1,10,0,455,4.26,card,1.0,1
pay_06622,cust_2403,1355.31,expired_card,3,20,8,686,3.85,upi,0.714,0
pay_06623,cust_0883,223.75,expired_card,0,3,5,153,2.15,netbanking,0.375,1
pay_06624,cust_1716,374.13,insufficient_funds,1,9,6,286,3.32,netbanking,0.6,0
pay_06625,cust_2277,213.19,invalid_card,3,15,3,52,2.93,card,0.833,1
pay_06626,cust_0974,384.6,insufficient_funds,0,11,2,230,1.42,card,0.846,1
pay_06627,cust_2155,560.93,bank_timeout,2,14,1,479,2.32,card,0.933,0
pay_06628,cust_0381,7158.33,invalid_card,1,0,3,434,0.16,card,0.0,0
pay_06629,cust_1965,7957.15,insufficient_funds,3,16,4,825,1.46,card,0.8,1
pay_06630,cust_1942,7650.6,bank_timeout,2,3,3,720,0.59,card,0.5,1
pay_06631,cust_2498,807.98,authentication_failed,3,17,0,873,3.96,upi,1.0,0
pay_06632,cust_0203,3805.33,invalid_card,3,17,5,470,2.64,card,0.773,0
pay_06633,cust_0253,9198.49,bank_timeout,1,19,0,313,1.87,upi,1.0,1
pay_06634,cust_1477,346.66,expired_card,1,11,7,181,0.74,upi,0.611,0
pay_06635,cust_0836,789.47,authentication_failed,2,10,8,946,1.14,netbanking,0.556,0
pay_06636,cust_1756,201.19,authentication_failed,1,6,0,938,4.44,card,1.0,0
pay_06637,cust_1894,4028.08,expired_card,2,11,3,845,3.85,card,0.786,1
pay_06638,cust_0601,1280.87,authentication_failed,1,10,7,444,3.16,card,0.588,1
pay_06639,cust_2270,2204.91,insufficient_funds,3,13,4,118,2.37,card,0.765,1
pay_06640,cust_2238,2369.52,expired_card,2,11,3,313,1.8,card,0.786,1
pay_06641,cust_0850,3769.13,insufficient_funds,0,1,5,385,3.01,card,0.167,0
pay_06642,cust_1894,871.85,expired_card,1,4,4,195,2.13,card,0.5,1
pay_06643,cust_0673,2205.19,insufficient_funds,2,13,5,763,1.46,netbanking,0.722,1
pay_06644,cust_1669,3857.08,bank_timeout,3,8,1,520,4.69,netbanking,0.889,1
pay_06645,cust_1619,9783.45,invalid_card,2,18,1,206,0.11,netbanking,0.947,0
pay_06646,cust_0780,5633.94,insufficient_funds,0,13,8,517,0.23,card,0.619,0
pay_06647,cust_0268,6047.74,insufficient_funds,1,17,2,250,1.11,upi,0.895,1
pay_06648,cust_2476,606.62,invalid_card,2,2,3,925,4.76,card,0.4,0
pay_06649,cust_0893,792.32,invalid_card,3,12,2,523,3.86,card,0.857,0
pay_06650,cust_0659,213.23,bank_timeout,2,2,6,689,1.49,netbanking,0.25,0
pay_06651,cust_1111,727.54,expired_card,1,4,3,678,0.5,netbanking,0.571,1
pay_06652,cust_1067,2364.84,insufficient_funds,1,0,3,128,4.94,upi,0.0,0
pay_06653,cust_1904,311.21,invalid_card,3,9,7,281,2.62,card,0.562,0
pay_06654,cust_1617,811.67,expired_card,2,12,4,504,0.86,upi,0.75,0
pay_06655,cust_1504,1848.2,expired_card,0,10,2,224,1.09,upi,0.833,1
pay_06656,cust_2377,419.87,bank_timeout,0,13,8,261,0.6,netbanking,0.619,0
pay_06657,cust_0748,377.3,bank_timeout,0,15,0,911,2.02,upi,1.0,1
pay_06658,cust_0355,8553.26,bank_timeout,3,1,0,547,2.4,card,1.0,0
pay_06659,cust_2077,219.29,insufficient_funds,1,20,7,650,2.77,card,0.741,1
pay_06660,cust_1245,2002.32,expired_card,3,11,8,627,4.88,netbanking,0.579,0
pay_06661,cust_2391,588.79,expired_card,2,0,3,671,0.56,upi,0.0,0
pay_06662,cust_0970,2439.2,authentication_failed,2,14,5,104,0.75,netbanking,0.737,1
pay_06663,cust_0724,1404.72,authentication_failed,1,8,1,890,0.4,card,0.889,1
pay_06664,cust_1119,456.72,insufficient_funds,2,13,3,257,2.95,netbanking,0.812,0
pay_06665,cust_2143,7905.68,invalid_card,2,9,3,708,0.95,netbanking,0.75,1
pay_06666,cust_2362,2330.27,bank_timeout,1,17,3,121,3.89,card,0.85,1
pay_06667,cust_0161,2121.53,expired_card,3,6,7,171,0.48,card,0.462,0
pay_06668,cust_0866,2995.49,authentication_failed,1,5,4,632,2.22,card,0.556,0
pay_06669,cust_2138,247.57,invalid_card,2,9,1,278,1.16,upi,0.9,0
pay_06670,cust_2108,231.46,insufficient_funds,2,17,1,140,4.29,card,0.944,1
pay_06671,cust_1039,894.06,expired_card,2,2,5,784,2.0,netbanking,0.286,0
pay_06672,cust_0792,467.16,invalid_card,3,10,6,351,3.41,card,0.625,0
pay_06673,cust_0496,932.1,authentication_failed,0,9,0,103,0.81,upi,1.0,1
pay_06674,cust_0563,9717.88,expired_card,1,16,8,936,3.4,card,0.667,1
pay_06675,cust_0812,1523.64,invalid_card,3,11,7,515,4.86,card,0.611,0
pay_06676,cust_1901,7467.84,invalid_card,1,14,2,418,1.65,card,0.875,0
pay_06677,cust_1770,1339.37,expired_card,3,11,5,872,4.82,card,0.688,0
pay_06678,cust_0263,733.93,invalid_card,1,10,0,221,0.66,card,1.0,0
pay_06679,cust_0671,567.09,bank_timeout,3,4,2,292,0.75,netbanking,0.667,0
pay_06680,cust_0583,257.98,invalid_card,1,4,3,61,0.87,card,0.571,0
pay_06681,cust_1386,505.96,bank_timeout,2,17,4,305,4.43,card,0.81,1
pay_06682,cust_1140,1395.5,authentication_failed,3,1,5,375,1.35,netbanking,0.167,0
pay_06683,cust_2166,678.43,authentication_failed,2,9,3,83,4.76,netbanking,0.75,1
pay_06684,cust_2334,580.71,insufficient_funds,1,5,8,921,4.36,upi,0.385,1
pay_06685,cust_0885,272.03,invalid_card,3,20,4,389,4.97,card,0.833,0
pay_06686,cust_0223,374.85,insufficient_funds,2,15,0,344,0.37,card,1.0,0
pay_06687,cust_0687,345.43,bank_timeout,1,19,5,935,1.9,netbanking,0.792,1
pay_06688,cust_1564,8585.11,bank_timeout,0,7,8,761,2.72,upi,0.467,1
pay_06689,cust_1847,827.03,bank_timeout,0,13,3,383,2.93,upi,0.812,1
pay_06690,cust_2428,891.08,bank_timeout,0,14,5,76,4.41,netbanking,0.737,1
pay_06691,cust_0406,621.83,bank_timeout,3,11,2,191,0.61,netbanking,0.846,0
pay_06692,cust_0450,8142.84,insufficient_funds,1,8,1,561,0.63,card,0.889,1
pay_06693,cust_2457,6790.23,insufficient_funds,1,10,3,457,4.0,upi,0.769,1
pay_06694,cust_0293,1191.54,authentication_failed,3,15,7,505,0.46,upi,0.682,0
pay_06695,cust_0124,929.03,bank_timeout,3,20,6,214,1.88,card,0.769,0
pay_06696,cust_1973,692.63,authentication_failed,0,12,1,397,2.76,upi,0.923,0
pay_06697,cust_0618,3078.34,invalid_card,2,17,0,679,2.76,upi,1.0,1
pay_06698,cust_1958,8431.64,authentication_failed,1,2,5,938,2.65,netbanking,0.286,1
pay_06699,cust_0778,5354.81,authentication_failed,3,7,2,404,2.43,upi,0.778,1
pay_06700,cust_1271,768.19,expired_card,2,4,3,620,3.11,card,0.571,0
pay_06701,cust_0447,9103.01,bank_timeout,0,7,7,402,3.06,card,0.5,0
pay_06702,cust_1155,5639.68,bank_timeout,2,4,8,818,0.5,card,0.333,0
pay_06703,cust_0710,318.13,insufficient_funds,0,7,8,951,0.17,card,0.467,1
pay_06704,cust_0736,1269.77,invalid_card,1,6,0,203,2.9,netbanking,1.0,1
pay_06705,cust_0934,896.32,invalid_card,2,1,3,262,4.02,netbanking,0.25,0
pay_06706,cust_0652,432.1,invalid_card,2,1,0,798,1.66,netbanking,1.0,0
pay_06707,cust_1339,314.52,bank_timeout,2,18,2,781,0.31,netbanking,0.9,1
pay_06708,cust_0276,2306.89,bank_timeout,2,3,8,707,3.76,card,0.273,0
pay_06709,cust_1187,266.38,authentication_failed,2,13,4,843,4.4,upi,0.765,0
pay_06710,cust_1475,795.99,invalid_card,2,10,3,157,3.22,upi,0.769,0
pay_06711,cust_1958,2182.47,bank_timeout,3,6,3,187,4.09,card,0.667,1
pay_06712,cust_2449,4208.38,insufficient_funds,1,3,7,766,0.14,card,0.3,1
pay_06713,cust_0874,1699.67,bank_timeout,3,4,4,139,3.28,card,0.5,0
pay_06714,cust_1849,521.85,invalid_card,0,15,1,702,2.15,upi,0.938,1
pay_06715,cust_0595,860.79,invalid_card,0,14,7,532,2.6,upi,0.667,0
pay_06716,cust_1255,483.49,invalid_card,3,17,7,108,0.43,upi,0.708,0
pay_06717,cust_1614,6443.04,expired_card,0,12,2,709,4.68,card,0.857,1
pay_06718,cust_1915,2488.58,expired_card,2,9,0,283,3.98,card,1.0,0
pay_06719,cust_0620,1868.98,bank_timeout,3,12,8,724,4.79,upi,0.6,0
pay_06720,cust_0667,1818.77,expired_card,2,2,1,856,3.7,upi,0.667,0
pay_06721,cust_1406,790.42,insufficient_funds,3,0,5,683,2.16,upi,0.0,0
pay_06722,cust_1565,851.97,bank_timeout,2,10,4,691,4.84,card,0.714,1
pay_06723,cust_0903,886.08,invalid_card,3,18,0,739,2.83,upi,1.0,0
pay_06724,cust_1941,964.64,authentication_failed,2,18,1,469,2.95,netbanking,0.947,1
pay_06725,cust_0495,718.32,authentication_failed,2,17,0,437,3.81,netbanking,1.0,1
pay_06726,cust_0886,8621.34,bank_timeout,3,8,7,854,2.5,netbanking,0.533,0
pay_06727,cust_2294,7975.45,invalid_card,3,3,7,497,0.95,upi,0.3,0
pay_06728,cust_0098,248.93,bank_timeout,0,2,4,353,0.25,card,0.333,1
pay_06729,cust_1773,239.63,authentication_failed,1,14,2,928,0.74,card,0.875,0
pay_06730,cust_1878,3373.32,authentication_failed,0,10,8,93,2.85,upi,0.556,1
pay_06731,cust_0827,1930.22,invalid_card,2,10,5,421,1.34,card,0.667,1
pay_06732,cust_0706,6726.22,expired_card,3,0,1,872,3.32,netbanking,0.0,0
pay_06733,cust_0378,1084.24,invalid_card,2,18,0,393,0.53,netbanking,1.0,1
pay_06734,cust_1527,2045.05,authentication_failed,0,5,0,803,3.29,netbanking,1.0,0
pay_06735,cust_0765,484.62,insufficient_funds,0,13,8,609,1.77,upi,0.619,0
pay_06736,cust_1652,720.94,authentication_failed,0,10,5,171,2.86,upi,0.667,0
pay_06737,cust_1086,386.76,bank_timeout,1,12,8,182,2.81,card,0.6,1
pay_06738,cust_1829,9632.44,insufficient_funds,2,15,2,958,0.36,upi,0.882,1
pay_06739,cust_0545,7484.34,bank_timeout,1,15,7,762,2.05,netbanking,0.682,0
pay_06740,cust_2304,274.58,authentication_failed,3,0,4,281,2.05,netbanking,0.0,0
pay_06741,cust_2172,1038.87,bank_timeout,3,8,2,263,0.45,upi,0.8,1
pay_06742,cust_1614,3855.52,bank_timeout,3,2,0,722,3.37,upi,1.0,1
pay_06743,cust_1831,6117.46,bank_timeout,0,5,4,66,1.67,netbanking,0.556,0
pay_06744,cust_2399,2101.83,authentication_failed,3,10,1,437,0.36,card,0.909,0
pay_06745,cust_0270,812.2,expired_card,2,14,3,68,0.1,card,0.824,0
pay_06746,cust_1941,894.32,expired_card,1,2,1,938,1.62,netbanking,0.667,1
pay_06747,cust_0069,1466.48,invalid_card,1,8,0,135,1.2,netbanking,1.0,0
pay_06748,cust_1392,2911.59,invalid_card,2,16,0,748,2.59,netbanking,1.0,0
pay_06749,cust_1470,568.39,expired_card,3,9,3,175,1.2,netbanking,0.75,0
pay_06750,cust_0677,2286.68,expired_card,0,8,0,415,2.66,card,1.0,0
pay_06751,cust_1118,3032.88,authentication_failed,3,3,1,184,0.27,upi,0.75,0
pay_06752,cust_0443,553.84,authentication_failed,0,11,5,786,2.02,card,0.688,1
pay_06753,cust_0475,853.14,authentication_failed,3,0,7,792,4.25,netbanking,0.0,0
pay_06754,cust_0156,1347.04,invalid_card,1,3,7,740,1.81,card,0.3,0
pay_06755,cust_0681,625.1,expired_card,2,8,7,160,3.36,netbanking,0.533,0
pay_06756,cust_0404,3928.98,expired_card,2,0,0,520,0.29,netbanking,0.0,0
pay_06757,cust_1238,262.43,invalid_card,2,8,1,356,0.62,card,0.889,0
pay_06758,cust_0943,2618.36,insufficient_funds,3,0,1,221,2.4,card,0.0,1
pay_06759,cust_2160,253.39,bank_timeout,2,0,2,735,2.07,netbanking,0.0,0
pay_06760,cust_1324,2086.86,expired_card,0,1,0,868,2.07,card,1.0,0
pay_06761,cust_2448,498.52,authentication_failed,1,7,8,498,2.81,card,0.467,1
pay_06762,cust_0544,451.78,insufficient_funds,0,9,7,440,1.51,upi,0.562,0
pay_06763,cust_0050,273.73,bank_timeout,3,2,2,289,1.38,card,0.5,1
pay_06764,cust_0917,2684.91,invalid_card,3,16,2,522,4.32,netbanking,0.889,0
pay_06765,cust_1042,721.27,expired_card,3,18,8,608,2.19,netbanking,0.692,1
pay_06766,cust_1721,5338.3,invalid_card,1,7,6,38,2.66,card,0.538,0
pay_06767,cust_1382,3573.14,bank_timeout,3,15,0,171,2.82,netbanking,1.0,0
pay_06768,cust_1044,946.73,authentication_failed,1,7,1,838,1.04,netbanking,0.875,1
pay_06769,cust_2393,937.09,bank_timeout,3,20,5,762,1.8,card,0.8,0
pay_06770,cust_0789,5095.46,expired_card,2,20,6,532,0.61,upi,0.769,0
pay_06771,cust_2471,1607.4,insufficient_funds,3,3,7,202,1.41,netbanking,0.3,1
pay_06772,cust_0019,787.95,insufficient_funds,1,6,6,131,1.49,card,0.5,0
pay_06773,cust_0886,6726.62,invalid_card,0,10,3,635,1.93,card,0.769,0
pay_06774,cust_1967,486.01,invalid_card,2,12,2,626,0.35,card,0.857,0
pay_06775,cust_1974,670.13,invalid_card,2,20,2,444,1.25,upi,0.909,1
pay_06776,cust_1069,918.06,invalid_card,1,8,3,963,2.75,card,0.727,1
pay_06777,cust_1118,5602.12,invalid_card,0,9,8,165,1.77,netbanking,0.529,0
pay_06778,cust_1071,996.23,invalid_card,2,15,1,117,2.77,card,0.938,0
pay_06779,cust_1595,9636.59,invalid_card,0,6,1,215,0.66,netbanking,0.857,0
pay_06780,cust_0528,9611.7,invalid_card,1,10,1,789,1.96,netbanking,0.909,0
pay_06781,cust_0548,417.15,insufficient_funds,1,12,3,240,3.01,netbanking,0.8,1
pay_06782,cust_0787,519.33,bank_timeout,1,0,0,620,4.02,netbanking,0.0,0
pay_06783,cust_1582,1163.18,expired_card,3,2,6,724,4.22,netbanking,0.25,0
pay_06784,cust_2261,404.52,authentication_failed,1,2,2,892,0.23,netbanking,0.5,0
pay_06785,cust_0052,8096.87,bank_timeout,3,10,6,512,3.22,netbanking,0.625,1
pay_06786,cust_1650,1514.36,authentication_failed,1,14,5,37,4.51,card,0.737,1
pay_06787,cust_1242,9231.34,insufficient_funds,3,4,8,545,3.57,card,0.333,0
pay_06788,cust_1462,2910.66,authentication_failed,0,8,4,145,1.97,upi,0.667,0
pay_06789,cust_1554,2684.55,authentication_failed,2,0,3,71,2.64,netbanking,0.0,0
pay_06790,cust_2065,386.05,insufficient_funds,0,10,4,190,0.9,netbanking,0.714,0
pay_06791,cust_2290,598.53,insufficient_funds,2,16,7,324,4.26,upi,0.696,1
pay_06792,cust_1440,255.31,invalid_card,2,18,0,180,3.7,netbanking,1.0,0
pay_06793,cust_1526,594.9,authentication_failed,2,12,6,484,1.54,card,0.667,0
pay_06794,cust_1209,5635.33,expired_card,3,20,0,943,0.46,card,1.0,0
pay_06795,cust_2099,2619.22,authentication_failed,0,12,6,449,1.85,upi,0.667,1
pay_06796,cust_0603,780.57,expired_card,3,14,3,55,1.34,upi,0.824,0
pay_06797,cust_0218,2247.67,invalid_card,1,15,2,648,3.99,upi,0.882,0
pay_06798,cust_1693,923.43,authentication_failed,2,8,1,348,0.72,netbanking,0.889,1
pay_06799,cust_0946,9355.13,authentication_failed,3,15,5,877,4.63,card,0.75,1
pay_06800,cust_2028,2876.76,expired_card,1,8,2,543,3.37,upi,0.8,1
pay_06801,cust_0944,304.32,invalid_card,2,4,7,261,1.72,upi,0.364,0
pay_06802,cust_2447,393.8,insufficient_funds,3,12,6,999,4.44,card,0.667,0
pay_06803,cust_1756,853.96,insufficient_funds,3,11,2,379,4.01,netbanking,0.846,1
pay_06804,cust_1880,339.45,insufficient_funds,3,6,1,274,2.38,card,0.857,0
pay_06805,cust_1719,2953.33,authentication_failed,3,19,2,929,1.93,upi,0.905,1
pay_06806,cust_0535,272.89,insufficient_funds,0,12,4,245,4.43,netbanking,0.75,1
pay_06807,cust_1750,1915.3,invalid_card,3,9,2,712,3.96,netbanking,0.818,0
pay_06808,cust_0180,8312.9,bank_timeout,1,3,1,736,2.2,upi,0.75,0
pay_06809,cust_1964,3207.62,invalid_card,2,14,3,972,2.8,netbanking,0.824,1
pay_06810,cust_0226,237.3,invalid_card,2,5,7,803,2.62,netbanking,0.417,0
pay_06811,cust_2358,199.06,bank_timeout,3,19,1,973,4.46,netbanking,0.95,0
pay_06812,cust_1697,420.52,insufficient_funds,0,3,0,752,2.28,netbanking,1.0,1
pay_06813,cust_1440,303.33,bank_timeout,0,0,5,942,3.33,upi,0.0,1
pay_06814,cust_0896,8308.68,invalid_card,2,3,5,802,2.0,netbanking,0.375,0
pay_06815,cust_2428,2034.72,invalid_card,1,10,6,490,0.91,upi,0.625,1
pay_06816,cust_1019,3509.69,authentication_failed,0,15,7,116,0.37,netbanking,0.682,0
pay_06817,cust_0644,217.14,authentication_failed,2,14,4,512,0.48,netbanking,0.778,0
pay_06818,cust_2309,4758.74,authentication_failed,1,17,2,306,2.01,upi,0.895,1
pay_06819,cust_2240,332.51,bank_timeout,1,15,7,248,0.49,card,0.682,1
pay_06820,cust_0524,437.79,expired_card,3,20,1,787,4.7,card,0.952,1
pay_06821,cust_2432,3824.74,bank_timeout,2,10,1,725,0.89,netbanking,0.909,1
pay_06822,cust_2236,300.57,authentication_failed,0,15,1,833,0.68,netbanking,0.938,1
pay_06823,cust_1337,754.85,expired_card,0,20,6,511,4.33,card,0.769,1
pay_06824,cust_0268,317.56,bank_timeout,3,19,6,573,2.71,netbanking,0.76,0
pay_06825,cust_2097,4920.72,bank_timeout,1,13,7,967,1.75,upi,0.65,1
pay_06826,cust_0831,4692.37,insufficient_funds,3,6,3,872,1.78,card,0.667,0
pay_06827,cust_1709,2270.45,bank_timeout,3,2,5,892,1.22,upi,0.286,0
pay_06828,cust_0861,871.95,insufficient_funds,3,3,6,708,1.06,netbanking,0.333,0
pay_06829,cust_1283,2568.71,authentication_failed,3,9,1,250,1.88,card,0.9,0
pay_06830,cust_0501,564.97,authentication_failed,1,14,0,949,0.45,upi,1.0,1
pay_06831,cust_1148,491.41,insufficient_funds,1,20,3,255,0.51,card,0.87,1
pay_06832,cust_0643,2213.19,expired_card,3,20,6,713,3.06,card,0.769,0
pay_06833,cust_1566,826.77,invalid_card,3,7,7,553,2.76,upi,0.5,0
pay_06834,cust_1021,225.6,bank_timeout,1,15,8,449,2.82,netbanking,0.652,1
pay_06835,cust_1027,4340.65,expired_card,2,9,8,184,2.27,netbanking,0.529,0
pay_06836,cust_2445,3691.09,insufficient_funds,3,3,0,557,3.73,upi,1.0,0
pay_06837,cust_0667,716.17,expired_card,2,19,0,631,1.41,netbanking,1.0,1
pay_06838,cust_0609,670.99,bank_timeout,2,4,5,917,2.6,netbanking,0.444,1
pay_06839,cust_2052,823.24,expired_card,1,6,8,147,1.33,card,0.429,1
pay_06840,cust_1025,384.58,bank_timeout,0,4,5,454,3.9,card,0.444,0
pay_06841,cust_2265,691.9,invalid_card,2,11,5,943,2.4,upi,0.688,0
pay_06842,cust_0329,1922.64,bank_timeout,3,8,5,740,4.06,netbanking,0.615,0
pay_06843,cust_0870,7206.34,expired_card,0,3,8,940,3.91,netbanking,0.273,1
pay_06844,cust_0069,223.32,insufficient_funds,3,20,3,980,1.95,upi,0.87,1
pay_06845,cust_2488,566.72,bank_timeout,1,3,2,752,1.84,netbanking,0.6,1
pay_06846,cust_2296,590.24,authentication_failed,0,6,5,166,2.81,netbanking,0.545,1
pay_06847,cust_1022,5359.32,authentication_failed,3,19,6,758,1.08,upi,0.76,1
pay_06848,cust_0223,7040.01,insufficient_funds,0,0,0,316,3.36,card,0.0,1
pay_06849,cust_2114,259.73,expired_card,3,13,5,192,3.52,card,0.722,0
pay_06850,cust_0871,421.16,invalid_card,0,18,2,643,2.65,upi,0.9,1
pay_06851,cust_0222,847.01,invalid_card,0,20,2,743,2.47,card,0.909,0
pay_06852,cust_0005,8392.38,invalid_card,1,8,5,337,4.53,upi,0.615,1
pay_06853,cust_1692,2619.79,invalid_card,1,5,1,778,3.39,netbanking,0.833,0
pay_06854,cust_0572,302.89,bank_timeout,1,15,0,469,3.36,netbanking,1.0,1
pay_06855,cust_0922,392.65,insufficient_funds,1,14,2,544,4.13,card,0.875,1
pay_06856,cust_0369,916.31,expired_card,3,8,7,334,3.82,netbanking,0.533,1
pay_06857,cust_0504,1031.6,bank_timeout,1,7,5,794,3.65,netbanking,0.583,0
pay_06858,cust_0319,223.31,bank_timeout,2,5,8,407,2.86,upi,0.385,1
pay_06859,cust_0717,641.27,bank_timeout,0,2,4,522,0.26,card,0.333,1
pay_06860,cust_0290,9273.96,bank_timeout,0,18,0,957,3.44,netbanking,1.0,1
pay_06861,cust_0433,846.48,bank_timeout,2,11,6,502,0.64,upi,0.647,1
pay_06862,cust_0891,1151.85,bank_timeout,1,3,2,59,4.18,card,0.6,1
pay_06863,cust_1654,1903.38,authentication_failed,2,16,3,979,0.85,netbanking,0.842,0
pay_06864,cust_1539,3876.74,bank_timeout,2,18,6,547,3.25,card,0.75,0
pay_06865,cust_0676,616.83,invalid_card,2,18,3,245,1.65,netbanking,0.857,0
pay_06866,cust_1065,2284.7,invalid_card,2,17,7,695,2.78,netbanking,0.708,0
pay_06867,cust_1563,3373.22,authentication_failed,2,0,7,409,2.01,netbanking,0.0,0
pay_06868,cust_1718,1348.65,insufficient_funds,0,14,5,578,4.18,card,0.737,1
pay_06869,cust_1121,973.02,expired_card,1,6,8,55,0.85,upi,0.429,1
pay_06870,cust_1324,7140.67,bank_timeout,2,3,4,706,2.11,card,0.429,0
pay_06871,cust_1268,1300.16,invalid_card,0,19,0,286,1.0,netbanking,1.0,1
pay_06872,cust_1070,1252.45,insufficient_funds,3,8,7,312,2.7,upi,0.533,0
pay_06873,cust_2480,385.14,expired_card,1,3,8,170,4.54,netbanking,0.273,0
pay_06874,cust_0271,1243.79,insufficient_funds,0,17,7,622,2.97,upi,0.708,1
pay_06875,cust_1019,275.02,authentication_failed,1,9,7,712,2.99,netbanking,0.562,1
pay_06876,cust_0542,582.01,insufficient_funds,0,14,2,726,0.99,netbanking,0.875,1
pay_06877,cust_0828,417.17,authentication_failed,2,7,2,520,2.53,upi,0.778,0
pay_06878,cust_1911,677.99,invalid_card,0,20,6,176,1.61,card,0.769,0
pay_06879,cust_1937,840.2,expired_card,3,11,7,287,1.53,netbanking,0.611,1
pay_06880,cust_0315,1712.94,expired_card,2,10,6,169,1.15,upi,0.625,1
pay_06881,cust_0285,335.62,insufficient_funds,3,8,3,764,1.79,netbanking,0.727,1
pay_06882,cust_1923,4011.64,bank_timeout,1,1,2,616,1.36,upi,0.333,1
pay_06883,cust_1394,403.52,expired_card,2,9,8,246,4.65,card,0.529,0
pay_06884,cust_1046,228.96,authentication_failed,3,2,2,686,2.12,netbanking,0.5,0
pay_06885,cust_2405,283.68,invalid_card,1,15,2,285,1.49,netbanking,0.882,0
pay_06886,cust_0954,4081.76,expired_card,2,13,6,870,4.37,netbanking,0.684,0
pay_06887,cust_0812,4077.94,expired_card,1,20,5,965,3.1,netbanking,0.8,0
pay_06888,cust_0814,343.01,expired_card,0,16,4,633,3.46,netbanking,0.8,1
pay_06889,cust_2417,7391.85,bank_timeout,3,4,4,593,2.76,netbanking,0.5,1
pay_06890,cust_0781,3784.13,authentication_failed,1,15,5,710,4.8,card,0.75,1
pay_06891,cust_0771,1406.88,bank_timeout,3,16,8,924,4.69,upi,0.667,0
pay_06892,cust_0632,2367.53,insufficient_funds,1,18,5,790,1.51,card,0.783,1
pay_06893,cust_1858,628.16,insufficient_funds,1,12,4,661,4.18,netbanking,0.75,1
pay_06894,cust_0677,364.95,invalid_card,2,19,4,396,3.09,upi,0.826,0
pay_06895,cust_2082,489.1,insufficient_funds,0,18,6,98,2.65,card,0.75,0
pay_06896,cust_0768,960.59,authentication_failed,3,3,8,170,0.75,card,0.273,0
pay_06897,cust_0060,373.06,invalid_card,0,8,6,876,0.45,upi,0.571,0
pay_06898,cust_0550,478.67,invalid_card,1,19,6,760,1.6,upi,0.76,1
pay_06899,cust_0180,5149.78,insufficient_funds,3,14,6,970,3.67,card,0.7,0
pay_06900,cust_1552,810.8,authentication_failed,1,18,5,187,2.34,upi,0.783,1
pay_06901,cust_1679,1091.42,insufficient_funds,3,8,4,170,4.14,upi,0.667,0
pay_06902,cust_1085,255.99,insufficient_funds,0,6,6,740,1.65,upi,0.5,1
pay_06903,cust_2377,233.34,authentication_failed,2,11,4,649,4.89,card,0.733,1
pay_06904,cust_2374,639.58,bank_timeout,2,10,1,82,2.32,upi,0.909,1
pay_06905,cust_1347,826.69,invalid_card,1,18,2,145,1.61,netbanking,0.9,1
pay_06906,cust_1559,758.42,expired_card,0,6,1,691,4.03,card,0.857,1
pay_06907,cust_2099,712.78,invalid_card,1,16,7,685,4.6,upi,0.696,0
pay_06908,cust_2191,760.52,authentication_failed,3,12,7,946,3.97,card,0.632,0
pay_06909,cust_1799,232.65,expired_card,1,11,8,86,2.78,upi,0.579,1
pay_06910,cust_0061,738.33,authentication_failed,0,2,8,427,0.94,card,0.2,0
pay_06911,cust_0856,358.5,bank_timeout,3,10,0,238,4.33,netbanking,1.0,0
pay_06912,cust_1589,1808.58,invalid_card,0,17,4,752,4.06,upi,0.81,1
pay_06913,cust_0824,356.72,invalid_card,3,7,2,163,1.9,upi,0.778,1
pay_06914,cust_0449,502.37,invalid_card,3,18,4,391,4.85,netbanking,0.818,0
pay_06915,cust_1487,949.42,bank_timeout,2,20,8,926,3.38,card,0.714,1
pay_06916,cust_1896,1319.76,authentication_failed,3,15,5,935,3.91,card,0.75,0
pay_06917,cust_0491,821.1,bank_timeout,3,5,1,759,4.55,netbanking,0.833,1
pay_06918,cust_0256,432.26,expired_card,1,10,5,823,0.18,upi,0.667,0
pay_06919,cust_1623,2936.3,expired_card,3,18,1,277,3.87,card,0.947,0
pay_06920,cust_1891,513.23,bank_timeout,1,7,5,964,2.18,upi,0.583,0
pay_06921,cust_1686,248.25,invalid_card,2,9,5,850,4.88,netbanking,0.643,0
pay_06922,cust_1335,296.48,expired_card,1,14,1,978,3.52,upi,0.933,1
pay_06923,cust_2363,447.6,bank_timeout,3,15,1,666,0.53,upi,0.938,0
pay_06924,cust_0403,824.76,insufficient_funds,1,14,2,956,2.02,netbanking,0.875,1
pay_06925,cust_1888,876.63,invalid_card,3,7,3,675,0.3,upi,0.7,0
pay_06926,cust_0720,2101.7,insufficient_funds,0,2,6,59,4.85,netbanking,0.25,0
pay_06927,cust_2126,2541.07,authentication_failed,1,0,2,485,4.22,upi,0.0,0
pay_06928,cust_0291,1648.96,bank_timeout,3,5,6,596,0.75,card,0.455,0
pay_06929,cust_0333,5328.35,insufficient_funds,1,0,1,215,1.38,netbanking,0.0,1
pay_06930,cust_1258,1127.82,expired_card,3,2,8,636,0.23,card,0.2,0
pay_06931,cust_2234,656.5,invalid_card,1,13,5,131,5.0,netbanking,0.722,0
pay_06932,cust_2365,396.04,expired_card,2,6,7,298,3.98,netbanking,0.462,0
pay_06933,cust_2176,8295.57,invalid_card,2,4,3,702,1.04,netbanking,0.571,1
pay_06934,cust_2370,5092.49,bank_timeout,0,17,0,664,0.49,card,1.0,1
pay_06935,cust_1494,2069.51,invalid_card,1,6,8,949,0.26,upi,0.429,1
pay_06936,cust_1575,2478.4,bank_timeout,1,10,3,401,2.05,upi,0.769,1
pay_06937,cust_0247,1163.17,expired_card,3,8,0,331,4.5,upi,1.0,1
pay_06938,cust_2368,739.98,invalid_card,0,16,7,618,3.45,netbanking,0.696,0
pay_06939,cust_2291,2324.29,invalid_card,1,17,5,895,2.21,upi,0.773,0
pay_06940,cust_1231,492.48,bank_timeout,1,19,0,380,4.4,upi,1.0,1
pay_06941,cust_0893,5490.43,bank_timeout,0,9,0,739,3.6,upi,1.0,1
pay_06942,cust_1171,484.57,authentication_failed,2,10,2,544,4.41,upi,0.833,1
pay_06943,cust_0320,297.76,insufficient_funds,1,17,2,221,2.25,upi,0.895,1
pay_06944,cust_1323,5274.99,expired_card,3,9,4,683,1.16,upi,0.692,0
pay_06945,cust_0853,978.47,bank_timeout,2,12,7,519,2.61,netbanking,0.632,1
pay_06946,cust_0509,827.58,invalid_card,3,2,1,332,0.48,upi,0.667,0
pay_06947,cust_1983,6462.54,invalid_card,2,4,6,352,2.94,netbanking,0.4,0
pay_06948,cust_2465,354.83,insufficient_funds,0,3,1,926,1.36,upi,0.75,1
pay_06949,cust_1013,4602.7,bank_timeout,0,20,3,768,1.59,upi,0.87,1
pay_06950,cust_0805,480.15,bank_timeout,3,15,3,677,3.0,card,0.833,0
pay_06951,cust_1739,7255.77,authentication_failed,0,0,1,938,2.34,upi,0.0,0
pay_06952,cust_1092,298.85,authentication_failed,2,0,2,551,4.94,upi,0.0,0
pay_06953,cust_1000,222.02,insufficient_funds,0,16,1,46,0.88,netbanking,0.941,1
pay_06954,cust_0510,674.38,authentication_failed,1,0,4,322,2.14,card,0.0,0
pay_06955,cust_2335,1708.67,authentication_failed,3,12,5,296,4.44,card,0.706,1
pay_06956,cust_1323,467.46,authentication_failed,2,18,5,332,4.12,netbanking,0.783,0
pay_06957,cust_2138,648.69,authentication_failed,0,12,0,976,2.71,upi,1.0,1
pay_06958,cust_0439,2948.24,expired_card,3,13,1,648,3.73,card,0.929,1
pay_06959,cust_2218,767.58,invalid_card,1,8,1,788,2.68,upi,0.889,0
pay_06960,cust_1087,2861.93,authentication_failed,2,17,5,267,3.04,card,0.773,0
pay_06961,cust_1626,2097.55,authentication_failed,1,8,7,258,4.57,netbanking,0.533,0
pay_06962,cust_1996,4375.56,bank_timeout,2,11,6,99,3.39,netbanking,0.647,0
pay_06963,cust_0167,2263.54,authentication_failed,3,14,2,415,0.98,upi,0.875,0
pay_06964,cust_2007,565.95,expired_card,0,17,2,946,1.57,netbanking,0.895,1
pay_06965,cust_1485,913.3,insufficient_funds,1,19,6,677,3.26,card,0.76,1
pay_06966,cust_2487,3261.7,insufficient_funds,0,10,8,352,2.76,netbanking,0.556,1
pay_06967,cust_0674,729.46,expired_card,0,13,5,346,1.04,upi,0.722,0
pay_06968,cust_1666,528.76,authentication_failed,0,4,8,124,0.61,card,0.333,0
pay_06969,cust_0451,367.09,expired_card,1,0,6,228,1.77,netbanking,0.0,0
pay_06970,cust_0566,396.98,bank_timeout,3,14,2,91,2.34,card,0.875,1
pay_06971,cust_1228,3979.62,expired_card,0,3,7,214,0.91,card,0.3,0
pay_06972,cust_0950,911.51,authentication_failed,0,8,8,365,3.03,upi,0.5,0
pay_06973,cust_2488,6335.91,insufficient_funds,3,18,7,789,4.94,netbanking,0.72,0
pay_06974,cust_1637,357.57,insufficient_funds,2,15,6,201,3.0,netbanking,0.714,1
pay_06975,cust_1062,7272.78,insufficient_funds,0,0,2,746,4.63,upi,0.0,1
pay_06976,cust_1761,489.49,insufficient_funds,2,15,3,777,0.15,netbanking,0.833,0
pay_06977,cust_1469,953.06,invalid_card,3,9,6,897,2.5,upi,0.6,0
pay_06978,cust_1537,3428.7,invalid_card,2,11,0,479,0.28,upi,1.0,1
pay_06979,cust_0806,756.22,insufficient_funds,1,0,0,675,0.54,card,0.0,0
pay_06980,cust_1939,929.15,expired_card,2,16,2,332,0.16,card,0.889,0
pay_06981,cust_2132,301.35,bank_timeout,1,8,6,218,3.48,upi,0.571,1
pay_06982,cust_1801,6368.47,insufficient_funds,2,6,8,836,3.53,card,0.429,0
pay_06983,cust_1749,6483.75,authentication_failed,0,19,2,707,4.83,card,0.905,0
pay_06984,cust_0543,504.44,expired_card,3,9,1,302,1.91,card,0.9,0
pay_06985,cust_2338,435.54,expired_card,0,3,5,171,1.19,netbanking,0.375,0
pay_06986,cust_1688,745.11,expired_card,0,4,5,842,4.63,upi,0.444,0
pay_06987,cust_1555,773.06,bank_timeout,0,8,5,840,3.82,card,0.615,1
pay_06988,cust_0895,8368.42,invalid_card,1,19,5,890,3.32,card,0.792,0
pay_06989,cust_0025,1750.1,insufficient_funds,2,11,4,997,2.83,netbanking,0.733,1
pay_06990,cust_0215,1123.4,insufficient_funds,0,4,1,570,1.43,card,0.8,1
pay_06991,cust_1993,2405.46,authentication_failed,3,17,2,342,1.18,card,0.895,0
pay_06992,cust_1645,562.36,insufficient_funds,2,17,3,968,2.0,card,0.85,0
pay_06993,cust_1567,4991.05,bank_timeout,1,9,6,464,0.42,netbanking,0.6,1
pay_06994,cust_2005,6676.65,invalid_card,3,20,6,340,1.49,upi,0.769,0
pay_06995,cust_0946,7721.27,insufficient_funds,0,0,7,662,1.2,netbanking,0.0,0
pay_06996,cust_1926,317.78,authentication_failed,0,1,2,351,0.18,netbanking,0.333,1
pay_06997,cust_2194,593.86,expired_card,1,0,6,518,3.64,card,0.0,0
pay_06998,cust_0628,449.12,expired_card,3,15,6,510,0.49,upi,0.714,0
pay_06999,cust_2326,6857.41,authentication_failed,3,6,8,96,4.24,netbanking,0.429,0
pay_07000,cust_2322,279.0,bank_timeout,0,4,4,448,2.87,upi,0.5,1
pay_07001,cust_0090,6743.04,invalid_card,0,2,7,303,2.78,upi,0.222,0
pay_07002,cust_0236,849.18,authentication_failed,1,6,2,691,0.4,upi,0.75,0
pay_07003,cust_1746,445.75,expired_card,3,20,0,226,3.84,upi,1.0,0
pay_07004,cust_0544,882.97,insufficient_funds,3,10,2,384,0.99,upi,0.833,1
pay_07005,cust_2099,612.95,bank_timeout,0,15,0,715,1.81,card,1.0,1
pay_07006,cust_0198,3055.08,authentication_failed,2,2,2,824,1.95,netbanking,0.5,0
pay_07007,cust_0524,760.61,bank_timeout,3,13,7,641,0.4,upi,0.65,1
pay_07008,cust_1698,2381.11,invalid_card,1,4,2,118,1.37,upi,0.667,0
pay_07009,cust_1859,5505.38,invalid_card,1,6,0,431,4.11,upi,1.0,1
pay_07010,cust_1854,2461.39,invalid_card,2,11,6,558,3.39,netbanking,0.647,0
pay_07011,cust_1344,454.47,authentication_failed,2,2,6,575,3.39,upi,0.25,0
pay_07012,cust_1994,2112.35,invalid_card,0,7,5,443,2.25,upi,0.583,0
pay_07013,cust_1739,3389.53,bank_timeout,1,5,2,397,4.68,upi,0.714,0
pay_07014,cust_2193,6709.96,bank_timeout,2,7,0,664,4.12,card,1.0,1
pay_07015,cust_0144,525.04,invalid_card,0,4,4,561,3.16,netbanking,0.5,0
pay_07016,cust_1886,4503.29,bank_timeout,0,1,2,335,4.89,upi,0.333,0
pay_07017,cust_0635,276.11,insufficient_funds,0,17,1,687,2.82,card,0.944,1
pay_07018,cust_0951,977.3,expired_card,0,14,4,217,4.71,netbanking,0.778,1
pay_07019,cust_1696,485.46,insufficient_funds,0,4,1,799,3.29,card,0.8,1
pay_07020,cust_0467,437.36,expired_card,3,12,3,206,4.63,card,0.8,0
pay_07021,cust_1287,1528.49,bank_timeout,2,19,7,582,3.89,upi,0.731,1
pay_07022,cust_2384,6651.11,invalid_card,1,18,7,708,4.4,upi,0.72,1
pay_07023,cust_0638,9176.21,expired_card,3,15,7,400,1.18,card,0.682,0
pay_07024,cust_0568,875.07,expired_card,0,1,7,854,3.5,netbanking,0.125,0
pay_07025,cust_0248,243.83,invalid_card,3,1,2,826,0.43,netbanking,0.333,0
pay_07026,cust_1974,471.33,insufficient_funds,2,17,2,240,4.02,netbanking,0.895,1
pay_07027,cust_1829,1245.72,invalid_card,2,6,1,488,0.37,upi,0.857,0
pay_07028,cust_1759,6395.37,insufficient_funds,3,18,6,562,4.49,netbanking,0.75,0
pay_07029,cust_1865,8459.82,bank_timeout,0,17,2,359,3.92,netbanking,0.895,1
pay_07030,cust_0908,895.61,insufficient_funds,3,0,4,81,1.4,upi,0.0,0
pay_07031,cust_2305,9018.57,invalid_card,3,0,6,288,0.32,netbanking,0.0,0
pay_07032,cust_1542,8911.86,invalid_card,0,0,3,230,0.61,card,0.0,0
pay_07033,cust_1932,6227.38,invalid_card,2,17,3,142,1.1,upi,0.85,0
pay_07034,cust_0379,5350.46,expired_card,1,18,8,547,4.0,netbanking,0.692,0
pay_07035,cust_1672,1227.7,expired_card,1,9,0,362,1.41,upi,1.0,0
pay_07036,cust_0323,1369.13,authentication_failed,0,15,8,440,3.03,card,0.652,0
pay_07037,cust_1955,9797.97,bank_timeout,0,11,1,820,0.48,upi,0.917,0
pay_07038,cust_0822,2123.8,bank_timeout,0,1,0,968,4.13,upi,1.0,0
pay_07039,cust_2322,8253.08,bank_timeout,0,12,6,846,4.83,card,0.667,0
pay_07040,cust_0922,491.49,bank_timeout,0,0,6,127,3.49,netbanking,0.0,0
pay_07041,cust_1373,839.94,expired_card,2,3,8,662,0.87,netbanking,0.273,0
pay_07042,cust_1144,2997.82,expired_card,0,10,1,375,4.44,netbanking,0.909,0
pay_07043,cust_0651,1567.83,authentication_failed,3,2,1,667,4.86,netbanking,0.667,0
pay_07044,cust_1678,803.72,authentication_failed,3,2,1,972,3.65,upi,0.667,1
pay_07045,cust_2225,652.79,invalid_card,0,4,0,317,0.87,netbanking,1.0,0
pay_07046,cust_0070,355.82,invalid_card,2,7,3,684,2.42,upi,0.7,0
pay_07047,cust_0100,381.19,bank_timeout,0,8,1,43,3.26,netbanking,0.889,0
pay_07048,cust_1152,1780.67,invalid_card,3,6,0,80,3.63,upi,1.0,0
pay_07049,cust_0425,320.8,expired_card,2,6,0,561,3.15,netbanking,1.0,0
pay_07050,cust_1908,2606.76,expired_card,1,13,2,137,3.08,card,0.867,1
pay_07051,cust_0781,537.25,authentication_failed,2,3,2,475,1.2,upi,0.6,0
pay_07052,cust_1713,738.72,expired_card,3,5,6,239,4.48,upi,0.455,0
pay_07053,cust_0849,8743.29,invalid_card,0,15,6,435,2.12,upi,0.714,0
pay_07054,cust_0191,2131.97,expired_card,1,20,5,303,1.49,upi,0.8,1
pay_07055,cust_1383,2997.38,authentication_failed,1,15,3,596,1.36,card,0.833,1
pay_07056,cust_2233,1012.87,authentication_failed,1,15,0,812,2.15,upi,1.0,0
pay_07057,cust_0159,4483.24,bank_timeout,2,16,0,185,4.13,netbanking,1.0,1
pay_07058,cust_0004,7615.29,expired_card,0,4,8,951,2.64,upi,0.333,1
pay_07059,cust_0804,321.71,expired_card,0,8,3,665,1.15,netbanking,0.727,0
pay_07060,cust_2499,9126.31,authentication_failed,3,10,0,335,1.57,upi,1.0,1
pay_07061,cust_1106,388.78,invalid_card,0,5,8,190,3.51,netbanking,0.385,0
pay_07062,cust_0921,2555.58,bank_timeout,3,9,7,759,4.59,upi,0.562,0
pay_07063,cust_0849,206.65,insufficient_funds,2,17,3,528,2.8,netbanking,0.85,1
pay_07064,cust_1272,1857.89,expired_card,2,2,8,555,2.23,card,0.2,0
pay_07065,cust_2125,3123.02,authentication_failed,2,7,5,700,3.84,netbanking,0.583,1
pay_07066,cust_0090,494.39,authentication_failed,2,19,8,944,3.33,card,0.704,0
pay_07067,cust_1350,918.58,authentication_failed,0,10,7,257,0.12,upi,0.588,1
pay_07068,cust_1834,423.74,bank_timeout,2,14,5,926,1.42,card,0.737,0
pay_07069,cust_0082,7238.6,bank_timeout,1,18,2,231,2.7,card,0.9,1
pay_07070,cust_0492,542.2,bank_timeout,2,5,2,565,3.48,netbanking,0.714,1
pay_07071,cust_1257,1661.15,expired_card,2,14,4,139,3.06,card,0.778,1
pay_07072,cust_0829,722.47,authentication_failed,1,7,2,236,3.85,upi,0.778,0
pay_07073,cust_0420,1315.56,expired_card,3,17,7,73,2.67,netbanking,0.708,1
pay_07074,cust_1276,432.56,invalid_card,2,6,5,893,3.87,card,0.545,0
pay_07075,cust_1015,993.12,insufficient_funds,0,10,0,561,4.94,card,1.0,1
pay_07076,cust_1210,403.22,expired_card,3,6,5,373,4.02,card,0.545,0
pay_07077,cust_1411,4974.02,expired_card,1,11,5,604,4.57,upi,0.688,1
pay_07078,cust_2167,8377.91,bank_timeout,2,15,7,606,2.81,upi,0.682,1
pay_07079,cust_0963,1165.12,invalid_card,1,1,4,880,1.69,upi,0.2,0
pay_07080,cust_1912,9014.92,insufficient_funds,0,8,3,984,2.94,card,0.727,0
pay_07081,cust_2327,704.74,invalid_card,1,1,7,713,1.92,netbanking,0.125,0
pay_07082,cust_1071,6956.63,expired_card,0,8,1,537,1.61,netbanking,0.889,1
pay_07083,cust_1330,208.28,expired_card,2,19,3,103,4.32,netbanking,0.864,0
pay_07084,cust_1522,1145.8,insufficient_funds,2,8,7,574,1.7,upi,0.533,0
pay_07085,cust_2242,7286.65,bank_timeout,0,16,7,943,1.38,card,0.696,1
pay_07086,cust_1455,497.15,authentication_failed,2,17,1,269,4.67,netbanking,0.944,0
pay_07087,cust_2345,409.19,expired_card,3,3,8,473,3.52,upi,0.273,1
pay_07088,cust_0929,5704.19,bank_timeout,1,8,1,995,1.84,card,0.889,0
pay_07089,cust_0989,4918.65,insufficient_funds,3,8,1,161,1.67,card,0.889,1
pay_07090,cust_1101,234.44,invalid_card,3,15,3,933,3.02,upi,0.833,0
pay_07091,cust_2300,1900.58,bank_timeout,1,14,4,732,2.32,upi,0.778,1
pay_07092,cust_1150,6200.4,invalid_card,0,11,7,809,2.72,netbanking,0.611,1
pay_07093,cust_1813,252.47,authentication_failed,0,19,3,547,0.93,card,0.864,1
pay_07094,cust_1729,686.82,expired_card,3,17,8,976,2.53,netbanking,0.68,0
pay_07095,cust_0564,2266.64,invalid_card,0,13,1,703,1.96,upi,0.929,0
pay_07096,cust_1097,8081.79,expired_card,1,18,1,736,1.55,card,0.947,1
pay_07097,cust_1450,6568.53,expired_card,2,15,6,969,0.86,card,0.714,0
pay_07098,cust_1741,949.46,authentication_failed,0,17,3,923,2.63,upi,0.85,1
pay_07099,cust_0521,713.59,expired_card,3,11,6,958,2.43,card,0.647,1
pay_07100,cust_2081,3083.7,insufficient_funds,3,5,1,501,3.46,card,0.833,0
pay_07101,cust_1352,712.98,bank_timeout,1,9,6,776,2.47,card,0.6,0
pay_07102,cust_1537,4356.75,authentication_failed,0,0,8,341,3.58,netbanking,0.0,0
pay_07103,cust_0859,5579.68,authentication_failed,0,6,2,200,3.37,netbanking,0.75,0
pay_07104,cust_0691,284.53,bank_timeout,2,6,6,140,1.63,card,0.5,0
pay_07105,cust_0912,1688.24,bank_timeout,3,16,3,808,1.53,upi,0.842,1
pay_07106,cust_1179,3394.51,bank_timeout,1,16,2,265,0.93,netbanking,0.889,1
pay_07107,cust_1704,1782.6,bank_timeout,3,3,7,482,2.12,netbanking,0.3,0
pay_07108,cust_1180,328.79,bank_timeout,3,12,0,608,1.39,upi,1.0,0
pay_07109,cust_1568,382.66,expired_card,3,4,6,166,1.89,upi,0.4,0
pay_07110,cust_2164,807.54,authentication_failed,0,18,2,587,0.43,upi,0.9,0
pay_07111,cust_2074,553.51,insufficient_funds,3,10,8,590,1.96,upi,0.556,0
pay_07112,cust_0084,246.04,expired_card,0,2,3,434,1.29,netbanking,0.4,0
pay_07113,cust_2018,590.11,expired_card,2,3,7,46,3.66,upi,0.3,0
pay_07114,cust_2207,1730.75,authentication_failed,2,12,5,879,4.48,card,0.706,1
pay_07115,cust_1347,7866.9,invalid_card,0,10,5,498,0.17,upi,0.667,0
pay_07116,cust_2435,2669.02,expired_card,0,14,4,981,3.38,netbanking,0.778,0
pay_07117,cust_0858,475.87,expired_card,0,0,5,439,3.93,netbanking,0.0,0
pay_07118,cust_2307,630.6,insufficient_funds,2,2,5,118,3.29,upi,0.286,0
pay_07119,cust_1650,2508.19,authentication_failed,1,2,3,449,3.71,upi,0.4,1
pay_07120,cust_0823,407.51,authentication_failed,3,8,0,229,3.06,upi,1.0,1
pay_07121,cust_0945,242.91,expired_card,1,3,4,366,1.51,netbanking,0.429,0
pay_07122,cust_2136,2184.07,expired_card,0,17,6,212,0.28,card,0.739,1
pay_07123,cust_1558,329.06,insufficient_funds,0,3,8,836,2.7,netbanking,0.273,0
pay_07124,cust_2318,5419.05,bank_timeout,0,16,1,875,3.24,card,0.941,1
pay_07125,cust_0978,518.69,authentication_failed,3,1,4,873,1.44,upi,0.2,0
pay_07126,cust_2466,2916.27,invalid_card,3,3,8,413,0.57,card,0.273,0
pay_07127,cust_2091,5155.59,authentication_failed,0,10,8,126,1.55,netbanking,0.556,0
pay_07128,cust_0079,773.63,expired_card,2,13,0,484,2.8,upi,1.0,0
pay_07129,cust_0700,258.49,expired_card,3,6,4,41,1.64,netbanking,0.6,0
pay_07130,cust_1867,8757.14,expired_card,1,18,4,442,1.08,netbanking,0.818,1
pay_07131,cust_0802,2646.19,authentication_failed,1,18,8,173,1.72,card,0.692,0
pay_07132,cust_1718,3579.39,invalid_card,1,14,6,835,2.05,netbanking,0.7,0
pay_07133,cust_1128,502.73,expired_card,1,1,7,673,1.24,upi,0.125,1
pay_07134,cust_0273,483.7,expired_card,3,15,8,357,4.82,card,0.652,0
pay_07135,cust_2500,1304.62,expired_card,3,8,7,928,2.39,card,0.533,0
pay_07136,cust_2217,381.6,bank_timeout,1,16,4,602,0.66,card,0.8,0
pay_07137,cust_1332,5567.2,authentication_failed,2,8,1,630,2.58,card,0.889,0
pay_07138,cust_0860,520.93,invalid_card,2,10,2,269,1.94,upi,0.833,1
pay_07139,cust_0705,9016.84,insufficient_funds,3,17,3,538,3.51,upi,0.85,1
pay_07140,cust_0799,452.93,invalid_card,1,19,3,719,4.75,netbanking,0.864,1
pay_07141,cust_0307,2118.56,invalid_card,1,4,5,786,2.4,upi,0.444,0
pay_07142,cust_1551,947.34,expired_card,1,20,2,570,0.3,netbanking,0.909,0
pay_07143,cust_2399,421.52,bank_timeout,1,11,2,285,4.93,upi,0.846,0
pay_07144,cust_2265,2503.1,expired_card,3,15,8,539,3.18,netbanking,0.652,0
pay_07145,cust_0724,328.79,expired_card,1,16,4,272,4.49,netbanking,0.8,1
pay_07146,cust_1228,4050.39,expired_card,1,5,0,263,3.1,upi,1.0,1
pay_07147,cust_2297,676.17,insufficient_funds,2,9,3,838,2.5,netbanking,0.75,0
pay_07148,cust_0759,1342.24,expired_card,1,17,5,919,1.01,netbanking,0.773,0
pay_07149,cust_1212,7361.44,invalid_card,3,0,2,818,4.53,upi,0.0,0
pay_07150,cust_1161,1152.53,bank_timeout,0,10,4,568,2.62,card,0.714,1
pay_07151,cust_0917,6444.53,authentication_failed,2,2,5,869,3.63,upi,0.286,0
pay_07152,cust_1500,9726.88,insufficient_funds,2,17,5,857,1.02,upi,0.773,1
pay_07153,cust_2089,883.76,authentication_failed,2,15,2,994,4.17,card,0.882,1
pay_07154,cust_0086,1316.72,bank_timeout,1,18,4,206,1.78,upi,0.818,1
pay_07155,cust_1582,253.86,insufficient_funds,0,7,5,905,4.65,card,0.583,1
pay_07156,cust_0447,7663.43,invalid_card,1,1,2,127,1.73,card,0.333,0
pay_07157,cust_1252,2214.74,invalid_card,2,6,7,316,0.12,upi,0.462,0
pay_07158,cust_1998,771.63,insufficient_funds,1,5,7,374,0.59,netbanking,0.417,1
pay_07159,cust_2280,863.84,insufficient_funds,2,20,1,742,1.33,upi,0.952,1
pay_07160,cust_1228,3260.31,expired_card,1,8,5,427,3.97,card,0.615,0
pay_07161,cust_2199,536.88,authentication_failed,3,8,2,468,3.12,card,0.8,1
pay_07162,cust_0472,886.24,expired_card,3,12,0,268,2.65,netbanking,1.0,1
pay_07163,cust_2327,3740.53,insufficient_funds,0,7,6,858,1.12,netbanking,0.538,0
pay_07164,cust_0305,266.42,bank_timeout,1,16,7,828,3.2,netbanking,0.696,1
pay_07165,cust_1971,3232.95,insufficient_funds,0,11,3,218,0.26,upi,0.786,0
pay_07166,cust_0418,1458.5,expired_card,1,2,0,476,0.84,netbanking,1.0,0
pay_07167,cust_0349,2190.62,insufficient_funds,3,7,6,370,3.99,upi,0.538,0
pay_07168,cust_0095,361.11,bank_timeout,0,17,6,39,4.46,card,0.739,1
pay_07169,cust_2474,9440.08,expired_card,0,17,5,444,4.41,netbanking,0.773,0
pay_07170,cust_1033,297.25,insufficient_funds,0,8,2,612,4.86,netbanking,0.8,1
pay_07171,cust_1486,4709.38,authentication_failed,1,15,5,887,1.34,upi,0.75,1
pay_07172,cust_1454,540.09,bank_timeout,2,11,2,526,1.44,netbanking,0.846,0
pay_07173,cust_1645,3729.56,authentication_failed,2,10,7,893,2.15,upi,0.588,0
pay_07174,cust_1352,775.96,authentication_failed,1,19,6,311,0.26,card,0.76,1
pay_07175,cust_2111,236.94,invalid_card,2,19,6,267,0.56,upi,0.76,0
pay_07176,cust_2187,6715.58,authentication_failed,1,6,5,145,2.98,netbanking,0.545,0
pay_07177,cust_0081,435.9,expired_card,0,9,7,622,3.28,upi,0.562,0
pay_07178,cust_0427,245.65,authentication_failed,2,17,8,306,2.89,card,0.68,0
pay_07179,cust_0543,357.25,insufficient_funds,3,19,2,631,1.07,netbanking,0.905,0
pay_07180,cust_1612,479.33,expired_card,1,7,7,240,4.87,card,0.5,0
pay_07181,cust_0715,6556.62,bank_timeout,2,12,5,443,2.16,card,0.706,0
pay_07182,cust_1215,3905.08,bank_timeout,2,16,0,42,0.16,upi,1.0,1
pay_07183,cust_1036,1183.24,authentication_failed,2,2,6,385,4.88,netbanking,0.25,0
pay_07184,cust_0475,963.03,insufficient_funds,3,7,3,79,4.38,netbanking,0.7,0
pay_07185,cust_2076,319.63,expired_card,2,20,1,611,2.98,card,0.952,1
pay_07186,cust_0715,1834.01,invalid_card,2,11,7,342,4.11,netbanking,0.611,0
pay_07187,cust_0465,2058.12,insufficient_funds,2,9,3,328,1.75,upi,0.75,0
pay_07188,cust_0728,950.15,insufficient_funds,2,13,3,232,2.55,card,0.812,1
pay_07189,cust_0975,529.03,expired_card,2,3,1,482,1.25,card,0.75,1
pay_07190,cust_1804,1610.11,authentication_failed,1,17,5,515,4.84,upi,0.773,0
pay_07191,cust_0799,6138.74,insufficient_funds,2,6,6,920,0.2,card,0.5,0
pay_07192,cust_2003,284.19,authentication_failed,3,11,0,336,3.9,card,1.0,1
pay_07193,cust_0913,7015.45,insufficient_funds,3,4,8,98,1.72,upi,0.333,0
pay_07194,cust_1024,882.54,insufficient_funds,0,13,0,993,2.12,card,1.0,1
pay_07195,cust_0342,693.02,expired_card,3,13,3,855,0.45,netbanking,0.812,0
pay_07196,cust_0466,369.39,authentication_failed,0,13,0,550,2.73,card,1.0,0
pay_07197,cust_1231,9880.29,authentication_failed,1,16,5,993,2.72,upi,0.762,1
pay_07198,cust_1866,2770.72,insufficient_funds,2,11,8,603,3.14,card,0.579,0
pay_07199,cust_0172,1324.74,authentication_failed,2,17,8,527,4.1,upi,0.68,1
pay_07200,cust_2462,521.55,expired_card,2,16,0,205,3.61,upi,1.0,1
pay_07201,cust_2012,431.04,bank_timeout,0,16,7,617,2.74,upi,0.696,0
pay_07202,cust_2069,9148.11,authentication_failed,3,3,4,984,2.91,upi,0.429,0
pay_07203,cust_1768,2395.54,authentication_failed,2,3,0,102,3.21,netbanking,1.0,0
pay_07204,cust_2188,635.37,invalid_card,0,10,1,526,3.11,upi,0.909,0
pay_07205,cust_2123,1202.29,bank_timeout,2,12,2,865,0.35,card,0.857,1
pay_07206,cust_2040,3714.64,invalid_card,3,9,0,83,2.28,upi,1.0,0
pay_07207,cust_0127,2517.79,invalid_card,1,16,5,699,3.12,card,0.762,0
pay_07208,cust_0422,2061.62,authentication_failed,0,9,8,495,4.1,upi,0.529,0
pay_07209,cust_1395,894.57,insufficient_funds,3,12,7,871,3.05,upi,0.632,0
pay_07210,cust_2010,741.34,insufficient_funds,0,12,1,681,2.33,netbanking,0.923,1
pay_07211,cust_2198,392.84,invalid_card,1,1,3,429,3.66,card,0.25,0
pay_07212,cust_2090,344.74,expired_card,2,6,0,146,1.23,netbanking,1.0,0
pay_07213,cust_0258,992.06,invalid_card,1,10,2,338,3.55,upi,0.833,1
pay_07214,cust_1189,1540.86,authentication_failed,0,14,4,305,2.7,netbanking,0.778,1
pay_07215,cust_0226,4626.19,bank_timeout,1,10,0,680,3.09,netbanking,1.0,1
pay_07216,cust_1222,863.22,authentication_failed,0,8,3,37,3.92,netbanking,0.727,1
pay_07217,cust_1104,8029.82,authentication_failed,2,14,5,619,1.78,netbanking,0.737,0
pay_07218,cust_2098,899.89,expired_card,2,0,6,916,0.23,upi,0.0,0
pay_07219,cust_1380,9512.78,expired_card,3,19,7,100,0.89,netbanking,0.731,0
pay_07220,cust_0031,4473.45,invalid_card,3,17,3,673,1.37,card,0.85,0
pay_07221,cust_0761,2039.89,invalid_card,0,14,1,136,0.39,card,0.933,0
pay_07222,cust_0643,1289.75,invalid_card,1,17,7,268,4.89,netbanking,0.708,1
pay_07223,cust_0801,536.11,insufficient_funds,0,8,6,403,2.27,upi,0.571,0
pay_07224,cust_1120,4007.58,insufficient_funds,0,4,4,78,0.63,card,0.5,0
pay_07225,cust_0749,9500.66,authentication_failed,0,7,7,942,1.87,upi,0.5,0
pay_07226,cust_0989,685.4,insufficient_funds,3,14,5,65,0.67,netbanking,0.737,0
pay_07227,cust_0978,4507.47,expired_card,0,10,3,190,2.54,netbanking,0.769,0
pay_07228,cust_0834,388.73,expired_card,1,6,7,828,0.36,netbanking,0.462,1
pay_07229,cust_2061,550.36,authentication_failed,1,13,6,105,4.33,upi,0.684,0
pay_07230,cust_0310,2734.68,expired_card,3,10,0,199,3.19,upi,1.0,0
pay_07231,cust_1859,446.83,insufficient_funds,0,2,8,135,2.9,card,0.2,0
pay_07232,cust_0119,770.11,insufficient_funds,1,3,0,478,2.92,netbanking,1.0,1
pay_07233,cust_0165,350.8,authentication_failed,2,10,6,279,1.45,upi,0.625,0
pay_07234,cust_0977,868.51,insufficient_funds,1,7,8,414,4.55,upi,0.467,1
pay_07235,cust_0428,577.09,insufficient_funds,1,14,7,990,0.46,upi,0.667,1
pay_07236,cust_0236,846.86,bank_timeout,2,2,2,113,1.1,upi,0.5,1
pay_07237,cust_2236,523.8,bank_timeout,3,4,2,448,4.36,upi,0.667,1
pay_07238,cust_0581,3737.9,expired_card,2,19,1,318,3.49,card,0.95,1
pay_07239,cust_1968,9042.54,invalid_card,3,13,2,781,4.85,card,0.867,0
pay_07240,cust_2120,2908.95,invalid_card,2,4,4,679,1.63,card,0.5,1
pay_07241,cust_2300,388.6,insufficient_funds,1,14,5,784,2.53,card,0.737,1
pay_07242,cust_2480,359.83,insufficient_funds,2,19,0,158,4.79,upi,1.0,1
pay_07243,cust_1251,9442.55,invalid_card,1,20,6,953,3.3,upi,0.769,0
pay_07244,cust_1639,6167.26,expired_card,1,3,8,916,0.97,upi,0.273,0
pay_07245,cust_0439,4746.8,insufficient_funds,1,15,4,443,4.95,upi,0.789,1
pay_07246,cust_0565,4888.42,bank_timeout,3,6,2,418,2.11,netbanking,0.75,1
pay_07247,cust_0421,693.11,insufficient_funds,2,2,5,809,3.51,card,0.286,0
pay_07248,cust_2297,1864.66,authentication_failed,2,14,1,942,3.65,netbanking,0.933,1
pay_07249,cust_1647,2144.0,invalid_card,1,0,8,545,3.04,upi,0.0,0
pay_07250,cust_0222,1104.24,insufficient_funds,1,11,6,728,0.9,card,0.647,1
pay_07251,cust_1155,1705.02,expired_card,2,19,5,495,0.78,card,0.792,0
pay_07252,cust_0651,9924.38,insufficient_funds,1,12,7,111,4.43,upi,0.632,0
pay_07253,cust_2423,3495.42,invalid_card,1,3,4,591,0.55,upi,0.429,0
pay_07254,cust_1085,5610.62,insufficient_funds,0,4,0,435,4.64,upi,1.0,0
pay_07255,cust_0259,293.56,authentication_failed,2,6,6,184,2.22,card,0.5,1
pay_07256,cust_2429,435.31,expired_card,1,12,2,383,2.13,netbanking,0.857,1
pay_07257,cust_1628,309.95,insufficient_funds,0,15,0,834,4.77,netbanking,1.0,1
pay_07258,cust_2179,9789.46,expired_card,3,1,6,509,1.85,card,0.143,0
pay_07259,cust_1082,338.32,bank_timeout,3,5,5,586,3.71,netbanking,0.5,0
pay_07260,cust_1951,9859.87,expired_card,1,20,8,927,2.94,upi,0.714,1
pay_07261,cust_0094,733.8,authentication_failed,1,1,5,68,1.46,upi,0.167,0
pay_07262,cust_2213,260.12,insufficient_funds,3,10,7,589,2.37,netbanking,0.588,0
pay_07263,cust_2016,639.38,authentication_failed,2,6,2,107,1.85,netbanking,0.75,1
pay_07264,cust_2487,6969.17,bank_timeout,3,7,3,940,2.3,card,0.7,0
pay_07265,cust_0130,8497.44,invalid_card,2,20,0,684,0.38,upi,1.0,0
pay_07266,cust_2423,794.92,invalid_card,2,11,3,784,0.47,card,0.786,0
pay_07267,cust_1615,1581.8,expired_card,2,12,6,774,4.48,netbanking,0.667,0
pay_07268,cust_0454,988.89,bank_timeout,1,8,8,188,4.53,card,0.5,1
pay_07269,cust_2346,897.13,insufficient_funds,3,4,5,521,1.75,card,0.444,0
pay_07270,cust_0743,321.48,expired_card,1,18,3,68,4.37,card,0.857,1
pay_07271,cust_0452,2070.94,expired_card,2,8,1,173,4.65,card,0.889,1
pay_07272,cust_1188,421.64,insufficient_funds,3,7,1,303,1.14,upi,0.875,1
pay_07273,cust_1892,551.28,insufficient_funds,2,9,6,237,1.66,netbanking,0.6,0
pay_07274,cust_1365,3365.21,authentication_failed,1,1,7,520,0.29,netbanking,0.125,0
pay_07275,cust_2003,1295.21,bank_timeout,1,20,5,459,1.89,card,0.8,1
pay_07276,cust_0800,793.4,authentication_failed,2,10,2,798,2.99,netbanking,0.833,0
pay_07277,cust_2384,7294.43,bank_timeout,3,1,7,875,3.59,upi,0.125,0
pay_07278,cust_1879,772.41,authentication_failed,0,12,7,724,1.85,netbanking,0.632,0
pay_07279,cust_1835,2052.72,expired_card,0,20,3,892,1.71,netbanking,0.87,0
pay_07280,cust_1631,3972.73,expired_card,1,19,6,604,2.82,card,0.76,0
pay_07281,cust_0253,984.85,authentication_failed,3,13,7,823,0.54,netbanking,0.65,0
pay_07282,cust_1777,786.53,bank_timeout,3,10,4,990,0.18,upi,0.714,0
pay_07283,cust_1345,945.82,expired_card,2,0,3,435,4.02,netbanking,0.0,0
pay_07284,cust_2268,9210.69,authentication_failed,3,0,2,788,2.08,card,0.0,0
pay_07285,cust_2323,1285.93,authentication_failed,2,7,3,646,3.21,netbanking,0.7,0
pay_07286,cust_0669,9627.43,expired_card,2,20,2,356,4.51,card,0.909,1
pay_07287,cust_0872,763.93,authentication_failed,0,14,4,955,0.64,card,0.778,1
pay_07288,cust_1776,523.92,insufficient_funds,0,14,2,638,3.57,card,0.875,1
pay_07289,cust_2500,4968.88,expired_card,1,5,6,832,3.14,upi,0.455,1
pay_07290,cust_1166,209.56,authentication_failed,1,8,5,765,1.88,upi,0.615,0
pay_07291,cust_1242,433.54,expired_card,0,14,1,993,0.93,upi,0.933,1
pay_07292,cust_2142,384.58,invalid_card,3,4,1,951,1.74,netbanking,0.8,0
pay_07293,cust_2056,616.41,bank_timeout,2,4,3,403,0.93,card,0.571,0
pay_07294,cust_1327,257.96,bank_timeout,3,9,3,638,0.48,netbanking,0.75,1
pay_07295,cust_2461,214.64,bank_timeout,2,1,1,863,3.65,netbanking,0.5,1
pay_07296,cust_0575,5751.43,invalid_card,2,5,6,592,4.17,netbanking,0.455,0
pay_07297,cust_2410,8846.92,authentication_failed,2,8,2,273,2.76,card,0.8,1
pay_07298,cust_2386,2833.34,authentication_failed,0,19,8,695,4.82,netbanking,0.704,0
pay_07299,cust_1982,1034.65,authentication_failed,3,14,0,828,2.31,card,1.0,1
pay_07300,cust_1111,814.17,insufficient_funds,1,17,1,320,1.88,upi,0.944,1
pay_07301,cust_0040,819.9,insufficient_funds,2,8,6,341,4.6,card,0.571,1
pay_07302,cust_0633,2160.69,bank_timeout,1,9,2,741,0.35,netbanking,0.818,1
pay_07303,cust_2318,2272.65,bank_timeout,0,6,7,914,2.82,card,0.462,0
pay_07304,cust_1965,1500.73,invalid_card,1,5,7,561,2.81,card,0.417,0
pay_07305,cust_1160,3057.79,expired_card,2,4,5,530,4.8,netbanking,0.444,0
pay_07306,cust_1117,9630.95,invalid_card,0,1,6,616,2.18,upi,0.143,0
pay_07307,cust_1788,556.74,bank_timeout,3,0,1,818,4.52,netbanking,0.0,0
pay_07308,cust_1191,1730.67,insufficient_funds,3,10,7,991,4.29,upi,0.588,1
pay_07309,cust_1546,8816.6,invalid_card,1,12,0,940,2.96,upi,1.0,1
pay_07310,cust_0344,4149.88,bank_timeout,1,14,8,474,1.14,upi,0.636,1
pay_07311,cust_1853,217.24,invalid_card,3,16,0,939,1.3,netbanking,1.0,1
pay_07312,cust_0550,5354.05,expired_card,0,15,0,359,2.79,netbanking,1.0,1
pay_07313,cust_0062,1965.41,invalid_card,0,1,5,556,2.42,card,0.167,0
pay_07314,cust_1095,8340.71,bank_timeout,1,2,0,408,4.28,card,1.0,1
pay_07315,cust_2363,8146.37,authentication_failed,0,0,7,971,3.6,netbanking,0.0,0
pay_07316,cust_1570,8129.77,bank_timeout,2,5,4,255,4.5,card,0.556,1
pay_07317,cust_0585,1552.31,insufficient_funds,1,17,4,127,0.3,upi,0.81,1
pay_07318,cust_0724,9945.71,insufficient_funds,3,13,5,737,1.42,netbanking,0.722,0
pay_07319,cust_0885,8396.55,bank_timeout,3,9,0,817,3.37,upi,1.0,0
pay_07320,cust_0337,631.81,bank_timeout,2,6,3,754,0.14,card,0.667,1
pay_07321,cust_0024,1119.46,invalid_card,1,15,7,230,1.6,netbanking,0.682,0
pay_07322,cust_1415,7438.19,expired_card,3,15,4,663,3.03,card,0.789,1
pay_07323,cust_2117,271.74,invalid_card,1,14,6,445,0.17,upi,0.7,1
pay_07324,cust_0679,1916.44,invalid_card,2,3,5,245,3.11,upi,0.375,1
pay_07325,cust_1623,1818.98,insufficient_funds,0,17,5,120,4.35,netbanking,0.773,0
pay_07326,cust_1204,4361.53,authentication_failed,2,10,6,118,2.63,netbanking,0.625,0
pay_07327,cust_0264,422.55,invalid_card,2,10,0,686,1.12,upi,1.0,1
pay_07328,cust_0439,805.41,authentication_failed,3,6,7,662,4.68,upi,0.462,0
pay_07329,cust_0934,423.22,insufficient_funds,3,5,2,238,0.57,netbanking,0.714,0
pay_07330,cust_0532,551.37,expired_card,2,0,4,933,1.38,card,0.0,0
pay_07331,cust_1203,199.13,insufficient_funds,2,18,6,943,3.94,card,0.75,0
pay_07332,cust_1853,888.0,authentication_failed,2,7,0,102,2.95,card,1.0,0
pay_07333,cust_1649,2157.98,invalid_card,3,15,6,134,0.92,upi,0.714,0
pay_07334,cust_1718,1513.13,insufficient_funds,0,18,6,648,0.27,card,0.75,1
pay_07335,cust_1115,4686.25,bank_timeout,3,12,6,119,0.13,card,0.667,0
pay_07336,cust_0693,426.05,authentication_failed,1,8,7,499,1.18,netbanking,0.533,1
pay_07337,cust_0237,230.75,authentication_failed,3,7,7,74,2.01,upi,0.5,0
pay_07338,cust_0720,450.63,bank_timeout,1,5,2,461,2.22,netbanking,0.714,1
pay_07339,cust_1365,211.83,expired_card,2,19,0,317,1.7,upi,1.0,0
pay_07340,cust_2240,1237.04,insufficient_funds,0,1,4,910,3.6,card,0.2,1
pay_07341,cust_0508,4549.75,expired_card,2,17,6,664,2.47,upi,0.739,1
pay_07342,cust_1052,278.4,insufficient_funds,2,10,6,140,3.17,upi,0.625,1
pay_07343,cust_1361,511.45,expired_card,3,13,8,165,4.45,upi,0.619,0
pay_07344,cust_1408,611.58,insufficient_funds,3,1,7,516,2.86,upi,0.125,1
pay_07345,cust_0312,919.64,authentication_failed,3,17,4,482,2.11,upi,0.81,0
pay_07346,cust_1430,1751.15,expired_card,0,7,8,830,2.14,card,0.467,0
pay_07347,cust_2132,2843.85,bank_timeout,1,15,4,70,1.63,netbanking,0.789,1
pay_07348,cust_0371,994.97,bank_timeout,1,13,1,232,2.65,card,0.929,1
pay_07349,cust_1264,838.89,expired_card,0,6,6,214,2.47,netbanking,0.5,0
pay_07350,cust_1374,1302.2,bank_timeout,1,4,6,500,1.36,netbanking,0.4,0
pay_07351,cust_1354,438.75,invalid_card,0,14,3,107,3.86,upi,0.824,1
pay_07352,cust_1790,206.68,bank_timeout,0,6,6,38,2.75,upi,0.5,0
pay_07353,cust_1927,2420.31,authentication_failed,3,11,5,839,5.0,netbanking,0.688,0
pay_07354,cust_0654,534.59,insufficient_funds,1,16,6,261,1.88,netbanking,0.727,1
pay_07355,cust_0763,5322.67,bank_timeout,2,0,3,889,2.74,upi,0.0,0
pay_07356,cust_0037,8987.09,insufficient_funds,0,2,6,707,1.11,card,0.25,0
pay_07357,cust_0240,655.44,authentication_failed,0,15,3,224,0.65,upi,0.833,0
pay_07358,cust_1507,867.32,insufficient_funds,1,3,4,817,0.28,upi,0.429,0
pay_07359,cust_1100,2640.32,bank_timeout,3,3,1,358,0.72,card,0.75,0
pay_07360,cust_0808,2652.04,bank_timeout,3,12,5,771,3.42,upi,0.706,0
pay_07361,cust_2335,1718.6,bank_timeout,2,14,5,614,1.68,upi,0.737,1
pay_07362,cust_1593,8376.28,insufficient_funds,3,10,2,561,2.85,netbanking,0.833,1
pay_07363,cust_0737,1325.22,expired_card,2,4,2,331,4.14,netbanking,0.667,1
pay_07364,cust_0928,1261.61,invalid_card,0,16,6,205,4.42,card,0.727,0
pay_07365,cust_1666,438.96,invalid_card,2,4,5,943,0.26,upi,0.444,0
pay_07366,cust_1505,2158.06,authentication_failed,1,17,4,148,2.94,card,0.81,1
pay_07367,cust_1784,248.75,expired_card,1,17,8,325,3.85,upi,0.68,1
pay_07368,cust_2346,6655.39,bank_timeout,2,18,2,535,3.7,upi,0.9,1
pay_07369,cust_1766,3712.57,invalid_card,2,20,8,797,2.15,card,0.714,0
pay_07370,cust_0010,6286.32,bank_timeout,2,1,1,42,4.97,netbanking,0.5,0
pay_07371,cust_1920,2730.36,insufficient_funds,3,1,2,909,0.39,upi,0.333,0
pay_07372,cust_0259,8738.56,expired_card,0,20,0,388,3.9,netbanking,1.0,1
pay_07373,cust_0970,352.83,bank_timeout,2,0,3,56,2.43,card,0.0,0
pay_07374,cust_0042,2000.64,bank_timeout,2,16,8,250,3.82,card,0.667,1
pay_07375,cust_1691,427.06,authentication_failed,3,20,3,761,3.34,netbanking,0.87,1
pay_07376,cust_1628,301.12,insufficient_funds,0,20,0,602,1.41,netbanking,1.0,1
pay_07377,cust_0774,8916.51,bank_timeout,3,11,1,292,2.03,upi,0.917,1
pay_07378,cust_0224,1038.56,authentication_failed,2,1,3,692,3.63,netbanking,0.25,0
pay_07379,cust_1255,1136.29,insufficient_funds,3,14,4,658,1.86,card,0.778,1
pay_07380,cust_0785,2221.26,bank_timeout,0,10,8,783,4.27,netbanking,0.556,1
pay_07381,cust_0384,9094.18,expired_card,0,17,3,599,3.32,card,0.85,0
pay_07382,cust_1826,7397.07,authentication_failed,3,12,6,818,1.45,card,0.667,0
pay_07383,cust_0124,3281.86,authentication_failed,1,12,2,811,4.22,upi,0.857,0
pay_07384,cust_2252,1915.93,expired_card,2,17,1,114,2.15,netbanking,0.944,1
pay_07385,cust_0430,824.27,bank_timeout,0,9,3,130,1.86,card,0.75,1
pay_07386,cust_0005,401.22,bank_timeout,0,4,3,321,3.08,netbanking,0.571,1
pay_07387,cust_1492,981.98,insufficient_funds,3,5,8,625,2.84,card,0.385,0
pay_07388,cust_2300,2505.7,insufficient_funds,3,16,2,454,4.29,card,0.889,1
pay_07389,cust_2485,1433.22,insufficient_funds,0,1,0,727,4.41,netbanking,1.0,0
pay_07390,cust_0526,1194.42,expired_card,2,5,1,49,1.93,card,0.833,1
pay_07391,cust_2219,985.77,insufficient_funds,1,1,5,182,3.93,card,0.167,0
pay_07392,cust_0084,1139.78,insufficient_funds,2,6,8,750,0.14,netbanking,0.429,0
pay_07393,cust_1454,2478.25,expired_card,3,9,4,353,0.8,netbanking,0.692,0
pay_07394,cust_1169,316.45,bank_timeout,0,19,1,701,2.23,upi,0.95,1
pay_07395,cust_2303,9022.38,expired_card,0,9,8,816,4.17,card,0.529,0
pay_07396,cust_0019,525.28,bank_timeout,1,19,6,114,3.01,card,0.76,1
pay_07397,cust_0998,7290.62,expired_card,1,19,5,760,2.69,upi,0.792,1
pay_07398,cust_0096,8185.63,expired_card,0,2,7,72,3.86,upi,0.222,0
pay_07399,cust_0643,2986.67,invalid_card,3,5,8,104,2.98,upi,0.385,0
pay_07400,cust_2433,1691.39,bank_timeout,0,15,6,809,1.78,upi,0.714,0
pay_07401,cust_1006,1160.39,insufficient_funds,3,2,8,109,0.39,card,0.2,1
pay_07402,cust_2398,2998.04,invalid_card,1,9,8,603,0.75,upi,0.529,0
pay_07403,cust_1452,639.7,bank_timeout,1,18,5,423,3.0,upi,0.783,0
pay_07404,cust_0352,203.28,expired_card,2,14,5,866,2.65,upi,0.737,1
pay_07405,cust_2224,294.49,authentication_failed,1,3,1,450,4.53,card,0.75,1
pay_07406,cust_1096,2692.35,expired_card,1,20,8,309,0.75,card,0.714,0
pay_07407,cust_0867,6319.79,insufficient_funds,3,6,0,144,1.59,netbanking,1.0,1
pay_07408,cust_0288,227.23,expired_card,3,19,8,373,2.57,upi,0.704,0
pay_07409,cust_1684,276.85,authentication_failed,0,8,2,692,0.59,upi,0.8,0
pay_07410,cust_0378,3411.32,invalid_card,1,3,3,643,1.12,card,0.5,0
pay_07411,cust_1945,2943.05,authentication_failed,1,11,8,956,2.5,netbanking,0.579,0
pay_07412,cust_1101,356.97,invalid_card,2,19,1,849,4.39,netbanking,0.95,0
pay_07413,cust_1712,8997.89,insufficient_funds,3,9,0,862,0.36,upi,1.0,0
pay_07414,cust_1130,1399.01,invalid_card,3,4,1,917,2.0,card,0.8,0
pay_07415,cust_0968,3610.91,expired_card,2,10,1,259,1.97,card,0.909,1
pay_07416,cust_2453,1202.21,expired_card,3,14,2,346,3.21,card,0.875,0
pay_07417,cust_1187,932.72,invalid_card,0,1,2,790,1.94,netbanking,0.333,0
pay_07418,cust_2046,437.42,invalid_card,0,8,6,275,4.18,upi,0.571,0
pay_07419,cust_1777,7309.88,authentication_failed,3,14,1,933,4.34,upi,0.933,0
pay_07420,cust_1807,314.73,bank_timeout,0,0,2,336,1.06,netbanking,0.0,1
pay_07421,cust_2279,969.14,expired_card,1,6,4,255,2.06,netbanking,0.6,0
pay_07422,cust_1173,589.1,invalid_card,2,13,7,744,3.16,upi,0.65,0
pay_07423,cust_1960,8477.51,authentication_failed,2,14,4,842,2.93,netbanking,0.778,1
pay_07424,cust_1232,2938.63,insufficient_funds,1,6,6,506,2.64,netbanking,0.5,1
pay_07425,cust_2324,1930.65,authentication_failed,3,14,2,989,3.14,upi,0.875,1
pay_07426,cust_2062,668.99,invalid_card,3,17,6,281,2.94,upi,0.739,0
pay_07427,cust_2059,1631.34,authentication_failed,1,2,3,342,4.06,card,0.4,0
pay_07428,cust_1006,7661.47,invalid_card,2,1,6,105,1.29,card,0.143,0
pay_07429,cust_2165,214.02,bank_timeout,0,15,3,225,2.75,netbanking,0.833,1
pay_07430,cust_0215,283.43,invalid_card,1,7,6,410,0.9,card,0.538,1
pay_07431,cust_0812,7673.72,expired_card,3,8,4,408,4.17,netbanking,0.667,0
pay_07432,cust_0661,4200.31,invalid_card,0,8,3,613,1.17,card,0.727,0
pay_07433,cust_1351,2266.91,invalid_card,3,16,7,734,0.65,netbanking,0.696,1
pay_07434,cust_0986,1486.79,expired_card,1,13,6,392,4.62,card,0.684,0
pay_07435,cust_2118,490.76,authentication_failed,3,14,2,998,0.59,upi,0.875,0
pay_07436,cust_0698,2103.11,bank_timeout,3,10,8,391,0.14,upi,0.556,0
pay_07437,cust_0201,714.08,invalid_card,2,4,8,954,3.44,netbanking,0.333,0
pay_07438,cust_1051,539.75,authentication_failed,0,11,1,32,2.2,card,0.917,1
pay_07439,cust_1707,7407.5,bank_timeout,1,5,6,371,1.85,netbanking,0.455,1
pay_07440,cust_2313,899.37,bank_timeout,1,19,3,153,4.46,card,0.864,1
pay_07441,cust_1457,2739.95,insufficient_funds,3,20,5,177,4.11,upi,0.8,0
pay_07442,cust_1214,5377.24,expired_card,0,13,4,731,2.59,netbanking,0.765,0
pay_07443,cust_1619,477.72,expired_card,2,13,0,275,1.34,card,1.0,0
pay_07444,cust_0287,1704.7,expired_card,1,16,0,720,4.83,card,1.0,0
pay_07445,cust_1130,598.14,expired_card,0,18,4,451,2.32,card,0.818,0
pay_07446,cust_2155,1176.45,bank_timeout,2,2,5,686,2.33,card,0.286,1
pay_07447,cust_1753,911.75,insufficient_funds,2,13,5,232,3.72,card,0.722,0
pay_07448,cust_1994,2647.43,expired_card,0,10,7,205,4.59,card,0.588,1
pay_07449,cust_0955,2160.69,expired_card,3,16,4,150,1.03,upi,0.8,0
pay_07450,cust_2327,2052.64,invalid_card,0,17,5,821,3.99,netbanking,0.773,0
pay_07451,cust_1608,936.64,expired_card,3,12,7,824,1.71,card,0.632,0
pay_07452,cust_1772,1739.35,insufficient_funds,0,8,7,658,4.08,upi,0.533,0
pay_07453,cust_2283,7170.6,invalid_card,2,3,5,994,4.49,netbanking,0.375,0
pay_07454,cust_0105,6553.18,authentication_failed,0,13,7,993,4.4,upi,0.65,1
pay_07455,cust_1114,874.88,expired_card,1,15,0,52,3.26,netbanking,1.0,1
pay_07456,cust_2444,574.99,expired_card,0,14,6,214,1.53,upi,0.7,1
pay_07457,cust_1654,280.17,expired_card,2,3,7,523,1.42,netbanking,0.3,0
pay_07458,cust_1170,539.61,insufficient_funds,1,8,8,238,0.93,upi,0.5,0
pay_07459,cust_1253,1390.03,bank_timeout,1,17,6,521,3.22,card,0.739,1
pay_07460,cust_0389,391.71,invalid_card,1,17,4,371,4.02,card,0.81,1
pay_07461,cust_2135,776.78,expired_card,2,7,8,552,4.47,netbanking,0.467,0
pay_07462,cust_0892,2302.47,expired_card,0,16,5,885,2.63,netbanking,0.762,0
pay_07463,cust_0581,8715.9,invalid_card,3,19,6,57,0.23,card,0.76,0
pay_07464,cust_1712,415.55,bank_timeout,1,12,3,135,0.97,card,0.8,0
pay_07465,cust_1362,8327.51,invalid_card,1,13,7,710,0.69,netbanking,0.65,0
pay_07466,cust_0981,371.96,authentication_failed,2,4,4,73,0.69,upi,0.5,0
pay_07467,cust_0605,586.19,insufficient_funds,2,16,8,508,0.35,card,0.667,1
pay_07468,cust_1325,1361.29,expired_card,2,4,0,626,2.69,netbanking,1.0,0
pay_07469,cust_1209,353.83,expired_card,0,1,8,374,0.55,netbanking,0.111,0
pay_07470,cust_1768,507.62,expired_card,0,0,7,945,4.32,upi,0.0,1
pay_07471,cust_1830,2659.95,invalid_card,3,10,4,684,1.34,upi,0.714,0
pay_07472,cust_0162,8872.45,authentication_failed,1,7,4,55,2.49,card,0.636,1
pay_07473,cust_0740,984.01,invalid_card,0,16,8,808,0.15,card,0.667,0
pay_07474,cust_0963,7336.52,insufficient_funds,1,9,8,738,0.5,upi,0.529,0
pay_07475,cust_2337,1236.12,authentication_failed,2,20,4,699,2.77,upi,0.833,1
pay_07476,cust_1921,5123.47,expired_card,2,19,0,86,4.24,upi,1.0,1
pay_07477,cust_2076,620.88,expired_card,2,4,8,97,4.77,netbanking,0.333,1
pay_07478,cust_2301,373.7,authentication_failed,3,3,7,64,0.72,card,0.3,0
pay_07479,cust_0103,863.88,bank_timeout,3,16,0,653,0.66,card,1.0,1
pay_07480,cust_2325,4319.19,bank_timeout,3,15,1,669,4.41,upi,0.938,1
pay_07481,cust_2478,438.64,insufficient_funds,0,17,8,335,4.44,upi,0.68,0
pay_07482,cust_0108,7741.21,invalid_card,1,10,4,426,2.28,card,0.714,1
pay_07483,cust_1460,884.35,authentication_failed,3,9,0,805,1.71,upi,1.0,0
pay_07484,cust_2386,728.45,authentication_failed,2,11,2,633,3.84,netbanking,0.846,1
pay_07485,cust_2094,4787.34,insufficient_funds,0,4,2,877,1.76,upi,0.667,1
pay_07486,cust_2292,2015.4,insufficient_funds,0,11,5,626,2.03,card,0.688,1
pay_07487,cust_1995,2401.31,insufficient_funds,2,12,7,832,3.45,netbanking,0.632,1
pay_07488,cust_2175,860.98,bank_timeout,1,13,5,689,4.31,netbanking,0.722,1
pay_07489,cust_0757,941.71,authentication_failed,3,14,4,297,0.99,card,0.778,1
pay_07490,cust_1205,9847.05,authentication_failed,3,13,4,345,3.28,upi,0.765,0
pay_07491,cust_1416,1969.49,bank_timeout,3,12,2,387,3.92,card,0.857,1
pay_07492,cust_2278,2205.18,bank_timeout,2,19,8,524,2.91,netbanking,0.704,0
pay_07493,cust_1707,497.66,bank_timeout,2,10,1,756,4.81,netbanking,0.909,0
pay_07494,cust_0023,487.92,bank_timeout,1,15,2,56,4.76,card,0.882,1
pay_07495,cust_1495,8992.64,expired_card,1,3,4,611,2.45,netbanking,0.429,1
pay_07496,cust_1060,5957.62,expired_card,3,13,3,479,4.17,upi,0.812,0
pay_07497,cust_0144,2539.32,bank_timeout,1,4,2,696,4.34,card,0.667,0
pay_07498,cust_2205,2250.3,insufficient_funds,2,18,7,619,2.8,upi,0.72,1
pay_07499,cust_1259,3427.32,authentication_failed,1,0,1,996,4.5,card,0.0,1
pay_07500,cust_0018,1170.07,authentication_failed,1,12,1,154,4.49,card,0.923,1
pay_07501,cust_1743,891.66,insufficient_funds,1,8,1,135,2.46,card,0.889,1
pay_07502,cust_0188,2130.29,expired_card,3,7,2,825,3.47,netbanking,0.778,0
pay_07503,cust_1628,363.69,bank_timeout,1,19,1,174,0.28,upi,0.95,1
pay_07504,cust_1638,837.82,authentication_failed,3,14,5,215,4.78,card,0.737,1
pay_07505,cust_0613,1695.96,insufficient_funds,2,3,2,537,3.25,netbanking,0.6,1
pay_07506,cust_1151,501.06,expired_card,1,10,8,82,1.53,upi,0.556,1
pay_07507,cust_2391,428.91,bank_timeout,0,5,5,629,1.83,netbanking,0.5,1
pay_07508,cust_0699,5061.35,bank_timeout,2,15,1,766,4.24,card,0.938,1
pay_07509,cust_1183,1065.55,invalid_card,2,6,4,269,4.24,netbanking,0.6,1
pay_07510,cust_0221,710.82,bank_timeout,1,6,8,195,3.85,upi,0.429,0
pay_07511,cust_0151,456.73,bank_timeout,2,13,8,229,4.5,netbanking,0.619,0
pay_07512,cust_1371,268.34,authentication_failed,3,13,8,149,3.06,netbanking,0.619,1
pay_07513,cust_1590,2533.05,invalid_card,2,18,3,402,0.89,upi,0.857,0
pay_07514,cust_1018,740.69,bank_timeout,3,0,1,132,2.9,netbanking,0.0,0
pay_07515,cust_0923,722.07,authentication_failed,1,11,0,105,4.17,card,1.0,1
pay_07516,cust_2495,9471.9,invalid_card,0,7,1,42,1.7,netbanking,0.875,1
pay_07517,cust_0827,558.8,insufficient_funds,1,6,7,939,3.41,upi,0.462,1
pay_07518,cust_2021,2055.66,bank_timeout,0,11,2,112,2.08,card,0.846,1
pay_07519,cust_1054,8155.3,expired_card,0,15,8,540,2.64,card,0.652,1
pay_07520,cust_0930,1942.76,invalid_card,1,12,4,649,3.43,upi,0.75,1
pay_07521,cust_0551,365.59,insufficient_funds,1,0,0,973,2.46,upi,0.0,1
pay_07522,cust_0673,925.64,expired_card,1,3,8,140,0.24,card,0.273,0
pay_07523,cust_2304,2961.39,bank_timeout,0,8,7,328,2.93,card,0.533,1
pay_07524,cust_1341,1008.57,authentication_failed,3,13,8,522,2.91,upi,0.619,1
pay_07525,cust_0086,945.9,expired_card,1,14,6,946,0.72,upi,0.7,1
pay_07526,cust_0865,3250.91,bank_timeout,0,19,6,470,2.95,card,0.76,0
pay_07527,cust_0440,326.56,expired_card,1,3,4,995,4.1,upi,0.429,0
pay_07528,cust_0127,305.66,expired_card,0,7,5,124,3.84,netbanking,0.583,0
pay_07529,cust_0833,492.25,insufficient_funds,0,18,8,169,0.91,netbanking,0.692,0
pay_07530,cust_0582,362.78,insufficient_funds,2,11,6,337,0.92,upi,0.647,0
pay_07531,cust_1305,937.11,authentication_failed,0,4,4,200,3.35,upi,0.5,0
pay_07532,cust_0528,587.31,invalid_card,0,11,3,563,3.86,upi,0.786,0
pay_07533,cust_2397,283.11,expired_card,0,7,2,238,2.3,upi,0.778,1
pay_07534,cust_1461,1927.55,expired_card,2,19,2,590,3.16,netbanking,0.905,0
pay_07535,cust_1320,2625.52,invalid_card,3,11,3,120,2.9,card,0.786,0
pay_07536,cust_0804,2339.03,invalid_card,1,16,0,397,3.18,card,1.0,1
pay_07537,cust_0961,550.11,bank_timeout,2,13,0,80,0.6,upi,1.0,1
pay_07538,cust_0462,9661.2,expired_card,3,8,8,811,4.57,card,0.5,0
pay_07539,cust_1652,7601.65,insufficient_funds,0,16,6,232,1.82,netbanking,0.727,1
pay_07540,cust_2457,2613.0,bank_timeout,1,8,0,163,3.23,card,1.0,1
pay_07541,cust_1170,790.59,insufficient_funds,0,14,1,53,3.57,upi,0.933,1
pay_07542,cust_2466,981.84,expired_card,0,13,4,207,0.15,netbanking,0.765,1
pay_07543,cust_2280,364.57,bank_timeout,1,18,7,923,0.37,upi,0.72,1
pay_07544,cust_1888,256.04,insufficient_funds,1,13,1,999,4.93,card,0.929,0
pay_07545,cust_1439,5817.93,expired_card,3,3,3,655,4.9,upi,0.5,0
pay_07546,cust_0296,1790.8,invalid_card,2,1,3,469,0.6,card,0.25,0
pay_07547,cust_2151,1551.82,expired_card,0,1,8,132,4.85,upi,0.111,0
pay_07548,cust_0281,700.26,insufficient_funds,3,5,6,848,3.72,upi,0.455,1
pay_07549,cust_1345,328.48,expired_card,3,16,4,809,2.08,upi,0.8,0
pay_07550,cust_2225,645.29,insufficient_funds,2,9,5,895,3.48,card,0.643,1
pay_07551,cust_0008,407.29,bank_timeout,2,8,3,153,1.21,netbanking,0.727,0
pay_07552,cust_0156,2546.87,invalid_card,1,18,0,40,3.79,card,1.0,1
pay_07553,cust_1537,2953.22,bank_timeout,2,5,3,275,3.37,upi,0.625,0
pay_07554,cust_0373,1905.17,bank_timeout,3,13,7,918,2.87,card,0.65,1
pay_07555,cust_1955,2834.36,expired_card,1,0,5,616,3.58,card,0.0,0
pay_07556,cust_2455,2920.36,expired_card,1,15,3,33,1.8,upi,0.833,0
pay_07557,cust_0452,322.32,authentication_failed,1,16,1,394,2.9,card,0.941,0
pay_07558,cust_1878,9900.84,authentication_failed,3,12,0,379,3.06,netbanking,1.0,0
pay_07559,cust_0554,782.6,expired_card,1,11,8,710,1.79,upi,0.579,0
pay_07560,cust_2484,2243.23,invalid_card,3,12,8,41,0.67,upi,0.6,0
pay_07561,cust_2182,2279.09,insufficient_funds,2,20,1,631,2.02,upi,0.952,1
pay_07562,cust_1797,7266.77,bank_timeout,0,8,0,301,0.7,card,1.0,1
pay_07563,cust_1010,940.41,invalid_card,1,1,0,916,1.77,netbanking,1.0,1
pay_07564,cust_0683,1689.26,insufficient_funds,0,9,6,927,3.0,netbanking,0.6,1
pay_07565,cust_1405,1951.65,insufficient_funds,0,8,6,389,2.33,upi,0.571,0
pay_07566,cust_0318,2812.16,bank_timeout,3,19,0,228,1.94,upi,1.0,0
pay_07567,cust_1413,231.84,invalid_card,2,0,3,142,3.41,upi,0.0,0
pay_07568,cust_0125,801.53,expired_card,0,16,5,564,0.23,netbanking,0.762,1
pay_07569,cust_0574,725.29,expired_card,2,14,4,415,3.16,netbanking,0.778,1
pay_07570,cust_1338,1256.25,authentication_failed,0,6,5,175,2.1,upi,0.545,0
pay_07571,cust_0298,1024.19,bank_timeout,0,1,0,895,1.23,upi,1.0,1
pay_07572,cust_1312,1114.92,insufficient_funds,0,12,3,832,2.3,netbanking,0.8,1
pay_07573,cust_0906,220.24,expired_card,0,7,2,668,1.14,upi,0.778,1
pay_07574,cust_0357,726.86,insufficient_funds,3,7,7,92,4.41,netbanking,0.5,0
pay_07575,cust_0435,6406.62,authentication_failed,0,8,2,943,2.66,upi,0.8,1
pay_07576,cust_1061,620.4,insufficient_funds,0,2,8,42,3.33,upi,0.2,0
pay_07577,cust_1147,3099.73,expired_card,2,7,4,814,2.4,netbanking,0.636,1
pay_07578,cust_1430,8999.24,insufficient_funds,1,3,3,161,0.54,card,0.5,0
pay_07579,cust_1992,4192.74,bank_timeout,0,4,2,986,4.82,upi,0.667,0
pay_07580,cust_1648,2553.25,insufficient_funds,2,18,8,476,4.66,netbanking,0.692,0
pay_07581,cust_0926,293.38,insufficient_funds,3,16,7,478,4.35,upi,0.696,1
pay_07582,cust_1440,9731.73,invalid_card,3,2,7,672,0.29,upi,0.222,0
pay_07583,cust_1940,492.86,insufficient_funds,3,5,4,839,2.68,card,0.556,1
pay_07584,cust_1293,230.92,insufficient_funds,1,15,7,370,4.65,card,0.682,0
pay_07585,cust_1509,2247.92,invalid_card,1,17,5,220,3.75,upi,0.773,0
pay_07586,cust_0435,372.82,invalid_card,0,13,4,372,2.37,card,0.765,0
pay_07587,cust_0221,1792.98,invalid_card,0,11,1,100,4.99,upi,0.917,1
pay_07588,cust_2371,2317.69,authentication_failed,3,12,1,966,0.92,upi,0.923,1
pay_07589,cust_2103,301.44,insufficient_funds,1,15,6,518,1.14,card,0.714,0
pay_07590,cust_0118,1468.03,expired_card,1,7,6,293,4.07,netbanking,0.538,0
pay_07591,cust_2471,3877.98,insufficient_funds,1,10,5,646,1.65,netbanking,0.667,0
pay_07592,cust_1702,592.71,insufficient_funds,2,5,5,422,0.28,netbanking,0.5,1
pay_07593,cust_1474,780.43,authentication_failed,2,20,8,454,0.21,card,0.714,1
pay_07594,cust_1768,1034.71,authentication_failed,2,6,0,996,0.25,upi,1.0,1
pay_07595,cust_0664,2636.81,insufficient_funds,3,8,6,415,1.46,netbanking,0.571,0
pay_07596,cust_1251,8973.73,expired_card,1,1,7,994,3.61,upi,0.125,0
pay_07597,cust_1234,1998.56,invalid_card,3,8,7,198,4.55,upi,0.533,0
pay_07598,cust_1779,1151.04,invalid_card,1,14,4,687,4.95,card,0.778,1
pay_07599,cust_0255,275.42,insufficient_funds,1,8,7,726,3.61,upi,0.533,0
pay_07600,cust_2258,807.47,expired_card,0,19,2,286,4.24,upi,0.905,1
pay_07601,cust_0011,1308.98,expired_card,2,16,1,845,2.36,netbanking,0.941,0
pay_07602,cust_1660,973.94,authentication_failed,2,1,4,496,0.91,card,0.2,1
pay_07603,cust_0298,339.72,bank_timeout,3,15,1,347,0.27,netbanking,0.938,1
pay_07604,cust_0613,4418.98,authentication_failed,2,17,7,128,4.43,upi,0.708,0
pay_07605,cust_1034,273.94,insufficient_funds,3,14,8,30,3.4,netbanking,0.636,0
pay_07606,cust_0121,1484.88,authentication_failed,1,11,7,374,4.8,card,0.611,0
pay_07607,cust_0243,823.22,authentication_failed,0,11,4,814,0.21,card,0.733,0
pay_07608,cust_1632,5615.53,expired_card,2,9,7,458,3.04,card,0.562,0
pay_07609,cust_0038,372.26,authentication_failed,0,7,5,538,3.88,upi,0.583,0
pay_07610,cust_2386,216.78,bank_timeout,1,18,4,942,1.01,netbanking,0.818,1
pay_07611,cust_2125,343.24,expired_card,1,1,0,782,2.54,card,1.0,1
pay_07612,cust_0771,4148.57,invalid_card,3,13,3,618,4.54,upi,0.812,1
pay_07613,cust_0474,338.01,insufficient_funds,3,4,8,438,3.52,netbanking,0.333,0
pay_07614,cust_2044,9951.43,insufficient_funds,0,8,7,778,4.22,netbanking,0.533,1
pay_07615,cust_2124,1514.36,invalid_card,1,12,4,893,1.07,upi,0.75,0
pay_07616,cust_1748,382.83,invalid_card,1,3,4,765,2.62,card,0.429,1
pay_07617,cust_1802,407.39,expired_card,1,7,0,779,4.27,upi,1.0,0
pay_07618,cust_0892,954.35,bank_timeout,3,13,5,959,0.75,upi,0.722,1
pay_07619,cust_1686,1889.53,insufficient_funds,2,6,6,463,3.36,card,0.5,1
pay_07620,cust_1046,4918.32,invalid_card,2,20,5,77,0.72,upi,0.8,0
pay_07621,cust_2307,2146.2,invalid_card,1,7,5,198,4.59,netbanking,0.583,0
pay_07622,cust_1053,3668.98,bank_timeout,2,4,1,572,1.74,card,0.8,1
pay_07623,cust_1596,577.29,expired_card,0,20,8,148,1.83,card,0.714,0
pay_07624,cust_1916,575.48,insufficient_funds,0,10,4,982,1.01,netbanking,0.714,1
pay_07625,cust_1608,3892.19,bank_timeout,3,0,7,140,2.64,netbanking,0.0,0
pay_07626,cust_0086,2714.74,insufficient_funds,1,4,0,606,4.93,netbanking,1.0,1
pay_07627,cust_1902,2277.9,authentication_failed,1,8,3,358,4.8,upi,0.727,0
pay_07628,cust_2289,8139.84,invalid_card,0,6,4,394,4.24,netbanking,0.6,0
pay_07629,cust_2368,3534.38,invalid_card,2,13,8,912,2.45,upi,0.619,0
pay_07630,cust_1252,5723.27,bank_timeout,0,11,8,177,3.8,upi,0.579,0
pay_07631,cust_0145,2700.9,invalid_card,1,5,2,503,1.14,netbanking,0.714,0
pay_07632,cust_1474,1169.33,bank_timeout,2,1,1,78,2.92,netbanking,0.5,0
pay_07633,cust_2284,2305.64,invalid_card,0,14,3,510,0.19,netbanking,0.824,1
pay_07634,cust_1817,1399.64,insufficient_funds,1,18,8,83,4.98,card,0.692,0
pay_07635,cust_2461,322.52,invalid_card,2,2,6,231,1.81,netbanking,0.25,0
pay_07636,cust_2036,761.0,invalid_card,3,9,5,716,2.02,card,0.643,0
pay_07637,cust_0920,465.83,insufficient_funds,2,16,8,809,4.82,netbanking,0.667,1
pay_07638,cust_0662,282.11,insufficient_funds,1,1,0,800,0.25,netbanking,1.0,1
pay_07639,cust_1473,2725.56,bank_timeout,3,12,0,778,1.29,card,1.0,1
pay_07640,cust_0686,902.72,invalid_card,2,11,7,291,3.41,netbanking,0.611,0
pay_07641,cust_2404,6398.7,invalid_card,0,4,3,972,2.2,card,0.571,0
pay_07642,cust_0984,2027.06,expired_card,3,7,2,687,0.28,card,0.778,0
pay_07643,cust_1286,451.0,authentication_failed,3,8,4,295,4.46,netbanking,0.667,0
pay_07644,cust_0725,263.89,invalid_card,0,19,1,750,3.48,card,0.95,1
pay_07645,cust_2416,9758.88,authentication_failed,1,12,7,46,1.41,card,0.632,0
pay_07646,cust_1412,9791.49,bank_timeout,3,10,4,503,4.02,upi,0.714,1
pay_07647,cust_0540,1384.44,authentication_failed,3,1,5,993,2.19,card,0.167,0
pay_07648,cust_1765,578.0,bank_timeout,0,4,2,479,4.42,card,0.667,1
pay_07649,cust_0235,6535.81,insufficient_funds,2,8,4,563,3.2,card,0.667,1
pay_07650,cust_0162,731.64,expired_card,1,12,5,994,1.19,upi,0.706,0
pay_07651,cust_2425,863.48,authentication_failed,0,11,0,357,0.87,netbanking,1.0,1
pay_07652,cust_1633,5667.22,expired_card,3,0,0,929,2.88,card,0.0,0
pay_07653,cust_0114,272.71,invalid_card,1,19,2,304,3.04,netbanking,0.905,0
pay_07654,cust_2255,527.61,authentication_failed,3,14,4,200,2.8,card,0.778,1
pay_07655,cust_1097,6072.46,expired_card,2,12,5,580,2.63,upi,0.706,0
pay_07656,cust_1035,2090.69,invalid_card,3,16,0,395,0.9,card,1.0,0
pay_07657,cust_1341,6069.76,expired_card,2,4,7,417,0.52,netbanking,0.364,0
pay_07658,cust_1433,4269.32,invalid_card,1,13,5,102,4.68,upi,0.722,0
pay_07659,cust_1920,547.13,invalid_card,1,10,0,357,3.96,upi,1.0,0
pay_07660,cust_1960,8249.24,authentication_failed,3,13,6,670,1.15,netbanking,0.684,0
pay_07661,cust_0741,612.18,expired_card,1,15,3,510,0.56,upi,0.833,1
pay_07662,cust_2331,223.83,invalid_card,2,11,4,864,0.25,card,0.733,0
pay_07663,cust_1776,432.42,insufficient_funds,1,9,8,970,0.94,card,0.529,0
pay_07664,cust_1509,9458.54,authentication_failed,2,16,1,687,2.92,card,0.941,1
pay_07665,cust_1386,4639.13,insufficient_funds,0,6,5,876,4.7,netbanking,0.545,0
pay_07666,cust_1428,9447.73,expired_card,0,14,7,184,2.48,card,0.667,1
pay_07667,cust_0871,6328.16,authentication_failed,0,7,1,566,3.87,card,0.875,0
pay_07668,cust_1010,675.19,invalid_card,1,17,1,461,4.32,netbanking,0.944,1
pay_07669,cust_1240,305.75,insufficient_funds,3,9,2,399,4.69,card,0.818,1
pay_07670,cust_2046,705.81,bank_timeout,3,11,4,128,0.35,netbanking,0.733,0
pay_07671,cust_1301,1818.77,bank_timeout,3,12,7,973,0.63,card,0.632,0
pay_07672,cust_1099,1608.01,bank_timeout,3,0,7,546,1.36,card,0.0,0
pay_07673,cust_2082,781.65,authentication_failed,0,4,3,672,2.14,card,0.571,0
pay_07674,cust_2389,9754.2,invalid_card,3,6,1,260,1.64,upi,0.857,0
pay_07675,cust_0055,1515.67,insufficient_funds,1,18,7,571,4.22,netbanking,0.72,0
pay_07676,cust_1662,266.95,authentication_failed,3,12,3,133,4.29,netbanking,0.8,1
pay_07677,cust_2164,260.25,bank_timeout,2,12,7,818,4.02,upi,0.632,1
pay_07678,cust_0543,6892.27,invalid_card,2,17,0,230,2.72,card,1.0,0
pay_07679,cust_1195,446.59,bank_timeout,2,12,4,766,0.48,upi,0.75,0
pay_07680,cust_1844,525.59,bank_timeout,0,6,2,476,1.17,card,0.75,1
pay_07681,cust_0060,224.3,authentication_failed,3,5,6,680,2.1,netbanking,0.455,0
pay_07682,cust_2485,4149.13,invalid_card,2,11,5,257,4.67,upi,0.688,0
pay_07683,cust_0800,6336.05,bank_timeout,3,17,3,659,0.58,upi,0.85,1
pay_07684,cust_1400,2989.86,invalid_card,2,19,3,590,2.16,netbanking,0.864,0
pay_07685,cust_0869,1071.52,expired_card,1,16,5,659,3.36,upi,0.762,0
pay_07686,cust_1032,2612.58,invalid_card,3,16,0,868,4.99,card,1.0,0
pay_07687,cust_2289,422.44,bank_timeout,0,3,8,800,4.39,netbanking,0.273,0
pay_07688,cust_2184,963.72,authentication_failed,1,2,8,96,0.12,upi,0.2,0
pay_07689,cust_2003,7793.81,bank_timeout,3,7,3,616,3.81,upi,0.7,0
pay_07690,cust_2058,7151.43,insufficient_funds,2,7,2,209,4.3,netbanking,0.778,1
pay_07691,cust_0813,247.14,bank_timeout,1,15,7,477,3.73,upi,0.682,0
pay_07692,cust_0407,840.99,invalid_card,2,3,3,53,2.22,upi,0.5,1
pay_07693,cust_2453,904.96,expired_card,3,7,1,564,3.74,netbanking,0.875,0
pay_07694,cust_1815,960.57,authentication_failed,1,14,8,997,2.97,netbanking,0.636,1
pay_07695,cust_1207,6438.57,authentication_failed,1,1,8,873,0.75,card,0.111,0
pay_07696,cust_1248,4940.44,authentication_failed,2,15,1,240,4.6,upi,0.938,1
pay_07697,cust_1654,395.21,bank_timeout,0,2,7,252,3.39,netbanking,0.222,0
pay_07698,cust_0011,840.13,invalid_card,1,2,2,262,4.08,netbanking,0.5,1
pay_07699,cust_0600,5687.02,invalid_card,3,10,0,281,0.16,netbanking,1.0,0
pay_07700,cust_2155,1971.04,expired_card,3,14,1,300,1.14,netbanking,0.933,0
pay_07701,cust_1774,368.34,bank_timeout,2,12,4,331,1.54,card,0.75,1
pay_07702,cust_0528,9650.23,expired_card,3,19,3,341,3.6,upi,0.864,0
pay_07703,cust_1231,377.77,invalid_card,2,17,6,234,0.62,card,0.739,0
pay_07704,cust_0279,600.81,bank_timeout,0,13,0,517,1.97,card,1.0,0
pay_07705,cust_1577,300.83,bank_timeout,2,0,6,846,2.99,upi,0.0,0
pay_07706,cust_0659,838.67,insufficient_funds,3,5,6,817,4.05,card,0.455,0
pay_07707,cust_1254,244.22,authentication_failed,2,14,7,1000,0.51,upi,0.667,0
pay_07708,cust_1342,2598.65,authentication_failed,2,15,1,935,2.62,card,0.938,1
pay_07709,cust_2288,348.62,authentication_failed,3,6,2,656,4.72,upi,0.75,0
pay_07710,cust_0610,261.66,expired_card,1,10,4,331,3.49,card,0.714,0
pay_07711,cust_0752,760.3,insufficient_funds,1,12,8,573,4.77,upi,0.6,1
pay_07712,cust_0720,2600.45,insufficient_funds,1,2,3,462,0.34,netbanking,0.4,1
pay_07713,cust_0169,482.58,invalid_card,1,15,4,321,2.7,upi,0.789,0
pay_07714,cust_2432,769.51,expired_card,2,5,6,216,3.7,netbanking,0.455,0
pay_07715,cust_0084,2939.46,invalid_card,3,13,1,997,0.21,upi,0.929,0
pay_07716,cust_0666,355.17,invalid_card,2,10,4,394,4.96,netbanking,0.714,0
pay_07717,cust_1576,599.77,invalid_card,2,18,8,790,1.01,card,0.692,1
pay_07718,cust_2105,7495.45,bank_timeout,0,13,6,591,0.3,upi,0.684,1
pay_07719,cust_1584,9133.39,bank_timeout,1,15,3,709,4.56,upi,0.833,1
pay_07720,cust_0863,441.49,expired_card,3,12,4,353,3.05,upi,0.75,0
pay_07721,cust_0642,751.3,insufficient_funds,0,18,5,198,1.16,netbanking,0.783,1
pay_07722,cust_0900,4893.77,insufficient_funds,1,5,5,412,4.27,upi,0.5,1
pay_07723,cust_0419,6428.98,insufficient_funds,2,16,0,823,1.45,upi,1.0,1
pay_07724,cust_0476,509.28,insufficient_funds,1,6,5,569,2.19,netbanking,0.545,0
pay_07725,cust_1621,270.7,expired_card,0,9,4,610,3.87,netbanking,0.692,1
pay_07726,cust_0746,322.26,bank_timeout,3,19,1,945,1.62,netbanking,0.95,1
pay_07727,cust_2088,3715.5,bank_timeout,2,11,0,760,3.88,card,1.0,1
pay_07728,cust_1485,1720.93,invalid_card,1,6,6,174,0.85,upi,0.5,0
pay_07729,cust_2101,244.44,bank_timeout,3,19,6,448,3.04,upi,0.76,0
pay_07730,cust_1216,272.81,bank_timeout,2,14,5,638,1.6,netbanking,0.737,1
pay_07731,cust_1114,996.83,invalid_card,2,5,7,231,1.19,card,0.417,0
pay_07732,cust_0232,3970.15,invalid_card,3,2,1,675,1.31,card,0.667,0
pay_07733,cust_1638,376.83,bank_timeout,3,7,6,372,0.37,upi,0.538,0
pay_07734,cust_0852,1505.35,authentication_failed,0,13,8,285,3.39,card,0.619,0
pay_07735,cust_1787,957.67,bank_timeout,0,16,6,143,0.88,card,0.727,1
pay_07736,cust_2064,1123.08,invalid_card,1,7,5,235,4.55,netbanking,0.583,0
pay_07737,cust_2163,1084.24,insufficient_funds,3,10,7,172,4.99,netbanking,0.588,0
pay_07738,cust_1768,9786.16,expired_card,0,18,7,369,4.79,card,0.72,0
pay_07739,cust_1305,294.26,expired_card,3,20,6,254,2.99,upi,0.769,0
pay_07740,cust_1472,674.28,invalid_card,2,19,0,314,1.08,card,1.0,1
pay_07741,cust_1122,6299.86,invalid_card,1,0,3,47,4.3,card,0.0,0
pay_07742,cust_0024,1878.77,bank_timeout,2,15,8,643,1.07,card,0.652,1
pay_07743,cust_1573,2914.94,expired_card,1,16,1,190,2.85,upi,0.941,0
pay_07744,cust_1464,407.76,insufficient_funds,2,3,2,444,4.6,card,0.6,1
pay_07745,cust_0136,1616.32,authentication_failed,0,2,3,158,2.01,upi,0.4,1
pay_07746,cust_1223,6845.15,insufficient_funds,3,20,4,571,3.83,netbanking,0.833,1
pay_07747,cust_1683,2782.29,expired_card,3,19,3,421,2.03,card,0.864,0
pay_07748,cust_1413,289.69,bank_timeout,0,14,4,700,2.56,netbanking,0.778,1
pay_07749,cust_2007,6252.56,authentication_failed,1,0,7,542,0.42,upi,0.0,0
pay_07750,cust_0111,313.74,expired_card,1,10,7,235,4.92,netbanking,0.588,1
pay_07751,cust_0837,866.16,expired_card,2,15,7,641,0.93,card,0.682,0
pay_07752,cust_1347,852.59,bank_timeout,3,11,8,163,3.77,upi,0.579,0
pay_07753,cust_0966,2006.36,expired_card,1,5,8,648,3.93,netbanking,0.385,1
pay_07754,cust_1390,556.82,invalid_card,2,20,1,897,4.08,netbanking,0.952,1
pay_07755,cust_0626,2269.7,invalid_card,3,1,0,881,1.86,upi,1.0,0
pay_07756,cust_0465,492.85,expired_card,3,16,6,381,2.25,netbanking,0.727,1
pay_07757,cust_1080,6441.18,bank_timeout,0,4,1,633,2.22,card,0.8,1
pay_07758,cust_0995,4015.88,bank_timeout,3,5,7,236,0.16,upi,0.417,1
pay_07759,cust_0421,1056.98,insufficient_funds,3,14,5,746,0.49,upi,0.737,1
pay_07760,cust_1637,7465.42,authentication_failed,2,7,3,670,2.99,netbanking,0.7,0
pay_07761,cust_0372,8433.85,authentication_failed,1,16,3,452,2.33,netbanking,0.842,1
pay_07762,cust_1711,3062.06,authentication_failed,3,0,3,192,0.61,upi,0.0,0
pay_07763,cust_0463,4601.77,authentication_failed,0,15,4,866,4.79,card,0.789,1
pay_07764,cust_1001,721.13,bank_timeout,1,20,1,976,4.05,upi,0.952,1
pay_07765,cust_1234,516.6,bank_timeout,2,14,8,632,0.61,upi,0.636,0
pay_07766,cust_1773,716.1,invalid_card,2,5,1,523,0.85,card,0.833,0
pay_07767,cust_1133,6912.18,insufficient_funds,3,3,3,784,3.61,card,0.5,0
pay_07768,cust_2440,3494.41,insufficient_funds,1,10,3,561,3.32,netbanking,0.769,1
pay_07769,cust_2482,2262.79,invalid_card,3,4,2,923,1.58,netbanking,0.667,0
pay_07770,cust_1327,6101.34,expired_card,0,2,8,689,4.27,upi,0.2,0
pay_07771,cust_1059,214.21,insufficient_funds,2,6,0,157,1.84,upi,1.0,1
pay_07772,cust_1800,256.5,invalid_card,0,20,2,802,4.68,card,0.909,0
pay_07773,cust_1535,6632.47,insufficient_funds,0,13,5,68,1.49,card,0.722,1
pay_07774,cust_0803,1103.04,expired_card,0,16,5,149,4.8,card,0.762,0
pay_07775,cust_0224,2656.25,bank_timeout,3,10,6,328,1.29,card,0.625,0
pay_07776,cust_2321,2994.41,bank_timeout,2,5,3,334,3.66,upi,0.625,1
pay_07777,cust_2321,457.09,expired_card,3,16,8,70,3.81,netbanking,0.667,0
pay_07778,cust_1857,1014.97,insufficient_funds,0,17,0,973,3.39,netbanking,1.0,1
pay_07779,cust_1360,222.76,authentication_failed,0,9,5,45,1.63,card,0.643,0
pay_07780,cust_0380,1255.0,authentication_failed,3,14,0,201,2.86,upi,1.0,0
pay_07781,cust_0160,1233.58,invalid_card,2,4,8,890,1.87,card,0.333,0
pay_07782,cust_1541,662.61,invalid_card,3,2,8,988,2.82,upi,0.2,0
pay_07783,cust_0212,1915.04,authentication_failed,2,4,1,963,0.77,upi,0.8,0
pay_07784,cust_0555,1810.01,expired_card,0,8,5,728,2.24,netbanking,0.615,1
pay_07785,cust_1075,5276.43,bank_timeout,0,9,2,771,0.89,upi,0.818,1
pay_07786,cust_2384,7151.49,invalid_card,2,10,8,283,4.09,upi,0.556,0
pay_07787,cust_0328,915.95,bank_timeout,3,9,5,123,3.4,card,0.643,0
pay_07788,cust_0479,7439.9,invalid_card,0,15,4,885,4.18,card,0.789,0
pay_07789,cust_1683,855.37,expired_card,1,20,2,117,1.03,upi,0.909,0
pay_07790,cust_1390,203.05,authentication_failed,3,12,0,723,0.44,upi,1.0,0
pay_07791,cust_0657,1473.37,invalid_card,0,11,1,644,4.42,netbanking,0.917,1
pay_07792,cust_2500,739.16,authentication_failed,1,18,7,386,1.52,upi,0.72,0
pay_07793,cust_2239,595.88,expired_card,1,7,4,68,4.49,upi,0.636,1
pay_07794,cust_1285,781.17,invalid_card,1,13,6,369,0.21,upi,0.684,1
pay_07795,cust_2319,481.55,insufficient_funds,1,17,8,102,2.42,upi,0.68,1
pay_07796,cust_0537,575.92,bank_timeout,1,2,1,97,4.76,netbanking,0.667,1
pay_07797,cust_0770,1948.54,invalid_card,2,13,4,531,3.53,netbanking,0.765,1
pay_07798,cust_0301,273.02,invalid_card,0,5,8,843,1.28,card,0.385,0
pay_07799,cust_2345,327.71,invalid_card,2,17,3,147,1.01,netbanking,0.85,0
pay_07800,cust_0129,8125.2,authentication_failed,0,1,2,381,0.97,card,0.333,0
pay_07801,cust_0169,3977.91,insufficient_funds,3,3,4,779,0.95,netbanking,0.429,0
pay_07802,cust_1281,635.9,bank_timeout,1,17,4,198,2.84,card,0.81,1
pay_07803,cust_1910,599.13,invalid_card,1,9,7,307,2.38,upi,0.562,1
pay_07804,cust_1554,2889.22,expired_card,0,4,1,190,1.61,netbanking,0.8,1
pay_07805,cust_0596,2515.93,invalid_card,0,13,0,952,4.02,card,1.0,1
pay_07806,cust_0487,467.24,bank_timeout,2,14,1,851,0.24,card,0.933,0
pay_07807,cust_0769,257.85,invalid_card,0,15,0,614,4.76,card,1.0,0
pay_07808,cust_2150,900.86,insufficient_funds,2,16,5,354,3.71,upi,0.762,1
pay_07809,cust_2021,445.56,invalid_card,3,2,7,199,3.76,card,0.222,0
pay_07810,cust_1453,2864.71,expired_card,1,1,4,85,3.38,netbanking,0.2,1
pay_07811,cust_1172,366.78,expired_card,1,18,6,877,4.04,netbanking,0.75,1
pay_07812,cust_1118,2301.49,insufficient_funds,1,12,1,450,4.21,card,0.923,0
pay_07813,cust_1886,294.2,insufficient_funds,1,17,3,694,2.25,card,0.85,1
pay_07814,cust_0615,703.58,expired_card,1,20,0,335,1.17,upi,1.0,1
pay_07815,cust_2069,672.78,insufficient_funds,2,16,7,831,0.68,upi,0.696,1
pay_07816,cust_0192,554.74,invalid_card,1,4,0,643,0.4,card,1.0,1
pay_07817,cust_1269,3831.59,bank_timeout,0,11,6,619,4.66,card,0.647,1
pay_07818,cust_0414,962.69,invalid_card,1,2,4,393,3.28,upi,0.333,0
pay_07819,cust_1911,3248.59,insufficient_funds,2,16,6,140,2.81,netbanking,0.727,1
pay_07820,cust_1547,6141.56,invalid_card,0,6,7,953,2.92,netbanking,0.462,0
pay_07821,cust_2221,2587.4,authentication_failed,3,6,7,599,2.19,upi,0.462,0
pay_07822,cust_0689,3858.48,bank_timeout,0,2,7,641,0.94,netbanking,0.222,0
pay_07823,cust_0893,749.98,expired_card,3,5,6,246,2.7,netbanking,0.455,0
pay_07824,cust_2115,441.39,insufficient_funds,3,7,7,491,3.96,netbanking,0.5,1
pay_07825,cust_0709,8679.05,expired_card,0,15,8,615,1.35,netbanking,0.652,0
pay_07826,cust_1614,5352.14,expired_card,3,6,3,321,3.58,card,0.667,0
pay_07827,cust_0659,3878.65,bank_timeout,1,3,3,946,0.14,card,0.5,1
pay_07828,cust_1130,500.93,authentication_failed,3,19,3,367,3.99,upi,0.864,0
pay_07829,cust_1220,2297.17,bank_timeout,0,6,2,36,1.08,upi,0.75,1
pay_07830,cust_0314,916.72,authentication_failed,1,9,8,114,0.83,upi,0.529,1
pay_07831,cust_0008,674.83,invalid_card,1,16,8,124,0.19,card,0.667,0
pay_07832,cust_1448,211.77,authentication_failed,3,10,7,639,1.55,upi,0.588,0
pay_07833,cust_0212,434.82,insufficient_funds,3,20,0,578,4.77,card,1.0,0
pay_07834,cust_2297,1467.97,invalid_card,2,14,6,522,1.63,upi,0.7,0
pay_07835,cust_0135,4959.64,insufficient_funds,2,9,4,212,2.52,netbanking,0.692,0
pay_07836,cust_0214,3820.02,insufficient_funds,1,1,8,830,3.21,netbanking,0.111,0
pay_07837,cust_1279,851.59,authentication_failed,3,14,3,727,2.72,upi,0.824,0
pay_07838,cust_1239,240.16,bank_timeout,1,18,1,992,2.57,card,0.947,1
pay_07839,cust_1226,2778.59,insufficient_funds,3,11,3,332,0.3,netbanking,0.786,1
pay_07840,cust_0742,4523.65,invalid_card,2,0,4,223,2.52,netbanking,0.0,0
pay_07841,cust_1083,2195.62,bank_timeout,3,4,8,38,4.83,card,0.333,1
pay_07842,cust_2292,2471.09,bank_timeout,0,3,5,815,2.69,netbanking,0.375,0
pay_07843,cust_0175,335.61,bank_timeout,1,18,8,903,4.55,netbanking,0.692,1
pay_07844,cust_0027,418.29,expired_card,1,16,5,84,4.29,netbanking,0.762,1
pay_07845,cust_2203,7869.9,expired_card,2,6,3,778,2.33,netbanking,0.667,0
pay_07846,cust_1301,734.42,bank_timeout,1,8,1,157,3.88,upi,0.889,1
pay_07847,cust_2070,252.37,expired_card,3,8,0,841,0.8,netbanking,1.0,0
pay_07848,cust_2401,750.4,insufficient_funds,2,16,7,203,2.68,netbanking,0.696,1
pay_07849,cust_1263,2847.24,authentication_failed,1,3,3,675,0.69,upi,0.5,0
pay_07850,cust_2185,8984.99,insufficient_funds,3,17,0,607,2.82,netbanking,1.0,1
pay_07851,cust_1610,5108.35,bank_timeout,1,9,2,371,0.71,card,0.818,1
pay_07852,cust_0810,1234.64,invalid_card,0,14,3,691,4.68,upi,0.824,1
pay_07853,cust_1058,7513.4,insufficient_funds,2,7,4,560,4.94,netbanking,0.636,1
pay_07854,cust_0674,207.14,authentication_failed,2,2,2,323,3.6,upi,0.5,0
pay_07855,cust_1999,1422.01,insufficient_funds,1,10,3,365,1.04,upi,0.769,1
pay_07856,cust_1048,1300.64,invalid_card,3,17,6,682,4.93,netbanking,0.739,0
pay_07857,cust_0466,879.3,bank_timeout,1,11,6,163,4.14,netbanking,0.647,1
pay_07858,cust_1647,5769.5,bank_timeout,1,2,7,706,0.83,card,0.222,0
pay_07859,cust_0413,2464.67,bank_timeout,3,18,6,98,3.42,card,0.75,1
pay_07860,cust_1815,329.04,authentication_failed,1,18,3,473,3.42,netbanking,0.857,0
pay_07861,cust_1667,1782.85,expired_card,1,20,7,924,0.68,netbanking,0.741,0
pay_07862,cust_0188,5504.48,invalid_card,3,7,4,151,2.38,netbanking,0.636,0
pay_07863,cust_0041,274.69,bank_timeout,0,7,5,853,4.87,netbanking,0.583,0
pay_07864,cust_2192,983.89,insufficient_funds,0,8,6,559,4.31,netbanking,0.571,1
pay_07865,cust_2329,9207.55,expired_card,3,6,3,793,1.43,upi,0.667,1
pay_07866,cust_1520,374.95,invalid_card,1,9,7,767,4.38,upi,0.562,0
pay_07867,cust_2448,268.99,expired_card,2,12,4,190,2.02,card,0.75,0
pay_07868,cust_0657,2091.77,invalid_card,0,10,4,36,0.11,upi,0.714,0
pay_07869,cust_0767,349.25,authentication_failed,1,9,5,222,4.31,netbanking,0.643,0
pay_07870,cust_2124,1958.71,bank_timeout,0,12,5,781,4.34,card,0.706,1
pay_07871,cust_0649,2606.22,insufficient_funds,1,7,7,861,0.19,card,0.5,0
pay_07872,cust_1804,1419.01,bank_timeout,1,3,6,433,1.26,upi,0.333,0
pay_07873,cust_0581,463.56,expired_card,2,2,5,171,1.25,upi,0.286,0
pay_07874,cust_2076,861.64,insufficient_funds,2,6,8,512,3.96,card,0.429,1
pay_07875,cust_0327,3218.69,authentication_failed,0,19,2,636,1.03,upi,0.905,1
pay_07876,cust_1978,893.72,expired_card,0,20,6,180,3.79,upi,0.769,1
pay_07877,cust_2423,7388.51,invalid_card,1,0,1,836,0.46,card,0.0,1
pay_07878,cust_0101,1529.52,bank_timeout,3,17,8,412,2.27,upi,0.68,0
pay_07879,cust_0122,6361.91,expired_card,0,12,7,593,2.65,upi,0.632,0
pay_07880,cust_0078,9156.7,insufficient_funds,1,20,1,410,4.72,card,0.952,1
pay_07881,cust_2217,3242.81,bank_timeout,3,5,7,337,0.46,netbanking,0.417,0
pay_07882,cust_1972,2775.23,bank_timeout,1,4,3,66,2.97,card,0.571,1
pay_07883,cust_1887,527.97,insufficient_funds,1,8,2,877,1.05,card,0.8,0
pay_07884,cust_1035,611.67,bank_timeout,1,15,0,48,1.99,card,1.0,1
pay_07885,cust_0588,2143.77,bank_timeout,3,18,3,959,1.55,card,0.857,0
pay_07886,cust_1744,810.75,bank_timeout,3,10,8,550,4.29,upi,0.556,0
pay_07887,cust_1849,616.53,expired_card,3,1,3,158,2.66,upi,0.25,0
pay_07888,cust_1208,9120.16,expired_card,2,17,3,923,2.01,netbanking,0.85,0
pay_07889,cust_1961,1124.11,expired_card,0,4,1,958,0.21,upi,0.8,1
pay_07890,cust_1370,6782.08,invalid_card,0,15,0,121,3.22,netbanking,1.0,1
pay_07891,cust_1721,9618.06,expired_card,1,5,7,559,0.94,netbanking,0.417,0
pay_07892,cust_0093,1709.49,authentication_failed,3,2,6,598,4.24,card,0.25,0
pay_07893,cust_0260,773.49,insufficient_funds,2,18,8,265,1.5,netbanking,0.692,0
pay_07894,cust_0793,288.33,invalid_card,2,6,4,244,1.18,upi,0.6,0
pay_07895,cust_1162,2243.91,expired_card,1,0,5,176,3.19,upi,0.0,1
pay_07896,cust_1707,1004.14,invalid_card,2,14,4,736,3.96,card,0.778,0
pay_07897,cust_0973,2114.43,authentication_failed,3,17,5,341,1.82,netbanking,0.773,0
pay_07898,cust_1420,2898.86,authentication_failed,0,8,8,854,0.36,upi,0.5,1
pay_07899,cust_1559,699.64,expired_card,2,19,3,994,3.09,netbanking,0.864,0
pay_07900,cust_0792,225.08,expired_card,2,1,8,737,4.61,upi,0.111,1
pay_07901,cust_1205,2762.96,invalid_card,3,19,7,609,2.47,upi,0.731,0
pay_07902,cust_0617,932.36,insufficient_funds,2,1,1,732,3.23,netbanking,0.5,1
pay_07903,cust_0452,587.25,authentication_failed,2,20,8,697,4.78,upi,0.714,1
pay_07904,cust_1314,6009.79,expired_card,3,6,7,701,3.48,card,0.462,0
pay_07905,cust_0887,2841.55,authentication_failed,2,3,8,344,1.86,card,0.273,0
pay_07906,cust_1635,5721.86,expired_card,2,20,1,869,4.8,card,0.952,1
pay_07907,cust_1097,3072.66,expired_card,1,15,3,387,0.8,upi,0.833,1
pay_07908,cust_2473,533.53,invalid_card,2,12,4,382,2.88,netbanking,0.75,0
pay_07909,cust_1054,6132.34,invalid_card,1,1,0,269,1.61,upi,1.0,0
pay_07910,cust_2469,2766.13,bank_timeout,1,12,4,344,0.35,netbanking,0.75,0
pay_07911,cust_1026,987.98,expired_card,1,0,5,737,3.34,card,0.0,0
pay_07912,cust_1033,9150.83,expired_card,3,13,8,350,4.54,netbanking,0.619,0
pay_07913,cust_2314,9086.48,bank_timeout,3,6,1,923,0.65,card,0.857,0
pay_07914,cust_0643,579.58,authentication_failed,2,3,6,648,3.16,card,0.333,0
pay_07915,cust_1872,873.68,bank_timeout,2,12,7,367,2.82,netbanking,0.632,0
pay_07916,cust_2384,4977.53,bank_timeout,0,8,1,674,4.29,upi,0.889,1
pay_07917,cust_2011,2978.76,authentication_failed,3,16,2,930,2.67,upi,0.889,0
pay_07918,cust_1373,261.66,expired_card,3,5,3,670,1.55,netbanking,0.625,1
pay_07919,cust_0039,4796.55,invalid_card,3,3,3,312,4.31,netbanking,0.5,0
pay_07920,cust_0614,765.54,authentication_failed,1,5,4,261,0.75,netbanking,0.556,0
pay_07921,cust_1891,951.18,expired_card,3,16,1,321,4.77,netbanking,0.941,0
pay_07922,cust_2263,1359.28,insufficient_funds,1,15,1,317,0.17,upi,0.938,1
pay_07923,cust_0466,3404.17,bank_timeout,0,9,0,48,1.6,netbanking,1.0,1
pay_07924,cust_1496,5191.75,insufficient_funds,3,19,2,448,2.57,upi,0.905,1
pay_07925,cust_2082,468.26,authentication_failed,3,7,0,617,1.65,upi,1.0,0
pay_07926,cust_1642,4407.71,expired_card,3,16,1,263,4.99,netbanking,0.941,0
pay_07927,cust_0061,201.22,insufficient_funds,2,0,6,983,3.26,card,0.0,0
pay_07928,cust_2198,6461.44,bank_timeout,3,2,8,734,2.24,card,0.2,1
pay_07929,cust_1031,6424.39,insufficient_funds,2,2,5,147,0.15,netbanking,0.286,0
pay_07930,cust_0366,930.14,insufficient_funds,0,10,7,640,3.04,upi,0.588,0
pay_07931,cust_1109,2387.46,authentication_failed,2,2,4,377,4.12,netbanking,0.333,1
pay_07932,cust_2332,8359.83,bank_timeout,3,2,1,548,2.74,upi,0.667,0
pay_07933,cust_0740,392.91,bank_timeout,1,5,2,38,2.06,upi,0.714,0
pay_07934,cust_0464,625.89,invalid_card,0,9,4,734,1.01,netbanking,0.692,1
pay_07935,cust_0466,285.61,bank_timeout,1,8,8,460,1.02,netbanking,0.5,0
pay_07936,cust_1526,8463.97,expired_card,1,20,7,918,4.36,upi,0.741,0
pay_07937,cust_2442,1128.08,bank_timeout,0,3,6,626,4.11,card,0.333,1
pay_07938,cust_0778,457.0,insufficient_funds,1,16,6,814,1.72,upi,0.727,1
pay_07939,cust_1669,455.1,expired_card,0,1,0,992,4.13,card,1.0,0
pay_07940,cust_1477,3646.98,authentication_failed,3,10,6,381,4.82,upi,0.625,0
pay_07941,cust_1624,598.93,expired_card,1,14,3,134,4.32,upi,0.824,1
pay_07942,cust_1838,1627.1,invalid_card,3,0,6,219,4.57,upi,0.0,0
pay_07943,cust_0292,208.44,insufficient_funds,3,9,5,341,2.22,netbanking,0.643,1
pay_07944,cust_1642,7000.1,bank_timeout,0,3,2,242,3.82,netbanking,0.6,0
pay_07945,cust_2324,5783.12,authentication_failed,2,6,6,815,0.2,upi,0.5,0
pay_07946,cust_1149,8437.04,invalid_card,3,0,8,145,3.63,upi,0.0,0
pay_07947,cust_0691,560.4,authentication_failed,3,15,2,801,2.53,netbanking,0.882,0
pay_07948,cust_0207,2663.85,insufficient_funds,0,11,7,728,1.04,upi,0.611,0
pay_07949,cust_1738,270.34,invalid_card,1,12,0,64,2.03,card,1.0,1
pay_07950,cust_1302,713.53,insufficient_funds,0,7,7,406,3.79,upi,0.5,1
pay_07951,cust_2402,2286.71,insufficient_funds,0,14,8,201,3.32,upi,0.636,1
pay_07952,cust_0103,388.6,invalid_card,3,19,2,457,1.43,netbanking,0.905,1
pay_07953,cust_0694,723.49,authentication_failed,0,5,7,56,2.66,upi,0.417,0
pay_07954,cust_2385,859.38,expired_card,3,3,3,345,4.69,netbanking,0.5,0
pay_07955,cust_0147,9370.47,insufficient_funds,2,19,5,384,0.79,card,0.792,1
pay_07956,cust_1524,439.17,insufficient_funds,3,8,4,653,0.58,netbanking,0.667,0
pay_07957,cust_0644,460.71,expired_card,2,3,7,664,4.13,upi,0.3,0
pay_07958,cust_0727,5105.88,expired_card,1,13,1,651,3.08,card,0.929,1
pay_07959,cust_2445,200.67,expired_card,3,2,0,451,2.98,netbanking,1.0,1
pay_07960,cust_1599,3536.76,expired_card,1,12,6,273,0.47,netbanking,0.667,0
pay_07961,cust_1957,3197.86,insufficient_funds,0,5,6,547,1.27,card,0.455,1
pay_07962,cust_1034,9222.3,invalid_card,0,1,5,971,3.39,netbanking,0.167,0
pay_07963,cust_1990,2473.36,expired_card,0,3,0,188,4.77,card,1.0,0
pay_07964,cust_2399,4930.54,expired_card,1,16,7,919,2.31,card,0.696,1
pay_07965,cust_1003,235.96,insufficient_funds,1,5,7,883,2.81,card,0.417,0
pay_07966,cust_1444,836.15,invalid_card,1,12,2,319,0.2,card,0.857,1
pay_07967,cust_0693,8779.28,bank_timeout,3,4,4,633,1.65,upi,0.5,1
pay_07968,cust_2064,215.66,bank_timeout,0,10,4,150,1.24,card,0.714,1
pay_07969,cust_0823,352.84,bank_timeout,2,18,1,809,1.87,upi,0.947,1
pay_07970,cust_2034,2427.0,expired_card,2,20,3,533,2.04,upi,0.87,0
pay_07971,cust_0249,736.4,bank_timeout,3,12,5,382,2.16,card,0.706,1
pay_07972,cust_0746,1376.24,insufficient_funds,1,8,8,495,3.16,card,0.5,0
pay_07973,cust_0811,3256.33,insufficient_funds,3,18,1,492,4.5,card,0.947,1
pay_07974,cust_1142,229.03,expired_card,3,6,1,320,3.33,netbanking,0.857,0
pay_07975,cust_1748,1507.63,bank_timeout,2,20,3,41,3.34,card,0.87,0
pay_07976,cust_0324,1127.58,authentication_failed,2,4,7,498,3.37,card,0.364,1
pay_07977,cust_2237,1976.18,expired_card,1,5,4,319,3.08,card,0.556,0
pay_07978,cust_2143,744.84,expired_card,3,9,4,898,2.58,upi,0.692,0
pay_07979,cust_1786,797.18,invalid_card,1,1,5,491,3.7,upi,0.167,0
pay_07980,cust_0071,443.61,insufficient_funds,3,16,1,419,0.67,card,0.941,0
pay_07981,cust_0422,768.45,authentication_failed,0,3,7,553,1.93,netbanking,0.3,1
pay_07982,cust_1735,314.06,bank_timeout,0,7,3,733,0.95,card,0.7,0
pay_07983,cust_0467,444.03,bank_timeout,2,17,5,820,3.41,card,0.773,0
pay_07984,cust_1601,7082.81,invalid_card,3,9,6,492,0.51,upi,0.6,0
pay_07985,cust_2323,629.79,expired_card,1,15,0,848,0.29,card,1.0,1
pay_07986,cust_0436,8564.03,invalid_card,2,13,2,601,1.57,upi,0.867,0
pay_07987,cust_0162,692.44,authentication_failed,3,14,5,732,4.12,upi,0.737,1
pay_07988,cust_2035,254.73,invalid_card,0,9,1,598,3.07,netbanking,0.9,1
pay_07989,cust_0412,546.6,authentication_failed,1,7,1,349,4.69,netbanking,0.875,0
pay_07990,cust_0017,9270.35,insufficient_funds,1,0,6,469,3.62,card,0.0,0
pay_07991,cust_1838,221.3,expired_card,3,14,6,403,4.11,netbanking,0.7,1
pay_07992,cust_0150,718.12,invalid_card,2,15,4,598,1.29,netbanking,0.789,0
pay_07993,cust_0520,1843.67,invalid_card,1,10,1,147,3.24,card,0.909,0
pay_07994,cust_2100,1341.32,expired_card,0,19,5,719,4.35,netbanking,0.792,1
pay_07995,cust_0739,462.11,expired_card,3,13,7,542,4.75,card,0.65,0
pay_07996,cust_0609,678.25,invalid_card,1,7,5,111,3.36,upi,0.583,0
pay_07997,cust_2428,8385.84,authentication_failed,2,2,4,707,1.88,upi,0.333,1
pay_07998,cust_2053,4509.95,invalid_card,3,0,8,864,2.13,upi,0.0,0
pay_07999,cust_1727,2151.84,authentication_failed,3,8,2,174,1.22,upi,0.8,0
pay_08000,cust_1236,934.93,bank_timeout,0,6,7,165,2.45,upi,0.462,1
